[dotenv@17.2.3] injecting env (7) from .env.local -- tip: ⚙️  override existing env vars with { override: true }
🚀 USDA FoodData Central Ingestion
   Dataset: branded
   Batch size: 500
   Max consecutive errors: 3

======================================================================
📦 Ingesting: BRANDED
   Path: /Users/rashadtyler/Raire Label Dropbox/Raire Label Company Files/_Projects/_Fine Diet/__Website-App/fine-diet-platform/data/usa_fdc/FoodData_Central_branded_food_csv_2025-12-18
   Source type: branded
   Confidence: medium
   Memory mode: streaming (low memory)
   Batch size: 500
   Max consecutive errors: 3
   Since fdc_id: 349224
======================================================================

🔍 Verifying checkpoint integrity...
   Checkpoint fdc_id:  349224 (349,224)
   CSV max fdc_id:     2,747,651
   CSV row count:      1,993,975
   ✓ Checkpoint is valid (resuming from 349224)

   📍 Resuming from fdc_id: 349224

📚 Building lookup maps...
   ℹ️  Large dataset: nutrients will be streamed per-batch
   Loading branded_food.csv...
      Loaded 0.5M rows...
      Loaded 1.0M rows...
      Loaded 1.5M rows...
   ✓ Loaded 1,993,975 branded food records

🍎 Processing foods...
   📊 500 foods (13/s) | I:500 U:0 S:0 P:0 E:0 | fdc:1106405 ckpt:1106405
   📊 1,000 foods (13/s) | I:1000 U:0 S:0 P:0 E:0 | fdc:1106911 ckpt:1106911
   📊 1,500 foods (13/s) | I:1500 U:0 S:0 P:0 E:0 | fdc:1107418 ckpt:1107418
   📊 2,000 foods (13/s) | I:2000 U:0 S:0 P:0 E:0 | fdc:1107922 ckpt:1107922
   📊 2,500 foods (13/s) | I:2500 U:0 S:0 P:0 E:0 | fdc:1108427 ckpt:1108427
   📊 3,000 foods (13/s) | I:3000 U:0 S:0 P:0 E:0 | fdc:1108931 ckpt:1108931
   📊 3,500 foods (13/s) | I:3500 U:0 S:0 P:0 E:0 | fdc:1109438 ckpt:1109438
   📊 4,000 foods (13/s) | I:4000 U:0 S:0 P:0 E:0 | fdc:1109940 ckpt:1109940
   📊 4,500 foods (13/s) | I:4500 U:0 S:0 P:0 E:0 | fdc:1110458 ckpt:1110458
   📊 5,000 foods (13/s) | I:5000 U:0 S:0 P:0 E:0 | fdc:1110961 ckpt:1110961
   📊 5,500 foods (13/s) | I:5500 U:0 S:0 P:0 E:0 | fdc:1111461 ckpt:1111461
   📊 6,000 foods (13/s) | I:6000 U:0 S:0 P:0 E:0 | fdc:1111961 ckpt:1111961
   📊 6,500 foods (13/s) | I:6500 U:0 S:0 P:0 E:0 | fdc:1112464 ckpt:1112464
   📊 7,000 foods (13/s) | I:7000 U:0 S:0 P:0 E:0 | fdc:1112965 ckpt:1112965
   📊 7,500 foods (13/s) | I:7500 U:0 S:0 P:0 E:0 | fdc:1113466 ckpt:1113466
   📊 8,000 foods (13/s) | I:8000 U:0 S:0 P:0 E:0 | fdc:1113968 ckpt:1113968
   📊 8,500 foods (13/s) | I:8500 U:0 S:0 P:0 E:0 | fdc:1114475 ckpt:1114475
   📊 9,000 foods (13/s) | I:9000 U:0 S:0 P:0 E:0 | fdc:1114975 ckpt:1114975
   📊 9,500 foods (13/s) | I:9500 U:0 S:0 P:0 E:0 | fdc:1115540 ckpt:1115540
   📊 10,000 foods (14/s) | I:10000 U:0 S:0 P:0 E:0 | fdc:1116090 ckpt:1116090
   📊 10,500 foods (14/s) | I:10500 U:0 S:0 P:0 E:0 | fdc:1116603 ckpt:1116603
   📊 11,000 foods (14/s) | I:11000 U:0 S:0 P:0 E:0 | fdc:1117112 ckpt:1117112
   📊 11,500 foods (14/s) | I:11500 U:0 S:0 P:0 E:0 | fdc:1117938 ckpt:1117938
   📊 12,000 foods (14/s) | I:12000 U:0 S:0 P:0 E:0 | fdc:1118480 ckpt:1118480
   📊 12,500 foods (14/s) | I:12500 U:0 S:0 P:0 E:0 | fdc:1119028 ckpt:1119028
   📊 13,000 foods (14/s) | I:13000 U:0 S:0 P:0 E:0 | fdc:1119539 ckpt:1119539
   📊 13,500 foods (14/s) | I:13500 U:0 S:0 P:0 E:0 | fdc:1120093 ckpt:1120093
   📊 14,000 foods (14/s) | I:14000 U:0 S:0 P:0 E:0 | fdc:1120603 ckpt:1120603
   📊 14,500 foods (14/s) | I:14500 U:0 S:0 P:0 E:0 | fdc:1121111 ckpt:1121111
   📊 15,000 foods (14/s) | I:15000 U:0 S:0 P:0 E:0 | fdc:1121619 ckpt:1121619
   📊 15,500 foods (14/s) | I:15500 U:0 S:0 P:0 E:0 | fdc:1122127 ckpt:1122127
   📊 16,000 foods (14/s) | I:16000 U:0 S:0 P:0 E:0 | fdc:1122634 ckpt:1122634
   📊 16,500 foods (14/s) | I:16500 U:0 S:0 P:0 E:0 | fdc:1123191 ckpt:1123191
   📊 17,000 foods (14/s) | I:17000 U:0 S:0 P:0 E:0 | fdc:1123749 ckpt:1123749
   📊 17,500 foods (14/s) | I:17500 U:0 S:0 P:0 E:0 | fdc:1124254 ckpt:1124254
   📊 18,000 foods (14/s) | I:18000 U:0 S:0 P:0 E:0 | fdc:1124767 ckpt:1124767
   📊 18,500 foods (14/s) | I:18500 U:0 S:0 P:0 E:0 | fdc:1125281 ckpt:1125281
   📊 19,000 foods (14/s) | I:19000 U:0 S:0 P:0 E:0 | fdc:1125787 ckpt:1125787
   📊 19,500 foods (14/s) | I:19500 U:0 S:0 P:0 E:0 | fdc:1126293 ckpt:1126293
   ⚠️  Transient error (attempt 1/6): TypeError: fetch failed
   ⏳ Retrying in 1s...
   📊 20,000 foods (14/s) | I:20000 U:0 S:0 P:0 E:0 | fdc:1126793 ckpt:1126793
   📊 20,500 foods (14/s) | I:20500 U:0 S:0 P:0 E:0 | fdc:1127294 ckpt:1127294
   📊 21,000 foods (14/s) | I:21000 U:0 S:0 P:0 E:0 | fdc:1127796 ckpt:1127796
   📊 21,500 foods (14/s) | I:21500 U:0 S:0 P:0 E:0 | fdc:1128297 ckpt:1128297
   📊 22,000 foods (14/s) | I:22000 U:0 S:0 P:0 E:0 | fdc:1128808 ckpt:1128808
   📊 22,500 foods (14/s) | I:22500 U:0 S:0 P:0 E:0 | fdc:1129309 ckpt:1129309
   📊 23,000 foods (14/s) | I:23000 U:0 S:0 P:0 E:0 | fdc:1129810 ckpt:1129810
   📊 23,500 foods (14/s) | I:23500 U:0 S:0 P:0 E:0 | fdc:1130312 ckpt:1130312
   📊 24,000 foods (14/s) | I:24000 U:0 S:0 P:0 E:0 | fdc:1130823 ckpt:1130823
   📊 24,500 foods (14/s) | I:24500 U:0 S:0 P:0 E:0 | fdc:1131327 ckpt:1131327
   📊 25,000 foods (14/s) | I:25000 U:0 S:0 P:0 E:0 | fdc:1131830 ckpt:1131830
   📊 25,500 foods (14/s) | I:25500 U:0 S:0 P:0 E:0 | fdc:1132332 ckpt:1132332
   📊 26,000 foods (14/s) | I:26000 U:0 S:0 P:0 E:0 | fdc:1132832 ckpt:1132832
   📊 26,500 foods (14/s) | I:26500 U:0 S:0 P:0 E:0 | fdc:1133332 ckpt:1133332
   📊 27,000 foods (14/s) | I:27000 U:0 S:0 P:0 E:0 | fdc:1133833 ckpt:1133833
   📊 27,500 foods (14/s) | I:27500 U:0 S:0 P:0 E:0 | fdc:1134344 ckpt:1134344
   📊 28,000 foods (14/s) | I:28000 U:0 S:0 P:0 E:0 | fdc:1134855 ckpt:1134855
   📊 28,500 foods (14/s) | I:28500 U:0 S:0 P:0 E:0 | fdc:1135355 ckpt:1135355
   📊 29,000 foods (14/s) | I:29000 U:0 S:0 P:0 E:0 | fdc:1135857 ckpt:1135857
   📊 29,500 foods (14/s) | I:29500 U:0 S:0 P:0 E:0 | fdc:1136366 ckpt:1136366
   ⚠️  UPC collision detected, falling back to row-level processing...
   📊 30,000 foods (13/s) | I:29503 U:0 S:497 P:0 E:0 | fdc:1136886 ckpt:1136886
   📊 30,500 foods (13/s) | I:30003 U:0 S:497 P:0 E:0 | fdc:1137389 ckpt:1137389
   📊 31,000 foods (13/s) | I:30503 U:0 S:497 P:0 E:0 | fdc:1137893 ckpt:1137893
   📊 31,500 foods (13/s) | I:31003 U:0 S:497 P:0 E:0 | fdc:1138395 ckpt:1138395
   📊 32,000 foods (13/s) | I:31503 U:0 S:497 P:0 E:0 | fdc:1138895 ckpt:1138895
   📊 32,500 foods (13/s) | I:32003 U:0 S:497 P:0 E:0 | fdc:1139399 ckpt:1139399
   📊 33,000 foods (13/s) | I:32503 U:0 S:497 P:0 E:0 | fdc:349345 ckpt:349345
   📊 33,500 foods (13/s) | I:33003 U:0 S:497 P:0 E:0 | fdc:349845 ckpt:349845
   📊 34,000 foods (13/s) | I:33503 U:0 S:497 P:0 E:0 | fdc:350345 ckpt:350345
   📊 34,500 foods (13/s) | I:34003 U:0 S:497 P:0 E:0 | fdc:350845 ckpt:350845
   📊 35,000 foods (13/s) | I:34503 U:0 S:497 P:0 E:0 | fdc:351345 ckpt:351345
   📊 35,500 foods (13/s) | I:35003 U:0 S:497 P:0 E:0 | fdc:351845 ckpt:351845
   📊 36,000 foods (13/s) | I:35503 U:0 S:497 P:0 E:0 | fdc:352345 ckpt:352345
   ⚠️  UPC collision detected, falling back to row-level processing...
   📊 36,500 foods (13/s) | I:35882 U:0 S:618 P:0 E:0 | fdc:352845 ckpt:352845
   ⚠️  UPC collision detected, falling back to row-level processing...
   📊 37,000 foods (12/s) | I:36003 U:0 S:997 P:0 E:0 | fdc:353345 ckpt:353345
   📊 37,500 foods (12/s) | I:36503 U:0 S:997 P:0 E:0 | fdc:353845 ckpt:353845
   📊 38,000 foods (12/s) | I:37003 U:0 S:997 P:0 E:0 | fdc:354345 ckpt:354345
   📊 38,500 foods (12/s) | I:37503 U:0 S:997 P:0 E:0 | fdc:354845 ckpt:354845
   📊 39,000 foods (12/s) | I:38003 U:0 S:997 P:0 E:0 | fdc:355345 ckpt:355345
   ⚠️  UPC collision detected, falling back to row-level processing...
   📊 39,500 foods (12/s) | I:38501 U:0 S:999 P:0 E:0 | fdc:355845 ckpt:355845
   ⚠️  UPC collision detected, falling back to row-level processing...
   📊 40,000 foods (12/s) | I:38979 U:0 S:1021 P:0 E:0 | fdc:356345 ckpt:356345
   ⚠️  UPC collision detected, falling back to row-level processing...
   📊 40,500 foods (12/s) | I:39465 U:0 S:1035 P:0 E:0 | fdc:356853 ckpt:356853
   ⚠️  UPC collision detected, falling back to row-level processing...
   📊 41,000 foods (12/s) | I:39936 U:0 S:1064 P:0 E:0 | fdc:357376 ckpt:357376
   ⚠️  UPC collision detected, falling back to row-level processing...
   📊 41,500 foods (12/s) | I:40422 U:0 S:1078 P:0 E:0 | fdc:357899 ckpt:357899
   ⚠️  UPC collision detected, falling back to row-level processing...
   📊 42,000 foods (11/s) | I:40892 U:0 S:1108 P:0 E:0 | fdc:358403 ckpt:358403
   ⚠️  UPC collision detected, falling back to row-level processing...
   📊 42,500 foods (11/s) | I:41371 U:0 S:1129 P:0 E:0 | fdc:358920 ckpt:358920
   ⚠️  UPC collision detected, falling back to row-level processing...
   📊 43,000 foods (11/s) | I:41842 U:0 S:1158 P:0 E:0 | fdc:359426 ckpt:359426
   ⚠️  UPC collision detected, falling back to row-level processing...
   📊 43,500 foods (11/s) | I:42324 U:0 S:1176 P:0 E:0 | fdc:359931 ckpt:359931
   ⚠️  UPC collision detected, falling back to row-level processing...
   📊 44,000 foods (11/s) | I:42813 U:0 S:1187 P:0 E:0 | fdc:360438 ckpt:360438
   ⚠️  UPC collision detected, falling back to row-level processing...
   📊 44,500 foods (11/s) | I:43285 U:0 S:1215 P:0 E:0 | fdc:360951 ckpt:360951
   ⚠️  UPC collision detected, falling back to row-level processing...
   📊 45,000 foods (11/s) | I:43758 U:0 S:1242 P:0 E:0 | fdc:361455 ckpt:361455
   ⚠️  UPC collision detected, falling back to row-level processing...
   📊 45,500 foods (10/s) | I:44208 U:0 S:1292 P:0 E:0 | fdc:361959 ckpt:361959
   ⚠️  UPC collision detected, falling back to row-level processing...
   📊 46,000 foods (10/s) | I:44671 U:0 S:1329 P:0 E:0 | fdc:362461 ckpt:362461
   ⚠️  UPC collision detected, falling back to row-level processing...
   📊 46,500 foods (10/s) | I:45140 U:0 S:1360 P:0 E:0 | fdc:362962 ckpt:362962
   ⚠️  UPC collision detected, falling back to row-level processing...
   📊 47,000 foods (10/s) | I:45604 U:0 S:1396 P:0 E:0 | fdc:363462 ckpt:363462
   ⚠️  UPC collision detected, falling back to row-level processing...
   📊 47,500 foods (10/s) | I:46072 U:0 S:1428 P:0 E:0 | fdc:363962 ckpt:363962
   ⚠️  UPC collision detected, falling back to row-level processing...
   📊 48,000 foods (10/s) | I:46542 U:0 S:1458 P:0 E:0 | fdc:364464 ckpt:364464
   ⚠️  UPC collision detected, falling back to row-level processing...
   📊 48,500 foods (10/s) | I:47016 U:0 S:1484 P:0 E:0 | fdc:364965 ckpt:364965
   ⚠️  UPC collision detected, falling back to row-level processing...
   📊 49,000 foods (10/s) | I:47490 U:0 S:1510 P:0 E:0 | fdc:365465 ckpt:365465
   ⚠️  UPC collision detected, falling back to row-level processing...
   📊 49,500 foods (10/s) | I:47964 U:0 S:1536 P:0 E:0 | fdc:365972 ckpt:365972
   ⚠️  UPC collision detected, falling back to row-level processing...
   📊 50,000 foods (10/s) | I:48426 U:0 S:1574 P:0 E:0 | fdc:366481 ckpt:366481
   ⚠️  UPC collision detected, falling back to row-level processing...
   📊 50,500 foods (10/s) | I:48908 U:0 S:1592 P:0 E:0 | fdc:366984 ckpt:366984
   ⚠️  UPC collision detected, falling back to row-level processing...
   📊 51,000 foods (9/s) | I:49381 U:0 S:1619 P:0 E:0 | fdc:367488 ckpt:367488
   ⚠️  UPC collision detected, falling back to row-level processing...
   📊 51,500 foods (9/s) | I:49851 U:0 S:1649 P:0 E:0 | fdc:367994 ckpt:367994
   ⚠️  UPC collision detected, falling back to row-level processing...
   📊 52,000 foods (9/s) | I:50324 U:0 S:1676 P:0 E:0 | fdc:368496 ckpt:368496
   ⚠️  UPC collision detected, falling back to row-level processing...
   📊 52,500 foods (9/s) | I:50771 U:0 S:1729 P:0 E:0 | fdc:368998 ckpt:368998
   ⚠️  UPC collision detected, falling back to row-level processing...
   📊 53,000 foods (9/s) | I:51241 U:0 S:1759 P:0 E:0 | fdc:369499 ckpt:369499
   ⚠️  UPC collision detected, falling back to row-level processing...
   📊 53,500 foods (9/s) | I:51703 U:0 S:1797 P:0 E:0 | fdc:370003 ckpt:370003
   ⚠️  UPC collision detected, falling back to row-level processing...
   📊 54,000 foods (9/s) | I:52182 U:0 S:1818 P:0 E:0 | fdc:370505 ckpt:370505
   ⚠️  UPC collision detected, falling back to row-level processing...
   📊 54,500 foods (9/s) | I:52666 U:0 S:1834 P:0 E:0 | fdc:371006 ckpt:371006
   ⚠️  UPC collision detected, falling back to row-level processing...
   📊 55,000 foods (9/s) | I:53128 U:0 S:1872 P:0 E:0 | fdc:371506 ckpt:371506
   ⚠️  UPC collision detected, falling back to row-level processing...
   📊 55,500 foods (9/s) | I:53599 U:0 S:1901 P:0 E:0 | fdc:372006 ckpt:372006
   ⚠️  UPC collision detected, falling back to row-level processing...
   📊 56,000 foods (9/s) | I:54063 U:0 S:1937 P:0 E:0 | fdc:372508 ckpt:372508
   ⚠️  UPC collision detected, falling back to row-level processing...
   📊 56,500 foods (9/s) | I:54533 U:0 S:1967 P:0 E:0 | fdc:373027 ckpt:373027
   ⚠️  Transient error (attempt 1/6): TypeError: fetch failed
   ⏳ Retrying in 1s...
   ⚠️  UPC collision detected, falling back to row-level processing...
   📊 57,000 foods (9/s) | I:54991 U:0 S:2009 P:0 E:0 | fdc:373553 ckpt:373553
   ⚠️  UPC collision detected, falling back to row-level processing...
   📊 57,500 foods (9/s) | I:55462 U:0 S:2038 P:0 E:0 | fdc:374056 ckpt:374056
   ⚠️  UPC collision detected, falling back to row-level processing...
   📊 58,000 foods (9/s) | I:55912 U:0 S:2088 P:0 E:0 | fdc:374557 ckpt:374557
   ⚠️  UPC collision detected, falling back to row-level processing...
   📊 58,500 foods (9/s) | I:56372 U:0 S:2128 P:0 E:0 | fdc:375058 ckpt:375058
   ⚠️  UPC collision detected, falling back to row-level processing...
   📊 59,000 foods (9/s) | I:56822 U:0 S:2178 P:0 E:0 | fdc:375558 ckpt:375558
   ⚠️  UPC collision detected, falling back to row-level processing...
   📊 59,500 foods (8/s) | I:57287 U:0 S:2213 P:0 E:0 | fdc:376066 ckpt:376066
   ⚠️  UPC collision detected, falling back to row-level processing...
   📊 60,000 foods (8/s) | I:57741 U:0 S:2259 P:0 E:0 | fdc:376568 ckpt:376568
   ⚠️  UPC collision detected, falling back to row-level processing...
   📊 60,500 foods (8/s) | I:58207 U:0 S:2293 P:0 E:0 | fdc:377073 ckpt:377073
   ⚠️  UPC collision detected, falling back to row-level processing...
   📊 61,000 foods (8/s) | I:58645 U:0 S:2355 P:0 E:0 | fdc:377577 ckpt:377577
   ⚠️  UPC collision detected, falling back to row-level processing...
   📊 61,500 foods (8/s) | I:59110 U:0 S:2390 P:0 E:0 | fdc:378081 ckpt:378081
   ⚠️  UPC collision detected, falling back to row-level processing...
   📊 62,000 foods (8/s) | I:59603 U:0 S:2397 P:0 E:0 | fdc:378581 ckpt:378581
   ⚠️  UPC collision detected, falling back to row-level processing...
   📊 62,500 foods (8/s) | I:60070 U:0 S:2430 P:0 E:0 | fdc:379084 ckpt:379084
   ⚠️  UPC collision detected, falling back to row-level processing...
   📊 63,000 foods (8/s) | I:60549 U:0 S:2451 P:0 E:0 | fdc:379587 ckpt:379587
   ⚠️  UPC collision detected, falling back to row-level processing...
   📊 63,500 foods (8/s) | I:61024 U:0 S:2476 P:0 E:0 | fdc:380087 ckpt:380087
   ⚠️  UPC collision detected, falling back to row-level processing...
   📊 64,000 foods (8/s) | I:61487 U:0 S:2513 P:0 E:0 | fdc:380590 ckpt:380590
   ⚠️  UPC collision detected, falling back to row-level processing...
   📊 64,500 foods (8/s) | I:61976 U:0 S:2524 P:0 E:0 | fdc:381098 ckpt:381098
   ⚠️  UPC collision detected, falling back to row-level processing...
   📊 65,000 foods (8/s) | I:62456 U:0 S:2544 P:0 E:0 | fdc:381602 ckpt:381602
   ⚠️  UPC collision detected, falling back to row-level processing...
   📊 65,500 foods (8/s) | I:62942 U:0 S:2558 P:0 E:0 | fdc:382103 ckpt:382103
   ⚠️  UPC collision detected, falling back to row-level processing...
   📊 66,000 foods (8/s) | I:63385 U:0 S:2615 P:0 E:0 | fdc:382607 ckpt:382607
   ⚠️  UPC collision detected, falling back to row-level processing...
   📊 66,500 foods (8/s) | I:63843 U:0 S:2657 P:0 E:0 | fdc:383118 ckpt:383118
   ⚠️  UPC collision detected, falling back to row-level processing...
   📊 67,000 foods (8/s) | I:64298 U:0 S:2702 P:0 E:0 | fdc:383625 ckpt:383625
   ⚠️  UPC collision detected, falling back to row-level processing...
   📊 67,500 foods (8/s) | I:64723 U:0 S:2777 P:0 E:0 | fdc:384127 ckpt:384127
   ⚠️  UPC collision detected, falling back to row-level processing...
   📊 68,000 foods (8/s) | I:65168 U:0 S:2832 P:0 E:0 | fdc:384628 ckpt:384628
   ⚠️  UPC collision detected, falling back to row-level processing...
   📊 68,500 foods (8/s) | I:65635 U:0 S:2865 P:0 E:0 | fdc:385130 ckpt:385130
   ⚠️  UPC collision detected, falling back to row-level processing...
   📊 69,000 foods (8/s) | I:66099 U:0 S:2901 P:0 E:0 | fdc:385633 ckpt:385633
   ⚠️  UPC collision detected, falling back to row-level processing...
   📊 69,500 foods (8/s) | I:66556 U:0 S:2944 P:0 E:0 | fdc:386133 ckpt:386133
   ⚠️  UPC collision detected, falling back to row-level processing...
   📊 70,000 foods (8/s) | I:67009 U:0 S:2991 P:0 E:0 | fdc:386636 ckpt:386636
   ⚠️  UPC collision detected, falling back to row-level processing...
   📊 70,500 foods (8/s) | I:67475 U:0 S:3025 P:0 E:0 | fdc:387138 ckpt:387138
   ⚠️  UPC collision detected, falling back to row-level processing...
   📊 71,000 foods (8/s) | I:67931 U:0 S:3069 P:0 E:0 | fdc:387638 ckpt:387638
   ⚠️  UPC collision detected, falling back to row-level processing...
   📊 71,500 foods (8/s) | I:68402 U:0 S:3098 P:0 E:0 | fdc:388140 ckpt:388140
   ⚠️  UPC collision detected, falling back to row-level processing...
   📊 72,000 foods (8/s) | I:68876 U:0 S:3124 P:0 E:0 | fdc:388640 ckpt:388640
   ⚠️  UPC collision detected, falling back to row-level processing...
   📊 72,500 foods (8/s) | I:69320 U:0 S:3180 P:0 E:0 | fdc:389141 ckpt:389141
   ⚠️  UPC collision detected, falling back to row-level processing...
   📊 73,000 foods (8/s) | I:69746 U:0 S:3254 P:0 E:0 | fdc:389641 ckpt:389641
   ⚠️  UPC collision detected, falling back to row-level processing...
   📊 73,500 foods (8/s) | I:70223 U:0 S:3277 P:0 E:0 | fdc:390141 ckpt:390141
   ⚠️  UPC collision detected, falling back to row-level processing...
   📊 74,000 foods (8/s) | I:70684 U:0 S:3316 P:0 E:0 | fdc:390642 ckpt:390642
   ⚠️  UPC collision detected, falling back to row-level processing...
   📊 74,500 foods (8/s) | I:71122 U:0 S:3378 P:0 E:0 | fdc:391142 ckpt:391142
   ⚠️  UPC collision detected, falling back to row-level processing...
   📊 75,000 foods (8/s) | I:71597 U:0 S:3403 P:0 E:0 | fdc:391642 ckpt:391642
   ⚠️  UPC collision detected, falling back to row-level processing...
   📊 75,500 foods (8/s) | I:72074 U:0 S:3426 P:0 E:0 | fdc:392144 ckpt:392144
   ⚠️  UPC collision detected, falling back to row-level processing...
   📊 76,000 foods (8/s) | I:72540 U:0 S:3460 P:0 E:0 | fdc:392645 ckpt:392645
   ⚠️  UPC collision detected, falling back to row-level processing...
   📊 76,500 foods (7/s) | I:73003 U:0 S:3497 P:0 E:0 | fdc:393145 ckpt:393145
   ⚠️  UPC collision detected, falling back to row-level processing...
   📊 77,000 foods (7/s) | I:73450 U:0 S:3550 P:0 E:0 | fdc:393656 ckpt:393656
   ⚠️  UPC collision detected, falling back to row-level processing...
   📊 77,500 foods (7/s) | I:73904 U:0 S:3596 P:0 E:0 | fdc:394156 ckpt:394156
   ⚠️  UPC collision detected, falling back to row-level processing...
   📊 78,000 foods (7/s) | I:74356 U:0 S:3644 P:0 E:0 | fdc:394657 ckpt:394657
   ⚠️  UPC collision detected, falling back to row-level processing...
   📊 78,500 foods (7/s) | I:74762 U:0 S:3738 P:0 E:0 | fdc:395158 ckpt:395158
   ⚠️  UPC collision detected, falling back to row-level processing...
   📊 79,000 foods (7/s) | I:75237 U:0 S:3763 P:0 E:0 | fdc:395660 ckpt:395660
   ⚠️  UPC collision detected, falling back to row-level processing...
   📊 79,500 foods (7/s) | I:75697 U:0 S:3803 P:0 E:0 | fdc:396160 ckpt:396160
   ⚠️  UPC collision detected, falling back to row-level processing...
   📊 80,000 foods (7/s) | I:76150 U:0 S:3850 P:0 E:0 | fdc:396661 ckpt:396661
   ⚠️  UPC collision detected, falling back to row-level processing...
   📊 80,500 foods (7/s) | I:76595 U:0 S:3905 P:0 E:0 | fdc:397164 ckpt:397164
   ⚠️  UPC collision detected, falling back to row-level processing...
   📊 81,000 foods (7/s) | I:77017 U:0 S:3983 P:0 E:0 | fdc:397665 ckpt:397665
   ⚠️  UPC collision detected, falling back to row-level processing...
   📊 81,500 foods (7/s) | I:77495 U:0 S:4005 P:0 E:0 | fdc:398168 ckpt:398168
   ⚠️  UPC collision detected, falling back to row-level processing...
   📊 82,000 foods (7/s) | I:77965 U:0 S:4035 P:0 E:0 | fdc:398671 ckpt:398671
   ⚠️  UPC collision detected, falling back to row-level processing...
   📊 82,500 foods (7/s) | I:78444 U:0 S:4056 P:0 E:0 | fdc:399171 ckpt:399171
   ⚠️  UPC collision detected, falling back to row-level processing...
   📊 83,000 foods (7/s) | I:78874 U:0 S:4126 P:0 E:0 | fdc:399674 ckpt:399674
   ⚠️  UPC collision detected, falling back to row-level processing...
   📊 83,500 foods (7/s) | I:79353 U:0 S:4147 P:0 E:0 | fdc:400175 ckpt:400175
   ⚠️  UPC collision detected, falling back to row-level processing...
   📊 84,000 foods (7/s) | I:79829 U:0 S:4171 P:0 E:0 | fdc:400675 ckpt:400675
   ⚠️  UPC collision detected, falling back to row-level processing...
   📊 84,500 foods (7/s) | I:80297 U:0 S:4203 P:0 E:0 | fdc:401176 ckpt:401176
   ⚠️  UPC collision detected, falling back to row-level processing...
   📊 85,000 foods (7/s) | I:80758 U:0 S:4242 P:0 E:0 | fdc:401676 ckpt:401676
   ⚠️  UPC collision detected, falling back to row-level processing...
   📊 85,500 foods (7/s) | I:81234 U:0 S:4266 P:0 E:0 | fdc:402176 ckpt:402176
   ⚠️  UPC collision detected, falling back to row-level processing...
   📊 86,000 foods (7/s) | I:81717 U:0 S:4283 P:0 E:0 | fdc:402676 ckpt:402676
   ⚠️  UPC collision detected, falling back to row-level processing...
   📊 86,500 foods (7/s) | I:82205 U:0 S:4295 P:0 E:0 | fdc:403178 ckpt:403178
   ⚠️  UPC collision detected, falling back to row-level processing...
   📊 87,000 foods (7/s) | I:82695 U:0 S:4305 P:0 E:0 | fdc:403678 ckpt:403678
   ⚠️  UPC collision detected, falling back to row-level processing...
   📊 87,500 foods (7/s) | I:83086 U:0 S:4414 P:0 E:0 | fdc:404178 ckpt:404178
   ⚠️  UPC collision detected, falling back to row-level processing...
   📊 88,000 foods (7/s) | I:83528 U:0 S:4472 P:0 E:0 | fdc:404678 ckpt:404678
   ⚠️  UPC collision detected, falling back to row-level processing...
   📊 88,500 foods (7/s) | I:83995 U:0 S:4505 P:0 E:0 | fdc:405180 ckpt:405180
   ⚠️  UPC collision detected, falling back to row-level processing...
   📊 89,000 foods (7/s) | I:84432 U:0 S:4568 P:0 E:0 | fdc:405680 ckpt:405680
   ⚠️  UPC collision detected, falling back to row-level processing...
   📊 89,500 foods (7/s) | I:84903 U:0 S:4597 P:0 E:0 | fdc:406181 ckpt:406181
   ⚠️  UPC collision detected, falling back to row-level processing...
   📊 90,000 foods (7/s) | I:85358 U:0 S:4642 P:0 E:0 | fdc:406682 ckpt:406682
   ⚠️  UPC collision detected, falling back to row-level processing...
   📊 90,500 foods (7/s) | I:85813 U:0 S:4687 P:0 E:0 | fdc:407182 ckpt:407182
   ⚠️  UPC collision detected, falling back to row-level processing...
   📊 91,000 foods (7/s) | I:86271 U:0 S:4729 P:0 E:0 | fdc:407691 ckpt:407691
   ⚠️  UPC collision detected, falling back to row-level processing...
   📊 91,500 foods (7/s) | I:86731 U:0 S:4769 P:0 E:0 | fdc:408191 ckpt:408191
   ⚠️  UPC collision detected, falling back to row-level processing...
   📊 92,000 foods (7/s) | I:87207 U:0 S:4793 P:0 E:0 | fdc:408707 ckpt:408707
   ⚠️  UPC collision detected, falling back to row-level processing...
   📊 92,500 foods (7/s) | I:87626 U:0 S:4874 P:0 E:0 | fdc:409217 ckpt:409217
   ⚠️  UPC collision detected, falling back to row-level processing...
   📊 93,000 foods (7/s) | I:88065 U:0 S:4935 P:0 E:0 | fdc:409725 ckpt:409725
   ⚠️  UPC collision detected, falling back to row-level processing...
   📊 93,500 foods (7/s) | I:88523 U:0 S:4977 P:0 E:0 | fdc:410225 ckpt:410225
   ⚠️  UPC collision detected, falling back to row-level processing...
   📊 94,000 foods (7/s) | I:88923 U:0 S:5077 P:0 E:0 | fdc:410728 ckpt:410728
   ⚠️  UPC collision detected, falling back to row-level processing...
   📊 94,500 foods (7/s) | I:89349 U:0 S:5151 P:0 E:0 | fdc:411229 ckpt:411229
   ⚠️  UPC collision detected, falling back to row-level processing...
   📊 95,000 foods (7/s) | I:89817 U:0 S:5183 P:0 E:0 | fdc:411738 ckpt:411738
   ⚠️  UPC collision detected, falling back to row-level processing...
   📊 95,500 foods (7/s) | I:90276 U:0 S:5224 P:0 E:0 | fdc:412243 ckpt:412243
   ⚠️  UPC collision detected, falling back to row-level processing...
   📊 96,000 foods (7/s) | I:90748 U:0 S:5252 P:0 E:0 | fdc:412743 ckpt:412743
   ⚠️  UPC collision detected, falling back to row-level processing...
   📊 96,500 foods (7/s) | I:91217 U:0 S:5283 P:0 E:0 | fdc:413245 ckpt:413245
   ⚠️  UPC collision detected, falling back to row-level processing...
   📊 97,000 foods (7/s) | I:91667 U:0 S:5333 P:0 E:0 | fdc:413746 ckpt:413746
   ⚠️  UPC collision detected, falling back to row-level processing...
   📊 97,500 foods (7/s) | I:92106 U:0 S:5394 P:0 E:0 | fdc:414248 ckpt:414248
   ⚠️  UPC collision detected, falling back to row-level processing...
   📊 98,000 foods (7/s) | I:92576 U:0 S:5424 P:0 E:0 | fdc:414752 ckpt:414752
   ⚠️  UPC collision detected, falling back to row-level processing...
   📊 98,500 foods (7/s) | I:93035 U:0 S:5465 P:0 E:0 | fdc:415255 ckpt:415255
   ⚠️  UPC collision detected, falling back to row-level processing...
   📊 99,000 foods (7/s) | I:93523 U:0 S:5477 P:0 E:0 | fdc:415757 ckpt:415757
   ⚠️  UPC collision detected, falling back to row-level processing...
   📊 99,500 foods (7/s) | I:94006 U:0 S:5494 P:0 E:0 | fdc:416265 ckpt:416265
   ⚠️  UPC collision detected, falling back to row-level processing...
   📊 100,000 foods (7/s) | I:94487 U:0 S:5513 P:0 E:0 | fdc:416767 ckpt:416767
   ⚠️  UPC collision detected, falling back to row-level processing...
   📊 100,500 foods (7/s) | I:94965 U:0 S:5535 P:0 E:0 | fdc:417267 ckpt:417267
   ⚠️  UPC collision detected, falling back to row-level processing...
   📊 101,000 foods (7/s) | I:95453 U:0 S:5547 P:0 E:0 | fdc:417767 ckpt:417767
   ⚠️  UPC collision detected, falling back to row-level processing...
   📊 101,500 foods (7/s) | I:95934 U:0 S:5566 P:0 E:0 | fdc:418267 ckpt:418267
   ⚠️  UPC collision detected, falling back to row-level processing...
   📊 102,000 foods (7/s) | I:96422 U:0 S:5578 P:0 E:0 | fdc:418768 ckpt:418768
   ⚠️  Transient error (attempt 1/6): TypeError: fetch failed
   ⏳ Retrying in 1s...
   ⚠️  UPC collision detected, falling back to row-level processing...
   📊 102,500 foods (7/s) | I:96908 U:0 S:5592 P:0 E:0 | fdc:419277 ckpt:419277
   ⚠️  Transient error (attempt 1/6): TypeError: fetch failed
   ⏳ Retrying in 1s...
   ⚠️  Transient error (attempt 2/6): TypeError: fetch failed
   ⏳ Retrying in 2s...
   ⚠️  UPC collision detected, falling back to row-level processing...
   📊 103,000 foods (7/s) | I:97403 U:0 S:5597 P:0 E:0 | fdc:419777 ckpt:419777
   ⚠️  UPC collision detected, falling back to row-level processing...
   📊 103,500 foods (7/s) | I:97882 U:0 S:5618 P:0 E:0 | fdc:420278 ckpt:420278
   ⚠️  UPC collision detected, falling back to row-level processing...
   📊 104,000 foods (7/s) | I:98357 U:0 S:5643 P:0 E:0 | fdc:420779 ckpt:420779
   ⚠️  UPC collision detected, falling back to row-level processing...
   📊 104,500 foods (7/s) | I:98832 U:0 S:5668 P:0 E:0 | fdc:421279 ckpt:421279
   ⚠️  UPC collision detected, falling back to row-level processing...
   📊 105,000 foods (7/s) | I:99322 U:0 S:5678 P:0 E:0 | fdc:421779 ckpt:421779
   ⚠️  UPC collision detected, falling back to row-level processing...
   📊 105,500 foods (7/s) | I:99814 U:0 S:5686 P:0 E:0 | fdc:422279 ckpt:422279
   ⚠️  UPC collision detected, falling back to row-level processing...
   📊 106,000 foods (7/s) | I:100296 U:0 S:5704 P:0 E:0 | fdc:422780 ckpt:422780
   ⚠️  UPC collision detected, falling back to row-level processing...
   📊 106,500 foods (7/s) | I:100778 U:0 S:5722 P:0 E:0 | fdc:423285 ckpt:423285
   ⚠️  UPC collision detected, falling back to row-level processing...
   📊 107,000 foods (7/s) | I:101256 U:0 S:5744 P:0 E:0 | fdc:423785 ckpt:423785
   ⚠️  UPC collision detected, falling back to row-level processing...
   📊 107,500 foods (7/s) | I:101741 U:0 S:5759 P:0 E:0 | fdc:424286 ckpt:424286
   ⚠️  UPC collision detected, falling back to row-level processing...
   📊 108,000 foods (7/s) | I:102225 U:0 S:5775 P:0 E:0 | fdc:424786 ckpt:424786
   ⚠️  UPC collision detected, falling back to row-level processing...
   📊 108,500 foods (7/s) | I:102707 U:0 S:5793 P:0 E:0 | fdc:425286 ckpt:425286
   ⚠️  UPC collision detected, falling back to row-level processing...
   📊 109,000 foods (7/s) | I:103190 U:0 S:5810 P:0 E:0 | fdc:425788 ckpt:425788
   ⚠️  UPC collision detected, falling back to row-level processing...
   📊 109,500 foods (7/s) | I:103673 U:0 S:5827 P:0 E:0 | fdc:426301 ckpt:426301
   ⚠️  UPC collision detected, falling back to row-level processing...
   📊 110,000 foods (7/s) | I:104154 U:0 S:5846 P:0 E:0 | fdc:426803 ckpt:426803
   ⚠️  UPC collision detected, falling back to row-level processing...
   📊 110,500 foods (7/s) | I:104639 U:0 S:5861 P:0 E:0 | fdc:427305 ckpt:427305
   ⚠️  UPC collision detected, falling back to row-level processing...
   📊 111,000 foods (7/s) | I:105123 U:0 S:5877 P:0 E:0 | fdc:427807 ckpt:427807
   ⚠️  UPC collision detected, falling back to row-level processing...
   📊 111,500 foods (7/s) | I:105601 U:0 S:5899 P:0 E:0 | fdc:428307 ckpt:428307
   ⚠️  UPC collision detected, falling back to row-level processing...
   📊 112,000 foods (7/s) | I:106086 U:0 S:5914 P:0 E:0 | fdc:428807 ckpt:428807
   ⚠️  UPC collision detected, falling back to row-level processing...
   📊 112,500 foods (7/s) | I:106576 U:0 S:5924 P:0 E:0 | fdc:429307 ckpt:429307
   ⚠️  UPC collision detected, falling back to row-level processing...
   📊 113,000 foods (7/s) | I:107065 U:0 S:5935 P:0 E:0 | fdc:429807 ckpt:429807
   ⚠️  UPC collision detected, falling back to row-level processing...
   📊 113,500 foods (7/s) | I:107557 U:0 S:5943 P:0 E:0 | fdc:430307 ckpt:430307
   ⚠️  UPC collision detected, falling back to row-level processing...
   📊 114,000 foods (7/s) | I:108053 U:0 S:5947 P:0 E:0 | fdc:430807 ckpt:430807
   ⚠️  UPC collision detected, falling back to row-level processing...
   📊 114,500 foods (7/s) | I:108539 U:0 S:5961 P:0 E:0 | fdc:431308 ckpt:431308
   ⚠️  UPC collision detected, falling back to row-level processing...
   📊 115,000 foods (7/s) | I:109028 U:0 S:5972 P:0 E:0 | fdc:431810 ckpt:431810
   ⚠️  UPC collision detected, falling back to row-level processing...
   📊 115,500 foods (7/s) | I:109520 U:0 S:5980 P:0 E:0 | fdc:432310 ckpt:432310
   ⚠️  UPC collision detected, falling back to row-level processing...
   📊 116,000 foods (6/s) | I:110003 U:0 S:5997 P:0 E:0 | fdc:432810 ckpt:432810
   ⚠️  UPC collision detected, falling back to row-level processing...
   📊 116,500 foods (6/s) | I:110492 U:0 S:6008 P:0 E:0 | fdc:433380 ckpt:433380
   ⚠️  UPC collision detected, falling back to row-level processing...
   📊 117,000 foods (6/s) | I:110979 U:0 S:6021 P:0 E:0 | fdc:433881 ckpt:433881
   ⚠️  UPC collision detected, falling back to row-level processing...
   📊 117,500 foods (6/s) | I:111472 U:0 S:6028 P:0 E:0 | fdc:434382 ckpt:434382
   ⚠️  UPC collision detected, falling back to row-level processing...
   📊 118,000 foods (6/s) | I:111956 U:0 S:6044 P:0 E:0 | fdc:434882 ckpt:434882
   ⚠️  UPC collision detected, falling back to row-level processing...
   📊 118,500 foods (6/s) | I:112444 U:0 S:6056 P:0 E:0 | fdc:435382 ckpt:435382
   ⚠️  UPC collision detected, falling back to row-level processing...
   📊 119,000 foods (6/s) | I:112921 U:0 S:6079 P:0 E:0 | fdc:435884 ckpt:435884
   ⚠️  UPC collision detected, falling back to row-level processing...
   📊 119,500 foods (6/s) | I:113361 U:0 S:6139 P:0 E:0 | fdc:436384 ckpt:436384
   ⚠️  UPC collision detected, falling back to row-level processing...
   📊 120,000 foods (6/s) | I:113753 U:0 S:6247 P:0 E:0 | fdc:436884 ckpt:436884
   ⚠️  UPC collision detected, falling back to row-level processing...
   📊 120,500 foods (6/s) | I:114245 U:0 S:6255 P:0 E:0 | fdc:437384 ckpt:437384
   ⚠️  UPC collision detected, falling back to row-level processing...
   📊 121,000 foods (6/s) | I:114734 U:0 S:6266 P:0 E:0 | fdc:437884 ckpt:437884
   ⚠️  UPC collision detected, falling back to row-level processing...
   📊 121,500 foods (6/s) | I:115222 U:0 S:6278 P:0 E:0 | fdc:438384 ckpt:438384
   ⚠️  UPC collision detected, falling back to row-level processing...
   📊 122,000 foods (6/s) | I:115686 U:0 S:6314 P:0 E:0 | fdc:438884 ckpt:438884
   ⚠️  UPC collision detected, falling back to row-level processing...
   📊 122,500 foods (6/s) | I:116180 U:0 S:6320 P:0 E:0 | fdc:439384 ckpt:439384
   ⚠️  UPC collision detected, falling back to row-level processing...
   📊 123,000 foods (6/s) | I:116659 U:0 S:6341 P:0 E:0 | fdc:439884 ckpt:439884
   ⚠️  UPC collision detected, falling back to row-level processing...
   📊 123,500 foods (6/s) | I:117125 U:0 S:6375 P:0 E:0 | fdc:440385 ckpt:440385
   ⚠️  UPC collision detected, falling back to row-level processing...
   📊 124,000 foods (6/s) | I:117597 U:0 S:6403 P:0 E:0 | fdc:440885 ckpt:440885
   ⚠️  UPC collision detected, falling back to row-level processing...
   📊 124,500 foods (6/s) | I:118089 U:0 S:6411 P:0 E:0 | fdc:441388 ckpt:441388
   ⚠️  UPC collision detected, falling back to row-level processing...
   📊 125,000 foods (6/s) | I:118570 U:0 S:6430 P:0 E:0 | fdc:441888 ckpt:441888
   ⚠️  UPC collision detected, falling back to row-level processing...
   📊 125,500 foods (6/s) | I:119054 U:0 S:6446 P:0 E:0 | fdc:442389 ckpt:442389
   ⚠️  UPC collision detected, falling back to row-level processing...
   📊 126,000 foods (6/s) | I:119529 U:0 S:6471 P:0 E:0 | fdc:442889 ckpt:442889
   ⚠️  UPC collision detected, falling back to row-level processing...
   📊 126,500 foods (6/s) | I:119976 U:0 S:6524 P:0 E:0 | fdc:443389 ckpt:443389
   ⚠️  UPC collision detected, falling back to row-level processing...
   📊 127,000 foods (6/s) | I:120428 U:0 S:6572 P:0 E:0 | fdc:443889 ckpt:443889
   ⚠️  UPC collision detected, falling back to row-level processing...
   📊 127,500 foods (6/s) | I:120895 U:0 S:6605 P:0 E:0 | fdc:444389 ckpt:444389
   ⚠️  UPC collision detected, falling back to row-level processing...
   📊 128,000 foods (6/s) | I:121385 U:0 S:6615 P:0 E:0 | fdc:444889 ckpt:444889
   ⚠️  UPC collision detected, falling back to row-level processing...
   📊 128,500 foods (6/s) | I:121870 U:0 S:6630 P:0 E:0 | fdc:445389 ckpt:445389
   ⚠️  UPC collision detected, falling back to row-level processing...
   📊 129,000 foods (6/s) | I:122355 U:0 S:6645 P:0 E:0 | fdc:445890 ckpt:445890
   ⚠️  UPC collision detected, falling back to row-level processing...
   📊 129,500 foods (6/s) | I:122838 U:0 S:6662 P:0 E:0 | fdc:446390 ckpt:446390
   ⚠️  UPC collision detected, falling back to row-level processing...
   📊 130,000 foods (6/s) | I:123333 U:0 S:6667 P:0 E:0 | fdc:446890 ckpt:446890
   ⚠️  UPC collision detected, falling back to row-level processing...
   📊 130,500 foods (6/s) | I:123797 U:0 S:6703 P:0 E:0 | fdc:447390 ckpt:447390
   ⚠️  UPC collision detected, falling back to row-level processing...
   📊 131,000 foods (6/s) | I:124264 U:0 S:6736 P:0 E:0 | fdc:447896 ckpt:447896
   ⚠️  UPC collision detected, falling back to row-level processing...
   📊 131,500 foods (6/s) | I:124749 U:0 S:6751 P:0 E:0 | fdc:448396 ckpt:448396
   ⚠️  UPC collision detected, falling back to row-level processing...
   📊 132,000 foods (6/s) | I:125236 U:0 S:6764 P:0 E:0 | fdc:448896 ckpt:448896
   ⚠️  UPC collision detected, falling back to row-level processing...
   📊 132,500 foods (6/s) | I:125712 U:0 S:6788 P:0 E:0 | fdc:449397 ckpt:449397
   ⚠️  UPC collision detected, falling back to row-level processing...
   📊 133,000 foods (6/s) | I:126189 U:0 S:6811 P:0 E:0 | fdc:449905 ckpt:449905
   ⚠️  UPC collision detected, falling back to row-level processing...
   📊 133,500 foods (6/s) | I:126631 U:0 S:6869 P:0 E:0 | fdc:450405 ckpt:450405
   ⚠️  UPC collision detected, falling back to row-level processing...
   📊 134,000 foods (6/s) | I:127121 U:0 S:6879 P:0 E:0 | fdc:450905 ckpt:450905
   ⚠️  UPC collision detected, falling back to row-level processing...
   📊 134,500 foods (6/s) | I:127611 U:0 S:6889 P:0 E:0 | fdc:451405 ckpt:451405
   ⚠️  UPC collision detected, falling back to row-level processing...
   📊 135,000 foods (6/s) | I:128087 U:0 S:6913 P:0 E:0 | fdc:451905 ckpt:451905
   ⚠️  UPC collision detected, falling back to row-level processing...
   📊 135,500 foods (6/s) | I:128569 U:0 S:6931 P:0 E:0 | fdc:452405 ckpt:452405
   ⚠️  UPC collision detected, falling back to row-level processing...
   📊 136,000 foods (6/s) | I:129056 U:0 S:6944 P:0 E:0 | fdc:452905 ckpt:452905
   ⚠️  UPC collision detected, falling back to row-level processing...
   📊 136,500 foods (6/s) | I:129534 U:0 S:6966 P:0 E:0 | fdc:453405 ckpt:453405
   ⚠️  UPC collision detected, falling back to row-level processing...
   📊 137,000 foods (6/s) | I:130020 U:0 S:6980 P:0 E:0 | fdc:453905 ckpt:453905
   ⚠️  UPC collision detected, falling back to row-level processing...
   📊 137,500 foods (6/s) | I:130502 U:0 S:6998 P:0 E:0 | fdc:454405 ckpt:454405
   ⚠️  UPC collision detected, falling back to row-level processing...
   📊 138,000 foods (6/s) | I:130991 U:0 S:7009 P:0 E:0 | fdc:454905 ckpt:454905
   ⚠️  UPC collision detected, falling back to row-level processing...
   📊 138,500 foods (6/s) | I:131462 U:0 S:7038 P:0 E:0 | fdc:455405 ckpt:455405
   ⚠️  UPC collision detected, falling back to row-level processing...
   📊 139,000 foods (6/s) | I:131937 U:0 S:7063 P:0 E:0 | fdc:455905 ckpt:455905
   ⚠️  UPC collision detected, falling back to row-level processing...
   📊 139,500 foods (6/s) | I:132402 U:0 S:7098 P:0 E:0 | fdc:456406 ckpt:456406
   ⚠️  UPC collision detected, falling back to row-level processing...
   📊 140,000 foods (6/s) | I:132879 U:0 S:7121 P:0 E:0 | fdc:456906 ckpt:456906
   ⚠️  UPC collision detected, falling back to row-level processing...
   📊 140,500 foods (6/s) | I:133372 U:0 S:7128 P:0 E:0 | fdc:457406 ckpt:457406
   ⚠️  UPC collision detected, falling back to row-level processing...
   📊 141,000 foods (6/s) | I:133855 U:0 S:7145 P:0 E:0 | fdc:457906 ckpt:457906
   ⚠️  Transient error (attempt 1/6): TypeError: fetch failed
   ⏳ Retrying in 1s...
   ⚠️  UPC collision detected, falling back to row-level processing...
   📊 141,500 foods (6/s) | I:134343 U:0 S:7157 P:0 E:0 | fdc:458406 ckpt:458406
   ⚠️  UPC collision detected, falling back to row-level processing...
   📊 142,000 foods (6/s) | I:134808 U:0 S:7192 P:0 E:0 | fdc:458906 ckpt:458906
   ⚠️  UPC collision detected, falling back to row-level processing...
   📊 142,500 foods (6/s) | I:135287 U:0 S:7213 P:0 E:0 | fdc:459408 ckpt:459408
   ⚠️  UPC collision detected, falling back to row-level processing...
   📊 143,000 foods (6/s) | I:135768 U:0 S:7232 P:0 E:0 | fdc:459909 ckpt:459909
   ⚠️  UPC collision detected, falling back to row-level processing...
   📊 143,500 foods (6/s) | I:136252 U:0 S:7248 P:0 E:0 | fdc:460409 ckpt:460409
   ⚠️  UPC collision detected, falling back to row-level processing...
   📊 144,000 foods (6/s) | I:136746 U:0 S:7254 P:0 E:0 | fdc:460911 ckpt:460911
   ⚠️  UPC collision detected, falling back to row-level processing...
   📊 144,500 foods (6/s) | I:137232 U:0 S:7268 P:0 E:0 | fdc:461411 ckpt:461411
   ⚠️  UPC collision detected, falling back to row-level processing...
   📊 145,000 foods (6/s) | I:137705 U:0 S:7295 P:0 E:0 | fdc:461914 ckpt:461914
   ⚠️  UPC collision detected, falling back to row-level processing...
   📊 145,500 foods (6/s) | I:138177 U:0 S:7323 P:0 E:0 | fdc:462415 ckpt:462415
   ⚠️  UPC collision detected, falling back to row-level processing...
   📊 146,000 foods (6/s) | I:138641 U:0 S:7359 P:0 E:0 | fdc:462915 ckpt:462915
   ⚠️  UPC collision detected, falling back to row-level processing...
   📊 146,500 foods (6/s) | I:139114 U:0 S:7386 P:0 E:0 | fdc:463422 ckpt:463422
   ⚠️  UPC collision detected, falling back to row-level processing...
   📊 147,000 foods (6/s) | I:139606 U:0 S:7394 P:0 E:0 | fdc:463922 ckpt:463922
   ⚠️  UPC collision detected, falling back to row-level processing...
   📊 147,500 foods (6/s) | I:140088 U:0 S:7412 P:0 E:0 | fdc:464422 ckpt:464422
   ⚠️  UPC collision detected, falling back to row-level processing...
   📊 148,000 foods (6/s) | I:140578 U:0 S:7422 P:0 E:0 | fdc:464922 ckpt:464922
   ⚠️  UPC collision detected, falling back to row-level processing...
   📊 148,500 foods (6/s) | I:141076 U:0 S:7424 P:0 E:0 | fdc:465422 ckpt:465422
   ⚠️  UPC collision detected, falling back to row-level processing...
   📊 149,000 foods (6/s) | I:141556 U:0 S:7444 P:0 E:0 | fdc:465928 ckpt:465928
   ⚠️  UPC collision detected, falling back to row-level processing...
   📊 149,500 foods (6/s) | I:142038 U:0 S:7462 P:0 E:0 | fdc:466429 ckpt:466429
   ⚠️  UPC collision detected, falling back to row-level processing...
   📊 150,000 foods (6/s) | I:142514 U:0 S:7486 P:0 E:0 | fdc:466929 ckpt:466929
   ⚠️  UPC collision detected, falling back to row-level processing...
   📊 150,500 foods (6/s) | I:142959 U:0 S:7541 P:0 E:0 | fdc:467429 ckpt:467429
   ⚠️  UPC collision detected, falling back to row-level processing...
   📊 151,000 foods (6/s) | I:143427 U:0 S:7573 P:0 E:0 | fdc:467929 ckpt:467929
   ⚠️  UPC collision detected, falling back to row-level processing...
   📊 151,500 foods (6/s) | I:143899 U:0 S:7601 P:0 E:0 | fdc:468429 ckpt:468429
   ⚠️  UPC collision detected, falling back to row-level processing...
   📊 152,000 foods (6/s) | I:144362 U:0 S:7638 P:0 E:0 | fdc:468929 ckpt:468929
   ⚠️  UPC collision detected, falling back to row-level processing...
   📊 152,500 foods (6/s) | I:144852 U:0 S:7648 P:0 E:0 | fdc:469429 ckpt:469429
   ⚠️  UPC collision detected, falling back to row-level processing...
   📊 153,000 foods (6/s) | I:145328 U:0 S:7672 P:0 E:0 | fdc:469929 ckpt:469929
   ⚠️  UPC collision detected, falling back to row-level processing...
   📊 153,500 foods (6/s) | I:145750 U:0 S:7750 P:0 E:0 | fdc:470438 ckpt:470438
   ⚠️  UPC collision detected, falling back to row-level processing...
   📊 154,000 foods (6/s) | I:146234 U:0 S:7766 P:0 E:0 | fdc:470938 ckpt:470938
   ⚠️  UPC collision detected, falling back to row-level processing...
   📊 154,500 foods (6/s) | I:146718 U:0 S:7782 P:0 E:0 | fdc:471439 ckpt:471439
   ⚠️  UPC collision detected, falling back to row-level processing...
   📊 155,000 foods (6/s) | I:147189 U:0 S:7811 P:0 E:0 | fdc:471939 ckpt:471939
   ⚠️  UPC collision detected, falling back to row-level processing...
   📊 155,500 foods (6/s) | I:147676 U:0 S:7824 P:0 E:0 | fdc:472439 ckpt:472439
   ⚠️  UPC collision detected, falling back to row-level processing...
   📊 156,000 foods (6/s) | I:148150 U:0 S:7850 P:0 E:0 | fdc:472940 ckpt:472940
   ⚠️  UPC collision detected, falling back to row-level processing...
   📊 156,500 foods (6/s) | I:148630 U:0 S:7870 P:0 E:0 | fdc:473442 ckpt:473442
   ⚠️  UPC collision detected, falling back to row-level processing...
   📊 157,000 foods (6/s) | I:149111 U:0 S:7889 P:0 E:0 | fdc:473942 ckpt:473942
   ⚠️  UPC collision detected, falling back to row-level processing...
   📊 157,500 foods (6/s) | I:149586 U:0 S:7914 P:0 E:0 | fdc:474444 ckpt:474444
   ⚠️  UPC collision detected, falling back to row-level processing...
   📊 158,000 foods (6/s) | I:150062 U:0 S:7938 P:0 E:0 | fdc:474944 ckpt:474944
   ⚠️  UPC collision detected, falling back to row-level processing...
   📊 158,500 foods (6/s) | I:150550 U:0 S:7950 P:0 E:0 | fdc:475444 ckpt:475444
   ⚠️  UPC collision detected, falling back to row-level processing...
   📊 159,000 foods (6/s) | I:151041 U:0 S:7959 P:0 E:0 | fdc:475945 ckpt:475945
   ⚠️  UPC collision detected, falling back to row-level processing...
   📊 159,500 foods (6/s) | I:151530 U:0 S:7970 P:0 E:0 | fdc:476446 ckpt:476446
   ⚠️  UPC collision detected, falling back to row-level processing...
   📊 160,000 foods (6/s) | I:152016 U:0 S:7984 P:0 E:0 | fdc:476948 ckpt:476948
   ⚠️  UPC collision detected, falling back to row-level processing...
   📊 160,500 foods (6/s) | I:152493 U:0 S:8007 P:0 E:0 | fdc:477448 ckpt:477448
   ⚠️  UPC collision detected, falling back to row-level processing...
   📊 161,000 foods (6/s) | I:152955 U:0 S:8045 P:0 E:0 | fdc:477948 ckpt:477948
   ⚠️  UPC collision detected, falling back to row-level processing...
   📊 161,500 foods (6/s) | I:153437 U:0 S:8063 P:0 E:0 | fdc:478448 ckpt:478448
   ⚠️  UPC collision detected, falling back to row-level processing...
   📊 162,000 foods (6/s) | I:153908 U:0 S:8092 P:0 E:0 | fdc:478949 ckpt:478949
   ⚠️  UPC collision detected, falling back to row-level processing...
   📊 162,500 foods (6/s) | I:154393 U:0 S:8107 P:0 E:0 | fdc:479449 ckpt:479449
   ⚠️  UPC collision detected, falling back to row-level processing...
   📊 163,000 foods (6/s) | I:154871 U:0 S:8129 P:0 E:0 | fdc:479952 ckpt:479952
   ⚠️  UPC collision detected, falling back to row-level processing...
   📊 163,500 foods (6/s) | I:155341 U:0 S:8159 P:0 E:0 | fdc:480454 ckpt:480454
   ⚠️  UPC collision detected, falling back to row-level processing...
   📊 164,000 foods (6/s) | I:155831 U:0 S:8169 P:0 E:0 | fdc:480955 ckpt:480955
   ⚠️  UPC collision detected, falling back to row-level processing...
   📊 164,500 foods (6/s) | I:156285 U:0 S:8215 P:0 E:0 | fdc:481458 ckpt:481458
   ⚠️  UPC collision detected, falling back to row-level processing...
   📊 165,000 foods (6/s) | I:156755 U:0 S:8245 P:0 E:0 | fdc:481958 ckpt:481958
   ⚠️  UPC collision detected, falling back to row-level processing...
   📊 165,500 foods (6/s) | I:157229 U:0 S:8271 P:0 E:0 | fdc:482459 ckpt:482459
   ⚠️  UPC collision detected, falling back to row-level processing...
   📊 166,000 foods (6/s) | I:157715 U:0 S:8285 P:0 E:0 | fdc:482959 ckpt:482959
   ⚠️  UPC collision detected, falling back to row-level processing...
   📊 166,500 foods (6/s) | I:158199 U:0 S:8301 P:0 E:0 | fdc:483459 ckpt:483459
   ⚠️  UPC collision detected, falling back to row-level processing...
   📊 167,000 foods (6/s) | I:158675 U:0 S:8325 P:0 E:0 | fdc:483959 ckpt:483959
   ⚠️  UPC collision detected, falling back to row-level processing...
   📊 167,500 foods (6/s) | I:159137 U:0 S:8363 P:0 E:0 | fdc:484459 ckpt:484459
   ⚠️  UPC collision detected, falling back to row-level processing...
   📊 168,000 foods (6/s) | I:159572 U:0 S:8428 P:0 E:0 | fdc:484960 ckpt:484960
   ⚠️  UPC collision detected, falling back to row-level processing...
   📊 168,500 foods (6/s) | I:160020 U:0 S:8480 P:0 E:0 | fdc:485461 ckpt:485461
   ⚠️  UPC collision detected, falling back to row-level processing...
   📊 169,000 foods (6/s) | I:160503 U:0 S:8497 P:0 E:0 | fdc:485971 ckpt:485971
   ⚠️  UPC collision detected, falling back to row-level processing...
   📊 169,500 foods (6/s) | I:160982 U:0 S:8518 P:0 E:0 | fdc:486473 ckpt:486473
   ⚠️  UPC collision detected, falling back to row-level processing...
   📊 170,000 foods (6/s) | I:161458 U:0 S:8542 P:0 E:0 | fdc:486976 ckpt:486976
   ⚠️  UPC collision detected, falling back to row-level processing...
   📊 170,500 foods (6/s) | I:161938 U:0 S:8562 P:0 E:0 | fdc:487478 ckpt:487478
   ⚠️  UPC collision detected, falling back to row-level processing...
   📊 171,000 foods (6/s) | I:162401 U:0 S:8599 P:0 E:0 | fdc:487978 ckpt:487978
   ⚠️  UPC collision detected, falling back to row-level processing...
   📊 171,500 foods (6/s) | I:162854 U:0 S:8646 P:0 E:0 | fdc:488478 ckpt:488478
   ⚠️  UPC collision detected, falling back to row-level processing...
   📊 172,000 foods (6/s) | I:163322 U:0 S:8678 P:0 E:0 | fdc:488978 ckpt:488978
   ⚠️  UPC collision detected, falling back to row-level processing...
   📊 172,500 foods (6/s) | I:163815 U:0 S:8685 P:0 E:0 | fdc:489478 ckpt:489478
   ⚠️  UPC collision detected, falling back to row-level processing...
   📊 173,000 foods (6/s) | I:164278 U:0 S:8722 P:0 E:0 | fdc:489993 ckpt:489993
   ⚠️  UPC collision detected, falling back to row-level processing...
   📊 173,500 foods (6/s) | I:164767 U:0 S:8733 P:0 E:0 | fdc:490501 ckpt:490501
   ⚠️  UPC collision detected, falling back to row-level processing...
   📊 174,000 foods (6/s) | I:165238 U:0 S:8762 P:0 E:0 | fdc:491001 ckpt:491001
   ⚠️  UPC collision detected, falling back to row-level processing...
   📊 174,500 foods (6/s) | I:165676 U:0 S:8824 P:0 E:0 | fdc:491501 ckpt:491501
   ⚠️  UPC collision detected, falling back to row-level processing...
   📊 175,000 foods (6/s) | I:166107 U:0 S:8893 P:0 E:0 | fdc:492001 ckpt:492001
   ⚠️  UPC collision detected, falling back to row-level processing...
   📊 175,500 foods (6/s) | I:166542 U:0 S:8958 P:0 E:0 | fdc:492502 ckpt:492502
   ⚠️  UPC collision detected, falling back to row-level processing...
   📊 176,000 foods (6/s) | I:167020 U:0 S:8980 P:0 E:0 | fdc:493007 ckpt:493007
   ⚠️  UPC collision detected, falling back to row-level processing...
   📊 176,500 foods (6/s) | I:167492 U:0 S:9008 P:0 E:0 | fdc:493515 ckpt:493515
   ⚠️  UPC collision detected, falling back to row-level processing...
   📊 177,000 foods (6/s) | I:167954 U:0 S:9046 P:0 E:0 | fdc:494026 ckpt:494026
   ⚠️  UPC collision detected, falling back to row-level processing...
   📊 177,500 foods (6/s) | I:168418 U:0 S:9082 P:0 E:0 | fdc:494531 ckpt:494531
   ⚠️  UPC collision detected, falling back to row-level processing...
   📊 178,000 foods (6/s) | I:168862 U:0 S:9138 P:0 E:0 | fdc:495038 ckpt:495038
   ⚠️  UPC collision detected, falling back to row-level processing...
   📊 178,500 foods (6/s) | I:169343 U:0 S:9157 P:0 E:0 | fdc:495540 ckpt:495540
   ⚠️  UPC collision detected, falling back to row-level processing...
   📊 179,000 foods (6/s) | I:169812 U:0 S:9188 P:0 E:0 | fdc:496046 ckpt:496046
   ⚠️  UPC collision detected, falling back to row-level processing...
   📊 179,500 foods (6/s) | I:170283 U:0 S:9217 P:0 E:0 | fdc:496582 ckpt:496582
   ⚠️  Transient error (attempt 1/6): TypeError: fetch failed
   ⏳ Retrying in 1s...
   ⚠️  UPC collision detected, falling back to row-level processing...
   📊 180,000 foods (6/s) | I:170750 U:0 S:9250 P:0 E:0 | fdc:497101 ckpt:497101
   ⚠️  UPC collision detected, falling back to row-level processing...
   📊 180,500 foods (6/s) | I:171208 U:0 S:9292 P:0 E:0 | fdc:497612 ckpt:497612
   ⚠️  UPC collision detected, falling back to row-level processing...
   📊 181,000 foods (6/s) | I:171665 U:0 S:9335 P:0 E:0 | fdc:498115 ckpt:498115
   ⚠️  UPC collision detected, falling back to row-level processing...
   📊 181,500 foods (6/s) | I:172106 U:0 S:9394 P:0 E:0 | fdc:498616 ckpt:498616
   ⚠️  UPC collision detected, falling back to row-level processing...
   📊 182,000 foods (6/s) | I:172570 U:0 S:9430 P:0 E:0 | fdc:499118 ckpt:499118
   ⚠️  UPC collision detected, falling back to row-level processing...
   📊 182,500 foods (6/s) | I:173026 U:0 S:9474 P:0 E:0 | fdc:499619 ckpt:499619
   ⚠️  UPC collision detected, falling back to row-level processing...
   📊 183,000 foods (6/s) | I:173503 U:0 S:9497 P:0 E:0 | fdc:500120 ckpt:500120
   ⚠️  UPC collision detected, falling back to row-level processing...
   📊 183,500 foods (6/s) | I:173982 U:0 S:9518 P:0 E:0 | fdc:500623 ckpt:500623
   ⚠️  UPC collision detected, falling back to row-level processing...
   📊 184,000 foods (6/s) | I:174460 U:0 S:9540 P:0 E:0 | fdc:501126 ckpt:501126
   ⚠️  UPC collision detected, falling back to row-level processing...
   📊 184,500 foods (6/s) | I:174937 U:0 S:9563 P:0 E:0 | fdc:501626 ckpt:501626
   ⚠️  UPC collision detected, falling back to row-level processing...
   📊 185,000 foods (6/s) | I:175391 U:0 S:9609 P:0 E:0 | fdc:502140 ckpt:502140
   ⚠️  UPC collision detected, falling back to row-level processing...
   📊 185,500 foods (6/s) | I:175847 U:0 S:9653 P:0 E:0 | fdc:502640 ckpt:502640
   ⚠️  UPC collision detected, falling back to row-level processing...
   📊 186,000 foods (6/s) | I:176301 U:0 S:9699 P:0 E:0 | fdc:503183 ckpt:503183
   ⚠️  UPC collision detected, falling back to row-level processing...
   📊 186,500 foods (6/s) | I:176784 U:0 S:9716 P:0 E:0 | fdc:503709 ckpt:503709
   ⚠️  UPC collision detected, falling back to row-level processing...
   📊 187,000 foods (6/s) | I:177265 U:0 S:9735 P:0 E:0 | fdc:504242 ckpt:504242
   ⚠️  UPC collision detected, falling back to row-level processing...
   📊 187,500 foods (6/s) | I:177753 U:0 S:9747 P:0 E:0 | fdc:504817 ckpt:504817
   ⚠️  UPC collision detected, falling back to row-level processing...
   📊 188,000 foods (6/s) | I:178231 U:0 S:9769 P:0 E:0 | fdc:505380 ckpt:505380
   ⚠️  UPC collision detected, falling back to row-level processing...
   📊 188,500 foods (6/s) | I:178717 U:0 S:9783 P:0 E:0 | fdc:505887 ckpt:505887
   ⚠️  UPC collision detected, falling back to row-level processing...
   📊 189,000 foods (6/s) | I:179194 U:0 S:9806 P:0 E:0 | fdc:506403 ckpt:506403
   ⚠️  UPC collision detected, falling back to row-level processing...
   📊 189,500 foods (6/s) | I:179668 U:0 S:9832 P:0 E:0 | fdc:506915 ckpt:506915
   ⚠️  UPC collision detected, falling back to row-level processing...
   📊 190,000 foods (6/s) | I:180156 U:0 S:9844 P:0 E:0 | fdc:507428 ckpt:507428
   ⚠️  UPC collision detected, falling back to row-level processing...
   📊 190,500 foods (6/s) | I:180632 U:0 S:9868 P:0 E:0 | fdc:507933 ckpt:507933
   ⚠️  UPC collision detected, falling back to row-level processing...
   📊 191,000 foods (6/s) | I:181121 U:0 S:9879 P:0 E:0 | fdc:508434 ckpt:508434
   ⚠️  UPC collision detected, falling back to row-level processing...
   📊 191,500 foods (6/s) | I:181606 U:0 S:9894 P:0 E:0 | fdc:508952 ckpt:508952
   ⚠️  UPC collision detected, falling back to row-level processing...
   📊 192,000 foods (6/s) | I:182087 U:0 S:9913 P:0 E:0 | fdc:509479 ckpt:509479
   ⚠️  UPC collision detected, falling back to row-level processing...
   📊 192,500 foods (6/s) | I:182569 U:0 S:9931 P:0 E:0 | fdc:509989 ckpt:509989
   ⚠️  UPC collision detected, falling back to row-level processing...
   📊 193,000 foods (6/s) | I:183042 U:0 S:9958 P:0 E:0 | fdc:510494 ckpt:510494
   ⚠️  UPC collision detected, falling back to row-level processing...
   📊 193,500 foods (6/s) | I:183523 U:0 S:9977 P:0 E:0 | fdc:511000 ckpt:511000
   ⚠️  UPC collision detected, falling back to row-level processing...
   📊 194,000 foods (6/s) | I:184000 U:0 S:10000 P:0 E:0 | fdc:511523 ckpt:511523
   ⚠️  UPC collision detected, falling back to row-level processing...
   📊 194,500 foods (6/s) | I:184457 U:0 S:10043 P:0 E:0 | fdc:512025 ckpt:512025
   ⚠️  UPC collision detected, falling back to row-level processing...
   📊 195,000 foods (6/s) | I:184942 U:0 S:10058 P:0 E:0 | fdc:512525 ckpt:512525
   ⚠️  UPC collision detected, falling back to row-level processing...
   📊 195,500 foods (6/s) | I:185430 U:0 S:10070 P:0 E:0 | fdc:513026 ckpt:513026
   ⚠️  UPC collision detected, falling back to row-level processing...
   📊 196,000 foods (6/s) | I:185924 U:0 S:10076 P:0 E:0 | fdc:513535 ckpt:513535
   ⚠️  UPC collision detected, falling back to row-level processing...
   📊 196,500 foods (6/s) | I:186414 U:0 S:10086 P:0 E:0 | fdc:514051 ckpt:514051
   ⚠️  UPC collision detected, falling back to row-level processing...
   📊 197,000 foods (6/s) | I:186905 U:0 S:10095 P:0 E:0 | fdc:514556 ckpt:514556
   ⚠️  UPC collision detected, falling back to row-level processing...
   📊 197,500 foods (6/s) | I:187382 U:0 S:10118 P:0 E:0 | fdc:515060 ckpt:515060
   ⚠️  UPC collision detected, falling back to row-level processing...
   📊 198,000 foods (6/s) | I:187871 U:0 S:10129 P:0 E:0 | fdc:515560 ckpt:515560
   ⚠️  Transient error (attempt 1/6): TypeError: fetch failed
   ⏳ Retrying in 1s...
   ⚠️  UPC collision detected, falling back to row-level processing...
   📊 198,500 foods (6/s) | I:188367 U:0 S:10133 P:0 E:0 | fdc:516065 ckpt:516065
   ⚠️  UPC collision detected, falling back to row-level processing...
   📊 199,000 foods (6/s) | I:188863 U:0 S:10137 P:0 E:0 | fdc:516565 ckpt:516565
   ⚠️  UPC collision detected, falling back to row-level processing...
   📊 199,500 foods (6/s) | I:189361 U:0 S:10139 P:0 E:0 | fdc:517065 ckpt:517065
   ⚠️  UPC collision detected, falling back to row-level processing...
   📊 200,000 foods (6/s) | I:189847 U:0 S:10153 P:0 E:0 | fdc:517566 ckpt:517566
   ⚠️  UPC collision detected, falling back to row-level processing...
   📊 200,500 foods (6/s) | I:190253 U:0 S:10247 P:0 E:0 | fdc:518066 ckpt:518066
   ⚠️  UPC collision detected, falling back to row-level processing...
   📊 201,000 foods (6/s) | I:190750 U:0 S:10250 P:0 E:0 | fdc:518566 ckpt:518566
   ⚠️  UPC collision detected, falling back to row-level processing...
   📊 201,500 foods (6/s) | I:191235 U:0 S:10265 P:0 E:0 | fdc:519068 ckpt:519068
   ⚠️  UPC collision detected, falling back to row-level processing...
   📊 202,000 foods (6/s) | I:191708 U:0 S:10292 P:0 E:0 | fdc:519589 ckpt:519589
   ⚠️  UPC collision detected, falling back to row-level processing...
   📊 202,500 foods (6/s) | I:192191 U:0 S:10309 P:0 E:0 | fdc:520110 ckpt:520110
   ⚠️  UPC collision detected, falling back to row-level processing...
   📊 203,000 foods (6/s) | I:192658 U:0 S:10342 P:0 E:0 | fdc:520614 ckpt:520614
   ⚠️  UPC collision detected, falling back to row-level processing...
   📊 203,500 foods (6/s) | I:193141 U:0 S:10359 P:0 E:0 | fdc:521116 ckpt:521116
   ⚠️  UPC collision detected, falling back to row-level processing...
   📊 204,000 foods (6/s) | I:193626 U:0 S:10374 P:0 E:0 | fdc:521619 ckpt:521619
   ⚠️  UPC collision detected, falling back to row-level processing...
   📊 204,500 foods (6/s) | I:194088 U:0 S:10412 P:0 E:0 | fdc:522126 ckpt:522126
   ⚠️  UPC collision detected, falling back to row-level processing...
   📊 205,000 foods (6/s) | I:194563 U:0 S:10437 P:0 E:0 | fdc:522641 ckpt:522641
   ⚠️  UPC collision detected, falling back to row-level processing...
   📊 205,500 foods (6/s) | I:195039 U:0 S:10461 P:0 E:0 | fdc:523180 ckpt:523180
   ⚠️  UPC collision detected, falling back to row-level processing...
   📊 206,000 foods (6/s) | I:195500 U:0 S:10500 P:0 E:0 | fdc:523683 ckpt:523683
   ⚠️  UPC collision detected, falling back to row-level processing...
   📊 206,500 foods (6/s) | I:195972 U:0 S:10528 P:0 E:0 | fdc:524183 ckpt:524183
   ⚠️  UPC collision detected, falling back to row-level processing...
   📊 207,000 foods (6/s) | I:196439 U:0 S:10561 P:0 E:0 | fdc:524685 ckpt:524685
   ⚠️  UPC collision detected, falling back to row-level processing...
   📊 207,500 foods (6/s) | I:196917 U:0 S:10583 P:0 E:0 | fdc:525185 ckpt:525185
   ⚠️  UPC collision detected, falling back to row-level processing...
   📊 208,000 foods (6/s) | I:197386 U:0 S:10614 P:0 E:0 | fdc:525688 ckpt:525688
   ⚠️  UPC collision detected, falling back to row-level processing...
   📊 208,500 foods (6/s) | I:197857 U:0 S:10643 P:0 E:0 | fdc:526190 ckpt:526190
   ⚠️  UPC collision detected, falling back to row-level processing...
   📊 209,000 foods (6/s) | I:198326 U:0 S:10674 P:0 E:0 | fdc:526693 ckpt:526693
   ⚠️  UPC collision detected, falling back to row-level processing...
   📊 209,500 foods (6/s) | I:198797 U:0 S:10703 P:0 E:0 | fdc:527196 ckpt:527196
   ⚠️  UPC collision detected, falling back to row-level processing...
   📊 210,000 foods (6/s) | I:199253 U:0 S:10747 P:0 E:0 | fdc:527698 ckpt:527698
   ⚠️  UPC collision detected, falling back to row-level processing...
   📊 210,500 foods (6/s) | I:199723 U:0 S:10777 P:0 E:0 | fdc:528199 ckpt:528199
   ⚠️  UPC collision detected, falling back to row-level processing...
   📊 211,000 foods (6/s) | I:200178 U:0 S:10822 P:0 E:0 | fdc:528700 ckpt:528700
   ⚠️  UPC collision detected, falling back to row-level processing...
   📊 211,500 foods (6/s) | I:200648 U:0 S:10852 P:0 E:0 | fdc:529202 ckpt:529202
   ⚠️  UPC collision detected, falling back to row-level processing...
   📊 212,000 foods (6/s) | I:201095 U:0 S:10905 P:0 E:0 | fdc:529704 ckpt:529704
   ⚠️  UPC collision detected, falling back to row-level processing...
   📊 212,500 foods (6/s) | I:201567 U:0 S:10933 P:0 E:0 | fdc:530207 ckpt:530207
   ⚠️  UPC collision detected, falling back to row-level processing...
   📊 213,000 foods (6/s) | I:202036 U:0 S:10964 P:0 E:0 | fdc:530711 ckpt:530711
   ⚠️  UPC collision detected, falling back to row-level processing...
   📊 213,500 foods (6/s) | I:202523 U:0 S:10977 P:0 E:0 | fdc:531211 ckpt:531211
   ⚠️  UPC collision detected, falling back to row-level processing...
   📊 214,000 foods (6/s) | I:202998 U:0 S:11002 P:0 E:0 | fdc:531719 ckpt:531719
   ⚠️  UPC collision detected, falling back to row-level processing...
   📊 214,500 foods (6/s) | I:203472 U:0 S:11028 P:0 E:0 | fdc:532223 ckpt:532223
   ⚠️  UPC collision detected, falling back to row-level processing...
   📊 215,000 foods (6/s) | I:203931 U:0 S:11069 P:0 E:0 | fdc:532733 ckpt:532733
   ⚠️  UPC collision detected, falling back to row-level processing...
   📊 215,500 foods (6/s) | I:204415 U:0 S:11085 P:0 E:0 | fdc:533234 ckpt:533234
   ⚠️  UPC collision detected, falling back to row-level processing...
   📊 216,000 foods (6/s) | I:204896 U:0 S:11104 P:0 E:0 | fdc:533738 ckpt:533738
   ⚠️  UPC collision detected, falling back to row-level processing...
   📊 216,500 foods (6/s) | I:205380 U:0 S:11120 P:0 E:0 | fdc:534266 ckpt:534266
   ⚠️  UPC collision detected, falling back to row-level processing...
   📊 217,000 foods (6/s) | I:205867 U:0 S:11133 P:0 E:0 | fdc:534768 ckpt:534768
   ⚠️  UPC collision detected, falling back to row-level processing...
   📊 217,500 foods (6/s) | I:206336 U:0 S:11164 P:0 E:0 | fdc:535281 ckpt:535281
   ⚠️  UPC collision detected, falling back to row-level processing...
   📊 218,000 foods (6/s) | I:206787 U:0 S:11213 P:0 E:0 | fdc:535781 ckpt:535781
   ⚠️  UPC collision detected, falling back to row-level processing...
   📊 218,500 foods (6/s) | I:207265 U:0 S:11235 P:0 E:0 | fdc:536282 ckpt:536282
   ⚠️  UPC collision detected, falling back to row-level processing...
   📊 219,000 foods (6/s) | I:207734 U:0 S:11266 P:0 E:0 | fdc:536784 ckpt:536784
   ⚠️  UPC collision detected, falling back to row-level processing...
   📊 219,500 foods (6/s) | I:208191 U:0 S:11309 P:0 E:0 | fdc:537290 ckpt:537290
   ⚠️  UPC collision detected, falling back to row-level processing...
   📊 220,000 foods (6/s) | I:208680 U:0 S:11320 P:0 E:0 | fdc:537798 ckpt:537798
   ⚠️  UPC collision detected, falling back to row-level processing...
   📊 220,500 foods (6/s) | I:209129 U:0 S:11371 P:0 E:0 | fdc:538305 ckpt:538305
   ⚠️  UPC collision detected, falling back to row-level processing...
   📊 221,000 foods (6/s) | I:209601 U:0 S:11399 P:0 E:0 | fdc:538837 ckpt:538837
   ⚠️  UPC collision detected, falling back to row-level processing...
   📊 221,500 foods (6/s) | I:210070 U:0 S:11430 P:0 E:0 | fdc:539423 ckpt:539423
   ⚠️  UPC collision detected, falling back to row-level processing...
   📊 222,000 foods (6/s) | I:210550 U:0 S:11450 P:0 E:0 | fdc:540005 ckpt:540005
   ⚠️  UPC collision detected, falling back to row-level processing...
   📊 222,500 foods (6/s) | I:211029 U:0 S:11471 P:0 E:0 | fdc:540566 ckpt:540566
   ⚠️  UPC collision detected, falling back to row-level processing...
   📊 223,000 foods (6/s) | I:211475 U:0 S:11525 P:0 E:0 | fdc:541340 ckpt:541340
   ⚠️  UPC collision detected, falling back to row-level processing...
   📊 223,500 foods (6/s) | I:211955 U:0 S:11545 P:0 E:0 | fdc:541934 ckpt:541934
   ⚠️  UPC collision detected, falling back to row-level processing...
   📊 224,000 foods (6/s) | I:212430 U:0 S:11570 P:0 E:0 | fdc:542450 ckpt:542450
   ⚠️  UPC collision detected, falling back to row-level processing...
   📊 224,500 foods (6/s) | I:212906 U:0 S:11594 P:0 E:0 | fdc:542969 ckpt:542969
   ⚠️  UPC collision detected, falling back to row-level processing...
   📊 225,000 foods (6/s) | I:213401 U:0 S:11599 P:0 E:0 | fdc:543476 ckpt:543476
   ⚠️  UPC collision detected, falling back to row-level processing...
   📊 225,500 foods (6/s) | I:213881 U:0 S:11619 P:0 E:0 | fdc:543999 ckpt:543999
   ⚠️  UPC collision detected, falling back to row-level processing...
   📊 226,000 foods (6/s) | I:214351 U:0 S:11649 P:0 E:0 | fdc:544595 ckpt:544595
   ⚠️  UPC collision detected, falling back to row-level processing...
   📊 226,500 foods (6/s) | I:214820 U:0 S:11680 P:0 E:0 | fdc:545139 ckpt:545139
   ⚠️  UPC collision detected, falling back to row-level processing...
   📊 227,000 foods (6/s) | I:215275 U:0 S:11725 P:0 E:0 | fdc:545711 ckpt:545711
   ⚠️  UPC collision detected, falling back to row-level processing...
   📊 227,500 foods (6/s) | I:215735 U:0 S:11765 P:0 E:0 | fdc:546218 ckpt:546218
   ⚠️  UPC collision detected, falling back to row-level processing...
   📊 228,000 foods (6/s) | I:216220 U:0 S:11780 P:0 E:0 | fdc:546723 ckpt:546723
   ⚠️  UPC collision detected, falling back to row-level processing...
   📊 228,500 foods (6/s) | I:216677 U:0 S:11823 P:0 E:0 | fdc:547226 ckpt:547226
   ⚠️  UPC collision detected, falling back to row-level processing...
   📊 229,000 foods (6/s) | I:217160 U:0 S:11840 P:0 E:0 | fdc:547728 ckpt:547728
   ⚠️  UPC collision detected, falling back to row-level processing...
   📊 229,500 foods (6/s) | I:217636 U:0 S:11864 P:0 E:0 | fdc:548228 ckpt:548228
   ⚠️  UPC collision detected, falling back to row-level processing...
   📊 230,000 foods (6/s) | I:218115 U:0 S:11885 P:0 E:0 | fdc:548738 ckpt:548738
   ⚠️  UPC collision detected, falling back to row-level processing...
   📊 230,500 foods (6/s) | I:218606 U:0 S:11894 P:0 E:0 | fdc:549239 ckpt:549239
   ⚠️  UPC collision detected, falling back to row-level processing...
   📊 231,000 foods (6/s) | I:219089 U:0 S:11911 P:0 E:0 | fdc:549740 ckpt:549740
   ⚠️  UPC collision detected, falling back to row-level processing...
   📊 231,500 foods (6/s) | I:219571 U:0 S:11929 P:0 E:0 | fdc:550244 ckpt:550244
   ⚠️  UPC collision detected, falling back to row-level processing...
   📊 232,000 foods (6/s) | I:220012 U:0 S:11988 P:0 E:0 | fdc:550744 ckpt:550744
   ⚠️  UPC collision detected, falling back to row-level processing...
   📊 232,500 foods (6/s) | I:220497 U:0 S:12003 P:0 E:0 | fdc:551245 ckpt:551245
   ⚠️  UPC collision detected, falling back to row-level processing...
   📊 233,000 foods (6/s) | I:220982 U:0 S:12018 P:0 E:0 | fdc:551746 ckpt:551746
   ⚠️  UPC collision detected, falling back to row-level processing...
   📊 233,500 foods (6/s) | I:221470 U:0 S:12030 P:0 E:0 | fdc:552249 ckpt:552249
   ⚠️  UPC collision detected, falling back to row-level processing...
   📊 234,000 foods (6/s) | I:221959 U:0 S:12041 P:0 E:0 | fdc:552749 ckpt:552749
   ⚠️  UPC collision detected, falling back to row-level processing...
   📊 234,500 foods (6/s) | I:222448 U:0 S:12052 P:0 E:0 | fdc:553249 ckpt:553249
   ⚠️  UPC collision detected, falling back to row-level processing...
   📊 235,000 foods (6/s) | I:222919 U:0 S:12081 P:0 E:0 | fdc:553752 ckpt:553752
   ⚠️  UPC collision detected, falling back to row-level processing...
   📊 235,500 foods (6/s) | I:223400 U:0 S:12100 P:0 E:0 | fdc:554254 ckpt:554254
   ⚠️  UPC collision detected, falling back to row-level processing...
   📊 236,000 foods (6/s) | I:223861 U:0 S:12139 P:0 E:0 | fdc:554755 ckpt:554755
   ⚠️  UPC collision detected, falling back to row-level processing...
   📊 236,500 foods (6/s) | I:224341 U:0 S:12159 P:0 E:0 | fdc:555256 ckpt:555256
   ⚠️  UPC collision detected, falling back to row-level processing...
   📊 237,000 foods (6/s) | I:224805 U:0 S:12195 P:0 E:0 | fdc:555764 ckpt:555764
   ⚠️  UPC collision detected, falling back to row-level processing...
   📊 237,500 foods (6/s) | I:225270 U:0 S:12230 P:0 E:0 | fdc:556276 ckpt:556276
   ⚠️  UPC collision detected, falling back to row-level processing...
   📊 238,000 foods (6/s) | I:225748 U:0 S:12252 P:0 E:0 | fdc:556780 ckpt:556780
   ⚠️  UPC collision detected, falling back to row-level processing...
   📊 238,500 foods (6/s) | I:226189 U:0 S:12311 P:0 E:0 | fdc:557283 ckpt:557283
   ⚠️  UPC collision detected, falling back to row-level processing...
   📊 239,000 foods (6/s) | I:226660 U:0 S:12340 P:0 E:0 | fdc:557786 ckpt:557786
   ⚠️  UPC collision detected, falling back to row-level processing...
   📊 239,500 foods (6/s) | I:227110 U:0 S:12390 P:0 E:0 | fdc:558296 ckpt:558296
   ⚠️  UPC collision detected, falling back to row-level processing...
   📊 240,000 foods (6/s) | I:227608 U:0 S:12392 P:0 E:0 | fdc:558796 ckpt:558796
   ⚠️  UPC collision detected, falling back to row-level processing...
   📊 240,500 foods (6/s) | I:228043 U:0 S:12457 P:0 E:0 | fdc:559297 ckpt:559297
   ⚠️  UPC collision detected, falling back to row-level processing...
   📊 241,000 foods (6/s) | I:228515 U:0 S:12485 P:0 E:0 | fdc:559800 ckpt:559800
   ⚠️  UPC collision detected, falling back to row-level processing...
   📊 241,500 foods (6/s) | I:229000 U:0 S:12500 P:0 E:0 | fdc:560307 ckpt:560307
   ⚠️  UPC collision detected, falling back to row-level processing...
   📊 242,000 foods (6/s) | I:229468 U:0 S:12532 P:0 E:0 | fdc:560814 ckpt:560814
   ⚠️  UPC collision detected, falling back to row-level processing...
   📊 242,500 foods (6/s) | I:229949 U:0 S:12551 P:0 E:0 | fdc:561315 ckpt:561315
   ⚠️  UPC collision detected, falling back to row-level processing...
   📊 243,000 foods (6/s) | I:230429 U:0 S:12571 P:0 E:0 | fdc:561818 ckpt:561818
   ⚠️  UPC collision detected, falling back to row-level processing...
   📊 243,500 foods (6/s) | I:230897 U:0 S:12603 P:0 E:0 | fdc:562320 ckpt:562320
   ⚠️  UPC collision detected, falling back to row-level processing...
   📊 244,000 foods (6/s) | I:231385 U:0 S:12615 P:0 E:0 | fdc:562826 ckpt:562826
   ⚠️  UPC collision detected, falling back to row-level processing...
   📊 244,500 foods (6/s) | I:231881 U:0 S:12619 P:0 E:0 | fdc:563328 ckpt:563328
   ⚠️  UPC collision detected, falling back to row-level processing...
   📊 245,000 foods (6/s) | I:232358 U:0 S:12642 P:0 E:0 | fdc:563831 ckpt:563831
   ⚠️  UPC collision detected, falling back to row-level processing...
   📊 245,500 foods (6/s) | I:232828 U:0 S:12672 P:0 E:0 | fdc:564337 ckpt:564337
   ⚠️  UPC collision detected, falling back to row-level processing...
   📊 246,000 foods (6/s) | I:233302 U:0 S:12698 P:0 E:0 | fdc:564841 ckpt:564841
   ⚠️  UPC collision detected, falling back to row-level processing...
   📊 246,500 foods (6/s) | I:233786 U:0 S:12714 P:0 E:0 | fdc:565342 ckpt:565342
   ⚠️  UPC collision detected, falling back to row-level processing...
   📊 247,000 foods (6/s) | I:234261 U:0 S:12739 P:0 E:0 | fdc:565846 ckpt:565846
   ⚠️  UPC collision detected, falling back to row-level processing...
   📊 247,500 foods (6/s) | I:234748 U:0 S:12752 P:0 E:0 | fdc:566346 ckpt:566346
   ⚠️  UPC collision detected, falling back to row-level processing...
   📊 248,000 foods (6/s) | I:235226 U:0 S:12774 P:0 E:0 | fdc:566849 ckpt:566849
   ⚠️  UPC collision detected, falling back to row-level processing...
   📊 248,500 foods (6/s) | I:235703 U:0 S:12797 P:0 E:0 | fdc:567354 ckpt:567354
   ⚠️  UPC collision detected, falling back to row-level processing...
   📊 249,000 foods (6/s) | I:236166 U:0 S:12834 P:0 E:0 | fdc:567858 ckpt:567858
   ⚠️  UPC collision detected, falling back to row-level processing...
   📊 249,500 foods (6/s) | I:236642 U:0 S:12858 P:0 E:0 | fdc:568361 ckpt:568361
   ⚠️  UPC collision detected, falling back to row-level processing...
   📊 250,000 foods (6/s) | I:237126 U:0 S:12874 P:0 E:0 | fdc:568863 ckpt:568863
   ⚠️  UPC collision detected, falling back to row-level processing...
   📊 250,500 foods (6/s) | I:237606 U:0 S:12894 P:0 E:0 | fdc:569367 ckpt:569367
   ⚠️  UPC collision detected, falling back to row-level processing...
   📊 251,000 foods (6/s) | I:238073 U:0 S:12927 P:0 E:0 | fdc:569872 ckpt:569872
   ⚠️  UPC collision detected, falling back to row-level processing...
   📊 251,500 foods (6/s) | I:238556 U:0 S:12944 P:0 E:0 | fdc:570373 ckpt:570373
   ⚠️  UPC collision detected, falling back to row-level processing...
   📊 252,000 foods (6/s) | I:239027 U:0 S:12973 P:0 E:0 | fdc:570875 ckpt:570875
   ⚠️  UPC collision detected, falling back to row-level processing...
   📊 252,500 foods (6/s) | I:239502 U:0 S:12998 P:0 E:0 | fdc:571385 ckpt:571385
   ⚠️  UPC collision detected, falling back to row-level processing...
   📊 253,000 foods (6/s) | I:239978 U:0 S:13022 P:0 E:0 | fdc:571890 ckpt:571890
   ⚠️  UPC collision detected, falling back to row-level processing...
   📊 253,500 foods (6/s) | I:240456 U:0 S:13044 P:0 E:0 | fdc:572390 ckpt:572390
   ⚠️  UPC collision detected, falling back to row-level processing...
   📊 254,000 foods (6/s) | I:240935 U:0 S:13065 P:0 E:0 | fdc:572898 ckpt:572898
   ⚠️  UPC collision detected, falling back to row-level processing...
   📊 254,500 foods (6/s) | I:241409 U:0 S:13091 P:0 E:0 | fdc:573401 ckpt:573401
   ⚠️  UPC collision detected, falling back to row-level processing...
   📊 255,000 foods (6/s) | I:241890 U:0 S:13110 P:0 E:0 | fdc:573907 ckpt:573907
   ⚠️  UPC collision detected, falling back to row-level processing...
   📊 255,500 foods (6/s) | I:242363 U:0 S:13137 P:0 E:0 | fdc:574416 ckpt:574416
   ⚠️  UPC collision detected, falling back to row-level processing...
   📊 256,000 foods (6/s) | I:242850 U:0 S:13150 P:0 E:0 | fdc:574920 ckpt:574920
   ⚠️  UPC collision detected, falling back to row-level processing...
   📊 256,500 foods (6/s) | I:243328 U:0 S:13172 P:0 E:0 | fdc:575425 ckpt:575425
   ⚠️  UPC collision detected, falling back to row-level processing...
   📊 257,000 foods (6/s) | I:243801 U:0 S:13199 P:0 E:0 | fdc:575928 ckpt:575928
   ⚠️  UPC collision detected, falling back to row-level processing...
   📊 257,500 foods (6/s) | I:244275 U:0 S:13225 P:0 E:0 | fdc:576430 ckpt:576430
   ⚠️  UPC collision detected, falling back to row-level processing...
   📊 258,000 foods (6/s) | I:244756 U:0 S:13244 P:0 E:0 | fdc:576936 ckpt:576936
   ⚠️  UPC collision detected, falling back to row-level processing...
   📊 258,500 foods (6/s) | I:245225 U:0 S:13275 P:0 E:0 | fdc:577459 ckpt:577459
   ⚠️  UPC collision detected, falling back to row-level processing...
   📊 259,000 foods (6/s) | I:245717 U:0 S:13283 P:0 E:0 | fdc:577977 ckpt:577977
   ⚠️  UPC collision detected, falling back to row-level processing...
   📊 259,500 foods (6/s) | I:246203 U:0 S:13297 P:0 E:0 | fdc:578509 ckpt:578509
   ⚠️  UPC collision detected, falling back to row-level processing...
   📊 260,000 foods (6/s) | I:246651 U:0 S:13349 P:0 E:0 | fdc:579084 ckpt:579084
   ⚠️  UPC collision detected, falling back to row-level processing...
   📊 260,500 foods (6/s) | I:247103 U:0 S:13397 P:0 E:0 | fdc:579645 ckpt:579645
   ⚠️  UPC collision detected, falling back to row-level processing...
   📊 261,000 foods (6/s) | I:247556 U:0 S:13444 P:0 E:0 | fdc:580150 ckpt:580150
   ⚠️  UPC collision detected, falling back to row-level processing...
   📊 261,500 foods (6/s) | I:248029 U:0 S:13471 P:0 E:0 | fdc:580681 ckpt:580681
   ⚠️  UPC collision detected, falling back to row-level processing...
   📊 262,000 foods (6/s) | I:248484 U:0 S:13516 P:0 E:0 | fdc:581194 ckpt:581194
   ⚠️  UPC collision detected, falling back to row-level processing...
   📊 262,500 foods (6/s) | I:248917 U:0 S:13583 P:0 E:0 | fdc:581699 ckpt:581699
   ⚠️  UPC collision detected, falling back to row-level processing...
   📊 263,000 foods (6/s) | I:249390 U:0 S:13610 P:0 E:0 | fdc:582201 ckpt:582201
   ⚠️  UPC collision detected, falling back to row-level processing...
   📊 263,500 foods (6/s) | I:249855 U:0 S:13645 P:0 E:0 | fdc:582705 ckpt:582705
   ⚠️  UPC collision detected, falling back to row-level processing...
   📊 264,000 foods (6/s) | I:250331 U:0 S:13669 P:0 E:0 | fdc:583217 ckpt:583217
   ⚠️  UPC collision detected, falling back to row-level processing...
   📊 264,500 foods (6/s) | I:250793 U:0 S:13707 P:0 E:0 | fdc:583721 ckpt:583721
   ⚠️  UPC collision detected, falling back to row-level processing...
   📊 265,000 foods (6/s) | I:251244 U:0 S:13756 P:0 E:0 | fdc:584227 ckpt:584227
   ⚠️  UPC collision detected, falling back to row-level processing...
   📊 265,500 foods (6/s) | I:251715 U:0 S:13785 P:0 E:0 | fdc:584739 ckpt:584739
   ⚠️  UPC collision detected, falling back to row-level processing...
   📊 266,000 foods (6/s) | I:252186 U:0 S:13814 P:0 E:0 | fdc:585256 ckpt:585256
   ⚠️  UPC collision detected, falling back to row-level processing...
   📊 266,500 foods (6/s) | I:252657 U:0 S:13843 P:0 E:0 | fdc:585772 ckpt:585772
   ⚠️  UPC collision detected, falling back to row-level processing...
   📊 267,000 foods (6/s) | I:253118 U:0 S:13882 P:0 E:0 | fdc:586280 ckpt:586280
   ⚠️  UPC collision detected, falling back to row-level processing...
   📊 267,500 foods (6/s) | I:253583 U:0 S:13917 P:0 E:0 | fdc:586799 ckpt:586799
   ⚠️  UPC collision detected, falling back to row-level processing...
   📊 268,000 foods (6/s) | I:254059 U:0 S:13941 P:0 E:0 | fdc:587314 ckpt:587314
   ⚠️  UPC collision detected, falling back to row-level processing...
   📊 268,500 foods (6/s) | I:254529 U:0 S:13971 P:0 E:0 | fdc:587832 ckpt:587832
   ⚠️  UPC collision detected, falling back to row-level processing...
   📊 269,000 foods (6/s) | I:255002 U:0 S:13998 P:0 E:0 | fdc:588346 ckpt:588346
   ⚠️  UPC collision detected, falling back to row-level processing...
   📊 269,500 foods (6/s) | I:255468 U:0 S:14032 P:0 E:0 | fdc:588856 ckpt:588856
   ⚠️  UPC collision detected, falling back to row-level processing...
   📊 270,000 foods (6/s) | I:255938 U:0 S:14062 P:0 E:0 | fdc:589367 ckpt:589367
   ⚠️  UPC collision detected, falling back to row-level processing...
   📊 270,500 foods (6/s) | I:256409 U:0 S:14091 P:0 E:0 | fdc:589872 ckpt:589872
   ⚠️  UPC collision detected, falling back to row-level processing...
   📊 271,000 foods (6/s) | I:256882 U:0 S:14118 P:0 E:0 | fdc:590383 ckpt:590383
   ⚠️  UPC collision detected, falling back to row-level processing...
   📊 271,500 foods (6/s) | I:257337 U:0 S:14163 P:0 E:0 | fdc:590885 ckpt:590885
   ⚠️  UPC collision detected, falling back to row-level processing...
   📊 272,000 foods (6/s) | I:257816 U:0 S:14184 P:0 E:0 | fdc:591388 ckpt:591388
   ⚠️  UPC collision detected, falling back to row-level processing...
   📊 272,500 foods (6/s) | I:258294 U:0 S:14206 P:0 E:0 | fdc:591895 ckpt:591895
   ⚠️  UPC collision detected, falling back to row-level processing...
   📊 273,000 foods (6/s) | I:258765 U:0 S:14235 P:0 E:0 | fdc:592402 ckpt:592402
   ⚠️  UPC collision detected, falling back to row-level processing...
   📊 273,500 foods (6/s) | I:259241 U:0 S:14259 P:0 E:0 | fdc:592932 ckpt:592932
   ⚠️  UPC collision detected, falling back to row-level processing...
   📊 274,000 foods (6/s) | I:259710 U:0 S:14290 P:0 E:0 | fdc:593439 ckpt:593439
   ⚠️  UPC collision detected, falling back to row-level processing...
   📊 274,500 foods (6/s) | I:260169 U:0 S:14331 P:0 E:0 | fdc:593946 ckpt:593946
   ⚠️  UPC collision detected, falling back to row-level processing...
   📊 275,000 foods (6/s) | I:260638 U:0 S:14362 P:0 E:0 | fdc:594453 ckpt:594453
   ⚠️  UPC collision detected, falling back to row-level processing...
   📊 275,500 foods (6/s) | I:261113 U:0 S:14387 P:0 E:0 | fdc:594957 ckpt:594957
   ⚠️  UPC collision detected, falling back to row-level processing...
   📊 276,000 foods (6/s) | I:261573 U:0 S:14427 P:0 E:0 | fdc:595458 ckpt:595458
   ⚠️  UPC collision detected, falling back to row-level processing...
   📊 276,500 foods (6/s) | I:262044 U:0 S:14456 P:0 E:0 | fdc:595969 ckpt:595969
   ⚠️  UPC collision detected, falling back to row-level processing...
   📊 277,000 foods (6/s) | I:262529 U:0 S:14471 P:0 E:0 | fdc:596476 ckpt:596476
   ⚠️  Transient error (attempt 1/6): TypeError: fetch failed
   ⏳ Retrying in 1s...
   ⚠️  UPC collision detected, falling back to row-level processing...
   📊 277,500 foods (6/s) | I:263008 U:0 S:14492 P:0 E:0 | fdc:596988 ckpt:596988
   ⚠️  UPC collision detected, falling back to row-level processing...
   📊 278,000 foods (6/s) | I:263486 U:0 S:14514 P:0 E:0 | fdc:597497 ckpt:597497
   ⚠️  UPC collision detected, falling back to row-level processing...
   📊 278,500 foods (6/s) | I:263962 U:0 S:14538 P:0 E:0 | fdc:598000 ckpt:598000
   ⚠️  UPC collision detected, falling back to row-level processing...
   📊 279,000 foods (6/s) | I:264441 U:0 S:14559 P:0 E:0 | fdc:598502 ckpt:598502
   ⚠️  UPC collision detected, falling back to row-level processing...
   📊 279,500 foods (6/s) | I:264911 U:0 S:14589 P:0 E:0 | fdc:599012 ckpt:599012
   ⚠️  UPC collision detected, falling back to row-level processing...
   📊 280,000 foods (6/s) | I:265393 U:0 S:14607 P:0 E:0 | fdc:599537 ckpt:599537
   ⚠️  UPC collision detected, falling back to row-level processing...
   📊 280,500 foods (6/s) | I:265867 U:0 S:14633 P:0 E:0 | fdc:600050 ckpt:600050
   ⚠️  UPC collision detected, falling back to row-level processing...
   📊 281,000 foods (6/s) | I:266324 U:0 S:14676 P:0 E:0 | fdc:600555 ckpt:600555
   ⚠️  UPC collision detected, falling back to row-level processing...
   📊 281,500 foods (6/s) | I:266767 U:0 S:14733 P:0 E:0 | fdc:601060 ckpt:601060
   ⚠️  UPC collision detected, falling back to row-level processing...
   📊 282,000 foods (6/s) | I:267237 U:0 S:14763 P:0 E:0 | fdc:601570 ckpt:601570
   ⚠️  UPC collision detected, falling back to row-level processing...
   📊 282,500 foods (6/s) | I:267693 U:0 S:14807 P:0 E:0 | fdc:602078 ckpt:602078
   ⚠️  UPC collision detected, falling back to row-level processing...
   📊 283,000 foods (6/s) | I:268109 U:0 S:14891 P:0 E:0 | fdc:602586 ckpt:602586
   ⚠️  UPC collision detected, falling back to row-level processing...
   📊 283,500 foods (6/s) | I:268517 U:0 S:14983 P:0 E:0 | fdc:603101 ckpt:603101
   ⚠️  UPC collision detected, falling back to row-level processing...
   📊 284,000 foods (6/s) | I:268978 U:0 S:15022 P:0 E:0 | fdc:603602 ckpt:603602
   ⚠️  UPC collision detected, falling back to row-level processing...
   📊 284,500 foods (6/s) | I:269446 U:0 S:15054 P:0 E:0 | fdc:604112 ckpt:604112
   ⚠️  UPC collision detected, falling back to row-level processing...
   📊 285,000 foods (6/s) | I:269919 U:0 S:15081 P:0 E:0 | fdc:604630 ckpt:604630
   ⚠️  UPC collision detected, falling back to row-level processing...
   📊 285,500 foods (6/s) | I:270271 U:0 S:15229 P:0 E:0 | fdc:605292 ckpt:605292
   ⚠️  UPC collision detected, falling back to row-level processing...
   📊 286,000 foods (6/s) | I:270271 U:0 S:15729 P:0 E:0 | fdc:606292 ckpt:606292
   ⚠️  UPC collision detected, falling back to row-level processing...
   📊 286,500 foods (6/s) | I:270271 U:0 S:16229 P:0 E:0 | fdc:607292 ckpt:607292
   ⚠️  UPC collision detected, falling back to row-level processing...
   📊 287,000 foods (6/s) | I:270457 U:0 S:16543 P:0 E:0 | fdc:608292 ckpt:608292
   ⚠️  UPC collision detected, falling back to row-level processing...
   📊 287,500 foods (6/s) | I:270663 U:0 S:16837 P:0 E:0 | fdc:609292 ckpt:609292
   ⚠️  UPC collision detected, falling back to row-level processing...
   📊 288,000 foods (6/s) | I:270663 U:0 S:17337 P:0 E:0 | fdc:610292 ckpt:610292
   ⚠️  UPC collision detected, falling back to row-level processing...
   📊 288,500 foods (6/s) | I:270663 U:0 S:17837 P:0 E:0 | fdc:611292 ckpt:611292
   ⚠️  UPC collision detected, falling back to row-level processing...
   📊 289,000 foods (6/s) | I:270669 U:0 S:18331 P:0 E:0 | fdc:612292 ckpt:612292
   ⚠️  UPC collision detected, falling back to row-level processing...
   📊 289,500 foods (6/s) | I:270669 U:0 S:18831 P:0 E:0 | fdc:613292 ckpt:613292
   ⚠️  UPC collision detected, falling back to row-level processing...
   📊 290,000 foods (6/s) | I:270858 U:0 S:19142 P:0 E:0 | fdc:614292 ckpt:614292
   ⚠️  UPC collision detected, falling back to row-level processing...
   📊 290,500 foods (6/s) | I:271324 U:0 S:19176 P:0 E:0 | fdc:615292 ckpt:615292
   ⚠️  UPC collision detected, falling back to row-level processing...
   📊 291,000 foods (6/s) | I:271560 U:0 S:19440 P:0 E:0 | fdc:616318 ckpt:616318
   ⚠️  UPC collision detected, falling back to row-level processing...
   📊 291,500 foods (6/s) | I:271597 U:0 S:19903 P:0 E:0 | fdc:617326 ckpt:617326
   ⚠️  UPC collision detected, falling back to row-level processing...
   📊 292,000 foods (6/s) | I:271644 U:0 S:20356 P:0 E:0 | fdc:618338 ckpt:618338
   ⚠️  UPC collision detected, falling back to row-level processing...
   📊 292,500 foods (6/s) | I:271692 U:0 S:20808 P:0 E:0 | fdc:619366 ckpt:619366
   ⚠️  UPC collision detected, falling back to row-level processing...
   📊 293,000 foods (6/s) | I:271736 U:0 S:21264 P:0 E:0 | fdc:620390 ckpt:620390
   ⚠️  UPC collision detected, falling back to row-level processing...
   📊 293,500 foods (6/s) | I:271756 U:0 S:21744 P:0 E:0 | fdc:621412 ckpt:621412
   ⚠️  UPC collision detected, falling back to row-level processing...
   📊 294,000 foods (6/s) | I:271789 U:0 S:22211 P:0 E:0 | fdc:622446 ckpt:622446
   ⚠️  UPC collision detected, falling back to row-level processing...
   📊 294,500 foods (6/s) | I:271824 U:0 S:22676 P:0 E:0 | fdc:623462 ckpt:623462
   ⚠️  UPC collision detected, falling back to row-level processing...
   📊 295,000 foods (6/s) | I:271853 U:0 S:23147 P:0 E:0 | fdc:624466 ckpt:624466
   ⚠️  UPC collision detected, falling back to row-level processing...
   📊 295,500 foods (6/s) | I:271856 U:0 S:23644 P:0 E:0 | fdc:625472 ckpt:625472
   ⚠️  UPC collision detected, falling back to row-level processing...
   📊 296,000 foods (6/s) | I:271882 U:0 S:24118 P:0 E:0 | fdc:626490 ckpt:626490
   ⚠️  UPC collision detected, falling back to row-level processing...
   📊 296,500 foods (6/s) | I:271908 U:0 S:24592 P:0 E:0 | fdc:627512 ckpt:627512
   ⚠️  UPC collision detected, falling back to row-level processing...
   📊 297,000 foods (6/s) | I:271915 U:0 S:25085 P:0 E:0 | fdc:628514 ckpt:628514
   ⚠️  UPC collision detected, falling back to row-level processing...
   📊 297,500 foods (6/s) | I:271936 U:0 S:25564 P:0 E:0 | fdc:629516 ckpt:629516
   ⚠️  UPC collision detected, falling back to row-level processing...
   📊 298,000 foods (6/s) | I:271946 U:0 S:26054 P:0 E:0 | fdc:630560 ckpt:630560
   ⚠️  UPC collision detected, falling back to row-level processing...
   📊 298,500 foods (6/s) | I:271958 U:0 S:26542 P:0 E:0 | fdc:631578 ckpt:631578
   ⚠️  UPC collision detected, falling back to row-level processing...
   📊 299,000 foods (6/s) | I:271984 U:0 S:27016 P:0 E:0 | fdc:632582 ckpt:632582
   ⚠️  UPC collision detected, falling back to row-level processing...
   📊 299,500 foods (6/s) | I:272035 U:0 S:27465 P:0 E:0 | fdc:633596 ckpt:633596
   ⚠️  UPC collision detected, falling back to row-level processing...
   📊 300,000 foods (6/s) | I:272099 U:0 S:27901 P:0 E:0 | fdc:634634 ckpt:634634
   ⚠️  UPC collision detected, falling back to row-level processing...
   📊 300,500 foods (6/s) | I:272141 U:0 S:28359 P:0 E:0 | fdc:635658 ckpt:635658
   ⚠️  UPC collision detected, falling back to row-level processing...
   📊 301,000 foods (6/s) | I:272185 U:0 S:28815 P:0 E:0 | fdc:636660 ckpt:636660
   ⚠️  UPC collision detected, falling back to row-level processing...
   📊 301,500 foods (6/s) | I:272233 U:0 S:29267 P:0 E:0 | fdc:637662 ckpt:637662
   ⚠️  UPC collision detected, falling back to row-level processing...
   📊 302,000 foods (6/s) | I:272258 U:0 S:29742 P:0 E:0 | fdc:638662 ckpt:638662
   ⚠️  UPC collision detected, falling back to row-level processing...
   📊 302,500 foods (6/s) | I:272272 U:0 S:30228 P:0 E:0 | fdc:639662 ckpt:639662
   ⚠️  UPC collision detected, falling back to row-level processing...
   📊 303,000 foods (6/s) | I:272286 U:0 S:30714 P:0 E:0 | fdc:640664 ckpt:640664
   ⚠️  UPC collision detected, falling back to row-level processing...
   📊 303,500 foods (6/s) | I:272301 U:0 S:31199 P:0 E:0 | fdc:641672 ckpt:641672
   ⚠️  UPC collision detected, falling back to row-level processing...
   📊 304,000 foods (6/s) | I:272349 U:0 S:31651 P:0 E:0 | fdc:642672 ckpt:642672
   ⚠️  Transient error (attempt 1/6): TypeError: fetch failed
   ⏳ Retrying in 1s...
   ⚠️  UPC collision detected, falling back to row-level processing...
   📊 304,500 foods (6/s) | I:272373 U:0 S:32127 P:0 E:0 | fdc:643676 ckpt:643676
   ⚠️  UPC collision detected, falling back to row-level processing...
   📊 305,000 foods (6/s) | I:272557 U:0 S:32443 P:0 E:0 | fdc:644698 ckpt:644698
   ⚠️  UPC collision detected, falling back to row-level processing...
   📊 305,500 foods (6/s) | I:272563 U:0 S:32937 P:0 E:0 | fdc:645736 ckpt:645736
   ⚠️  UPC collision detected, falling back to row-level processing...
   📊 306,000 foods (6/s) | I:272579 U:0 S:33421 P:0 E:0 | fdc:646748 ckpt:646748
   ⚠️  UPC collision detected, falling back to row-level processing...
   📊 306,500 foods (6/s) | I:272620 U:0 S:33880 P:0 E:0 | fdc:647784 ckpt:647784
   ⚠️  UPC collision detected, falling back to row-level processing...
   📊 307,000 foods (6/s) | I:272645 U:0 S:34355 P:0 E:0 | fdc:648790 ckpt:648790
   ⚠️  UPC collision detected, falling back to row-level processing...
   📊 307,500 foods (6/s) | I:272723 U:0 S:34777 P:0 E:0 | fdc:649804 ckpt:649804
   ⚠️  UPC collision detected, falling back to row-level processing...
   📊 308,000 foods (6/s) | I:272807 U:0 S:35193 P:0 E:0 | fdc:650862 ckpt:650862
   ⚠️  UPC collision detected, falling back to row-level processing...
   📊 308,500 foods (6/s) | I:272987 U:0 S:35513 P:0 E:0 | fdc:652172 ckpt:652172
   ⚠️  UPC collision detected, falling back to row-level processing...
   📊 309,000 foods (6/s) | I:273246 U:0 S:35754 P:0 E:0 | fdc:653326 ckpt:653326
   ⚠️  UPC collision detected, falling back to row-level processing...
   📊 309,500 foods (6/s) | I:273367 U:0 S:36133 P:0 E:0 | fdc:654528 ckpt:654528
   ⚠️  UPC collision detected, falling back to row-level processing...
   📊 310,000 foods (6/s) | I:273397 U:0 S:36603 P:0 E:0 | fdc:655626 ckpt:655626
   ⚠️  UPC collision detected, falling back to row-level processing...
   📊 310,500 foods (6/s) | I:273407 U:0 S:37093 P:0 E:0 | fdc:656684 ckpt:656684
   ⚠️  UPC collision detected, falling back to row-level processing...
   📊 311,000 foods (6/s) | I:273424 U:0 S:37576 P:0 E:0 | fdc:657686 ckpt:657686
   ⚠️  UPC collision detected, falling back to row-level processing...
   📊 311,500 foods (6/s) | I:273442 U:0 S:38058 P:0 E:0 | fdc:658692 ckpt:658692
   ⚠️  UPC collision detected, falling back to row-level processing...
   📊 312,000 foods (6/s) | I:273468 U:0 S:38532 P:0 E:0 | fdc:659706 ckpt:659706
   ⚠️  UPC collision detected, falling back to row-level processing...
   📊 312,500 foods (6/s) | I:273504 U:0 S:38996 P:0 E:0 | fdc:660756 ckpt:660756
   ⚠️  UPC collision detected, falling back to row-level processing...
   📊 313,000 foods (6/s) | I:273526 U:0 S:39474 P:0 E:0 | fdc:661794 ckpt:661794
   ⚠️  UPC collision detected, falling back to row-level processing...
   📊 313,500 foods (6/s) | I:273706 U:0 S:39794 P:0 E:0 | fdc:663286 ckpt:663286
   ⚠️  UPC collision detected, falling back to row-level processing...
   📊 314,000 foods (6/s) | I:273901 U:0 S:40099 P:0 E:0 | fdc:665048 ckpt:665048
   ⚠️  UPC collision detected, falling back to row-level processing...
   📊 314,500 foods (6/s) | I:273958 U:0 S:40542 P:0 E:0 | fdc:666208 ckpt:666208
   ⚠️  UPC collision detected, falling back to row-level processing...
   📊 315,000 foods (6/s) | I:274112 U:0 S:40888 P:0 E:0 | fdc:667420 ckpt:667420
   ⚠️  UPC collision detected, falling back to row-level processing...
   📊 315,500 foods (6/s) | I:274141 U:0 S:41359 P:0 E:0 | fdc:668460 ckpt:668460
   ⚠️  UPC collision detected, falling back to row-level processing...
   📊 316,000 foods (6/s) | I:274193 U:0 S:41807 P:0 E:0 | fdc:669466 ckpt:669466
   ⚠️  UPC collision detected, falling back to row-level processing...
   📊 316,500 foods (6/s) | I:274218 U:0 S:42282 P:0 E:0 | fdc:670476 ckpt:670476
   ⚠️  UPC collision detected, falling back to row-level processing...
   📊 317,000 foods (6/s) | I:274229 U:0 S:42771 P:0 E:0 | fdc:671502 ckpt:671502
   ⚠️  UPC collision detected, falling back to row-level processing...
   📊 317,500 foods (6/s) | I:274234 U:0 S:43266 P:0 E:0 | fdc:672516 ckpt:672516
   ⚠️  UPC collision detected, falling back to row-level processing...
   📊 318,000 foods (6/s) | I:274235 U:0 S:43765 P:0 E:0 | fdc:673530 ckpt:673530
   ⚠️  UPC collision detected, falling back to row-level processing...
   📊 318,500 foods (6/s) | I:274241 U:0 S:44259 P:0 E:0 | fdc:674538 ckpt:674538
   ⚠️  UPC collision detected, falling back to row-level processing...
   📊 319,000 foods (6/s) | I:274248 U:0 S:44752 P:0 E:0 | fdc:675568 ckpt:675568
   ⚠️  UPC collision detected, falling back to row-level processing...
   📊 319,500 foods (6/s) | I:274254 U:0 S:45246 P:0 E:0 | fdc:676598 ckpt:676598
   ⚠️  UPC collision detected, falling back to row-level processing...
   📊 320,000 foods (6/s) | I:274260 U:0 S:45740 P:0 E:0 | fdc:677610 ckpt:677610
   ⚠️  UPC collision detected, falling back to row-level processing...
   📊 320,500 foods (6/s) | I:274318 U:0 S:46182 P:0 E:0 | fdc:678792 ckpt:678792
   ⚠️  UPC collision detected, falling back to row-level processing...
   📊 321,000 foods (6/s) | I:274341 U:0 S:46659 P:0 E:0 | fdc:679904 ckpt:679904
   ⚠️  UPC collision detected, falling back to row-level processing...
   📊 321,500 foods (6/s) | I:274346 U:0 S:47154 P:0 E:0 | fdc:680916 ckpt:680916
   ⚠️  UPC collision detected, falling back to row-level processing...
   📊 322,000 foods (6/s) | I:274346 U:0 S:47654 P:0 E:0 | fdc:681944 ckpt:681944
   ⚠️  UPC collision detected, falling back to row-level processing...
   📊 322,500 foods (6/s) | I:274347 U:0 S:48153 P:0 E:0 | fdc:682968 ckpt:682968
   ⚠️  UPC collision detected, falling back to row-level processing...
   📊 323,000 foods (6/s) | I:274357 U:0 S:48643 P:0 E:0 | fdc:684018 ckpt:684018
   ⚠️  UPC collision detected, falling back to row-level processing...
   📊 323,500 foods (6/s) | I:274367 U:0 S:49133 P:0 E:0 | fdc:685042 ckpt:685042
   ⚠️  UPC collision detected, falling back to row-level processing...
   📊 324,000 foods (6/s) | I:274369 U:0 S:49631 P:0 E:0 | fdc:686046 ckpt:686046
   ⚠️  UPC collision detected, falling back to row-level processing...
   📊 324,500 foods (6/s) | I:274370 U:0 S:50130 P:0 E:0 | fdc:687062 ckpt:687062
   ⚠️  UPC collision detected, falling back to row-level processing...
   📊 325,000 foods (6/s) | I:274376 U:0 S:50624 P:0 E:0 | fdc:688066 ckpt:688066
   ⚠️  UPC collision detected, falling back to row-level processing...
   📊 325,500 foods (6/s) | I:274377 U:0 S:51123 P:0 E:0 | fdc:689078 ckpt:689078
   ⚠️  UPC collision detected, falling back to row-level processing...
   📊 326,000 foods (6/s) | I:274787 U:0 S:51213 P:0 E:0 | fdc:690110 ckpt:690110
   ⚠️  UPC collision detected, falling back to row-level processing...
   📊 326,500 foods (6/s) | I:275244 U:0 S:51256 P:0 E:0 | fdc:691126 ckpt:691126
   ⚠️  UPC collision detected, falling back to row-level processing...
   📊 327,000 foods (6/s) | I:275648 U:0 S:51352 P:0 E:0 | fdc:692150 ckpt:692150
   ⚠️  UPC collision detected, falling back to row-level processing...
   📊 327,500 foods (6/s) | I:276035 U:0 S:51465 P:0 E:0 | fdc:693158 ckpt:693158
   ⚠️  UPC collision detected, falling back to row-level processing...
   📊 328,000 foods (6/s) | I:276473 U:0 S:51527 P:0 E:0 | fdc:694206 ckpt:694206
   ⚠️  UPC collision detected, falling back to row-level processing...
   📊 328,500 foods (6/s) | I:276895 U:0 S:51605 P:0 E:0 | fdc:695218 ckpt:695218
   ⚠️  UPC collision detected, falling back to row-level processing...
   📊 329,000 foods (6/s) | I:277375 U:0 S:51625 P:0 E:0 | fdc:696224 ckpt:696224
   ⚠️  UPC collision detected, falling back to row-level processing...
   📊 329,500 foods (6/s) | I:277791 U:0 S:51709 P:0 E:0 | fdc:697234 ckpt:697234
   ⚠️  UPC collision detected, falling back to row-level processing...
   📊 330,000 foods (6/s) | I:278232 U:0 S:51768 P:0 E:0 | fdc:698256 ckpt:698256
   ⚠️  UPC collision detected, falling back to row-level processing...
   📊 330,500 foods (6/s) | I:278692 U:0 S:51808 P:0 E:0 | fdc:699308 ckpt:699308
   ⚠️  UPC collision detected, falling back to row-level processing...
   📊 331,000 foods (6/s) | I:279132 U:0 S:51868 P:0 E:0 | fdc:700314 ckpt:700314
   ⚠️  UPC collision detected, falling back to row-level processing...
   📊 331,500 foods (6/s) | I:279587 U:0 S:51913 P:0 E:0 | fdc:701324 ckpt:701324
   ⚠️  UPC collision detected, falling back to row-level processing...
   📊 332,000 foods (6/s) | I:280037 U:0 S:51963 P:0 E:0 | fdc:702330 ckpt:702330
   ⚠️  UPC collision detected, falling back to row-level processing...
   📊 332,500 foods (6/s) | I:280511 U:0 S:51989 P:0 E:0 | fdc:703366 ckpt:703366
   ⚠️  UPC collision detected, falling back to row-level processing...
   📊 333,000 foods (6/s) | I:280969 U:0 S:52031 P:0 E:0 | fdc:704392 ckpt:704392
   ⚠️  UPC collision detected, falling back to row-level processing...
   📊 333,500 foods (6/s) | I:281411 U:0 S:52089 P:0 E:0 | fdc:705400 ckpt:705400
   ⚠️  UPC collision detected, falling back to row-level processing...
   📊 334,000 foods (6/s) | I:281849 U:0 S:52151 P:0 E:0 | fdc:706420 ckpt:706420
   ⚠️  UPC collision detected, falling back to row-level processing...
   📊 334,500 foods (6/s) | I:282284 U:0 S:52216 P:0 E:0 | fdc:707470 ckpt:707470
   ⚠️  UPC collision detected, falling back to row-level processing...
   📊 335,000 foods (6/s) | I:282748 U:0 S:52252 P:0 E:0 | fdc:708524 ckpt:708524
   ⚠️  UPC collision detected, falling back to row-level processing...
   📊 335,500 foods (6/s) | I:283170 U:0 S:52330 P:0 E:0 | fdc:709660 ckpt:709660
   ⚠️  UPC collision detected, falling back to row-level processing...
   📊 336,000 foods (6/s) | I:283621 U:0 S:52379 P:0 E:0 | fdc:710704 ckpt:710704
   ⚠️  UPC collision detected, falling back to row-level processing...
   📊 336,500 foods (6/s) | I:284043 U:0 S:52457 P:0 E:0 | fdc:711728 ckpt:711728
   ⚠️  UPC collision detected, falling back to row-level processing...
   📊 337,000 foods (6/s) | I:284487 U:0 S:52513 P:0 E:0 | fdc:712752 ckpt:712752
   ⚠️  UPC collision detected, falling back to row-level processing...
   📊 337,500 foods (6/s) | I:284934 U:0 S:52566 P:0 E:0 | fdc:713776 ckpt:713776
   ⚠️  UPC collision detected, falling back to row-level processing...
   📊 338,000 foods (6/s) | I:285392 U:0 S:52608 P:0 E:0 | fdc:714826 ckpt:714826
   ⚠️  UPC collision detected, falling back to row-level processing...
   📊 338,500 foods (6/s) | I:285833 U:0 S:52667 P:0 E:0 | fdc:716022 ckpt:716022
   ⚠️  UPC collision detected, falling back to row-level processing...
   📊 339,000 foods (6/s) | I:286259 U:0 S:52741 P:0 E:0 | fdc:717068 ckpt:717068
   ⚠️  UPC collision detected, falling back to row-level processing...
   📊 339,500 foods (6/s) | I:286734 U:0 S:52766 P:0 E:0 | fdc:718146 ckpt:718146
   ⚠️  UPC collision detected, falling back to row-level processing...
   📊 340,000 foods (6/s) | I:287227 U:0 S:52773 P:0 E:0 | fdc:719152 ckpt:719152
   ⚠️  UPC collision detected, falling back to row-level processing...
   📊 340,500 foods (6/s) | I:287672 U:0 S:52828 P:0 E:0 | fdc:720268 ckpt:720268
   ⚠️  UPC collision detected, falling back to row-level processing...
   📊 341,000 foods (6/s) | I:288119 U:0 S:52881 P:0 E:0 | fdc:721362 ckpt:721362
   ⚠️  UPC collision detected, falling back to row-level processing...
   📊 341,500 foods (6/s) | I:288506 U:0 S:52994 P:0 E:0 | fdc:722414 ckpt:722414
   ⚠️  UPC collision detected, falling back to row-level processing...
   📊 342,000 foods (6/s) | I:288953 U:0 S:53047 P:0 E:0 | fdc:723524 ckpt:723524
   ⚠️  UPC collision detected, falling back to row-level processing...
   📊 342,500 foods (6/s) | I:289411 U:0 S:53089 P:0 E:0 | fdc:724562 ckpt:724562
   ⚠️  UPC collision detected, falling back to row-level processing...
   📊 343,000 foods (6/s) | I:289864 U:0 S:53136 P:0 E:0 | fdc:725702 ckpt:725702
   ⚠️  UPC collision detected, falling back to row-level processing...
   📊 343,500 foods (6/s) | I:290301 U:0 S:53199 P:0 E:0 | fdc:726782 ckpt:726782
   ⚠️  UPC collision detected, falling back to row-level processing...
   📊 344,000 foods (6/s) | I:290765 U:0 S:53235 P:0 E:0 | fdc:727814 ckpt:727814
   ⚠️  UPC collision detected, falling back to row-level processing...
   📊 344,500 foods (6/s) | I:291214 U:0 S:53286 P:0 E:0 | fdc:728830 ckpt:728830
   ⚠️  UPC collision detected, falling back to row-level processing...
   📊 345,000 foods (6/s) | I:291632 U:0 S:53368 P:0 E:0 | fdc:729856 ckpt:729856
   ⚠️  UPC collision detected, falling back to row-level processing...
   📊 345,500 foods (6/s) | I:292082 U:0 S:53418 P:0 E:0 | fdc:730890 ckpt:730890
   ⚠️  UPC collision detected, falling back to row-level processing...
   📊 346,000 foods (6/s) | I:292545 U:0 S:53455 P:0 E:0 | fdc:731896 ckpt:731896
   ⚠️  UPC collision detected, falling back to row-level processing...
   📊 346,500 foods (6/s) | I:292993 U:0 S:53507 P:0 E:0 | fdc:732910 ckpt:732910
   ⚠️  UPC collision detected, falling back to row-level processing...
   📊 347,000 foods (6/s) | I:293439 U:0 S:53561 P:0 E:0 | fdc:733916 ckpt:733916
   ⚠️  UPC collision detected, falling back to row-level processing...
   📊 347,500 foods (6/s) | I:293809 U:0 S:53691 P:0 E:0 | fdc:735062 ckpt:735062
   ⚠️  UPC collision detected, falling back to row-level processing...
   📊 348,000 foods (6/s) | I:294107 U:0 S:53893 P:0 E:0 | fdc:736094 ckpt:736094
   ⚠️  UPC collision detected, falling back to row-level processing...
   📊 348,500 foods (6/s) | I:294433 U:0 S:54067 P:0 E:0 | fdc:737138 ckpt:737138
   ⚠️  UPC collision detected, falling back to row-level processing...
   📊 349,000 foods (6/s) | I:294842 U:0 S:54158 P:0 E:0 | fdc:738162 ckpt:738162
   ⚠️  Transient error (attempt 1/6): TypeError: fetch failed
   ⏳ Retrying in 1s...
   ⚠️  UPC collision detected, falling back to row-level processing...
   📊 349,500 foods (6/s) | I:295207 U:0 S:54293 P:0 E:0 | fdc:739202 ckpt:739202
   ⚠️  UPC collision detected, falling back to row-level processing...
   📊 350,000 foods (6/s) | I:295544 U:0 S:54456 P:0 E:0 | fdc:740214 ckpt:740214
   ⚠️  UPC collision detected, falling back to row-level processing...
   📊 350,500 foods (6/s) | I:295898 U:0 S:54602 P:0 E:0 | fdc:741222 ckpt:741222
   ⚠️  UPC collision detected, falling back to row-level processing...
   📊 351,000 foods (6/s) | I:296309 U:0 S:54691 P:0 E:0 | fdc:742266 ckpt:742266
   ⚠️  UPC collision detected, falling back to row-level processing...
   📊 351,500 foods (6/s) | I:296718 U:0 S:54782 P:0 E:0 | fdc:743338 ckpt:743338
   ⚠️  UPC collision detected, falling back to row-level processing...
   📊 352,000 foods (6/s) | I:297083 U:0 S:54917 P:0 E:0 | fdc:744452 ckpt:744452
   ⚠️  UPC collision detected, falling back to row-level processing...
   📊 352,500 foods (6/s) | I:297473 U:0 S:55027 P:0 E:0 | fdc:745492 ckpt:745492
   ⚠️  UPC collision detected, falling back to row-level processing...
   📊 353,000 foods (6/s) | I:297853 U:0 S:55147 P:0 E:0 | fdc:746674 ckpt:746674
   ⚠️  UPC collision detected, falling back to row-level processing...
   📊 353,500 foods (6/s) | I:297978 U:0 S:55522 P:0 E:0 | fdc:751770 ckpt:751770
   📋 Deduplicated 1 intra-batch UPC duplicates
   ⚠️  UPC collision detected, falling back to row-level processing...
   📊 354,000 foods (6/s) | I:297978 U:0 S:56022 P:0 E:0 | fdc:752774 ckpt:752774
   ⚠️  UPC collision detected, falling back to row-level processing...
   📊 354,500 foods (6/s) | I:297988 U:0 S:56512 P:0 E:0 | fdc:1847454 ckpt:1847454
   ⚠️  UPC collision detected, falling back to row-level processing...
   📊 355,000 foods (6/s) | I:297993 U:0 S:57007 P:0 E:0 | fdc:754774 ckpt:754774
   ⚠️  UPC collision detected, falling back to row-level processing...
   📊 355,500 foods (6/s) | I:297993 U:0 S:57507 P:0 E:0 | fdc:755774 ckpt:755774
   ⚠️  UPC collision detected, falling back to row-level processing...
   📊 356,000 foods (6/s) | I:297993 U:0 S:58007 P:0 E:0 | fdc:756774 ckpt:756774
   📋 Deduplicated 25 intra-batch UPC duplicates
   ⚠️  UPC collision detected, falling back to row-level processing...
   📊 356,500 foods (6/s) | I:298079 U:0 S:58421 P:0 E:0 | fdc:757792 ckpt:757792
   📋 Deduplicated 55 intra-batch UPC duplicates
   ⚠️  UPC collision detected, falling back to row-level processing...
   📊 357,000 foods (6/s) | I:298079 U:0 S:58921 P:0 E:0 | fdc:758792 ckpt:758792
   ⚠️  UPC collision detected, falling back to row-level processing...
   📊 357,500 foods (6/s) | I:298079 U:0 S:59421 P:0 E:0 | fdc:759792 ckpt:759792
   ⚠️  UPC collision detected, falling back to row-level processing...
   📊 358,000 foods (6/s) | I:298079 U:0 S:59921 P:0 E:0 | fdc:760792 ckpt:760792
   ⚠️  UPC collision detected, falling back to row-level processing...
   📊 358,500 foods (6/s) | I:298079 U:0 S:60421 P:0 E:0 | fdc:761792 ckpt:761792
   ⚠️  UPC collision detected, falling back to row-level processing...
   📊 359,000 foods (6/s) | I:298079 U:0 S:60921 P:0 E:0 | fdc:762792 ckpt:762792
   ⚠️  UPC collision detected, falling back to row-level processing...
   📊 359,500 foods (6/s) | I:298079 U:0 S:61421 P:0 E:0 | fdc:763792 ckpt:763792
   ⚠️  UPC collision detected, falling back to row-level processing...
   📊 360,000 foods (6/s) | I:298079 U:0 S:61921 P:0 E:0 | fdc:764792 ckpt:764792
   ⚠️  UPC collision detected, falling back to row-level processing...
   📊 360,500 foods (6/s) | I:298079 U:0 S:62421 P:0 E:0 | fdc:765792 ckpt:765792
   ⚠️  UPC collision detected, falling back to row-level processing...
   📊 361,000 foods (6/s) | I:298483 U:0 S:62517 P:0 E:0 | fdc:766792 ckpt:766792
   ⚠️  UPC collision detected, falling back to row-level processing...
   📊 361,500 foods (6/s) | I:298573 U:0 S:62927 P:0 E:0 | fdc:767792 ckpt:767792
   ⚠️  UPC collision detected, falling back to row-level processing...
   📊 362,000 foods (6/s) | I:298573 U:0 S:63427 P:0 E:0 | fdc:768792 ckpt:768792
   ⚠️  UPC collision detected, falling back to row-level processing...
   📊 362,500 foods (6/s) | I:298573 U:0 S:63927 P:0 E:0 | fdc:769792 ckpt:769792
   ⚠️  UPC collision detected, falling back to row-level processing...
   📊 363,000 foods (6/s) | I:298573 U:0 S:64427 P:0 E:0 | fdc:770792 ckpt:770792
   ⚠️  UPC collision detected, falling back to row-level processing...
   📊 363,500 foods (6/s) | I:298573 U:0 S:64927 P:0 E:0 | fdc:771792 ckpt:771792
   ⚠️  UPC collision detected, falling back to row-level processing...
   📊 364,000 foods (6/s) | I:298587 U:0 S:65413 P:0 E:0 | fdc:772808 ckpt:772808
   ⚠️  UPC collision detected, falling back to row-level processing...
   📊 364,500 foods (6/s) | I:298599 U:0 S:65901 P:0 E:0 | fdc:773864 ckpt:773864
   ⚠️  UPC collision detected, falling back to row-level processing...
   📊 365,000 foods (6/s) | I:298622 U:0 S:66378 P:0 E:0 | fdc:775120 ckpt:775120
   ⚠️  UPC collision detected, falling back to row-level processing...
   📊 365,500 foods (6/s) | I:298623 U:0 S:66877 P:0 E:0 | fdc:776164 ckpt:776164
   ⚠️  UPC collision detected, falling back to row-level processing...
   📊 366,000 foods (6/s) | I:298999 U:0 S:67001 P:0 E:0 | fdc:777364 ckpt:777364
   ⚠️  UPC collision detected, falling back to row-level processing...
   📊 366,500 foods (6/s) | I:299455 U:0 S:67045 P:0 E:0 | fdc:779760 ckpt:779760
   ⚠️  UPC collision detected, falling back to row-level processing...
   📊 367,000 foods (6/s) | I:299705 U:0 S:67295 P:0 E:0 | fdc:781018 ckpt:781018
   ⚠️  UPC collision detected, falling back to row-level processing...
   📊 367,500 foods (6/s) | I:299769 U:0 S:67731 P:0 E:0 | fdc:792765 ckpt:792765
   ⚠️  UPC collision detected, falling back to row-level processing...
   📊 368,000 foods (6/s) | I:299774 U:0 S:68226 P:0 E:0 | fdc:793769 ckpt:793769
   ⚠️  UPC collision detected, falling back to row-level processing...
   📊 368,500 foods (6/s) | I:299776 U:0 S:68724 P:0 E:0 | fdc:794773 ckpt:794773
   ⚠️  UPC collision detected, falling back to row-level processing...
   📊 369,000 foods (6/s) | I:299786 U:0 S:69214 P:0 E:0 | fdc:795779 ckpt:795779
   ⚠️  UPC collision detected, falling back to row-level processing...
   📊 369,500 foods (6/s) | I:299789 U:0 S:69711 P:0 E:0 | fdc:796781 ckpt:796781
   ⚠️  UPC collision detected, falling back to row-level processing...
   📊 370,000 foods (6/s) | I:299796 U:0 S:70204 P:0 E:0 | fdc:797815 ckpt:797815
   ⚠️  UPC collision detected, falling back to row-level processing...
   📊 370,500 foods (6/s) | I:299801 U:0 S:70699 P:0 E:0 | fdc:798899 ckpt:798899
   ⚠️  UPC collision detected, falling back to row-level processing...
   📊 371,000 foods (6/s) | I:299811 U:0 S:71189 P:0 E:0 | fdc:799975 ckpt:799975
   ⚠️  UPC collision detected, falling back to row-level processing...
   📊 371,500 foods (6/s) | I:299811 U:0 S:71689 P:0 E:0 | fdc:800999 ckpt:800999
   ⚠️  UPC collision detected, falling back to row-level processing...
   📊 372,000 foods (6/s) | I:299813 U:0 S:72187 P:0 E:0 | fdc:802013 ckpt:802013
   ⚠️  UPC collision detected, falling back to row-level processing...
   📊 372,500 foods (6/s) | I:299818 U:0 S:72682 P:0 E:0 | fdc:803033 ckpt:803033
   ⚠️  UPC collision detected, falling back to row-level processing...
   📊 373,000 foods (6/s) | I:299886 U:0 S:73114 P:0 E:0 | fdc:804033 ckpt:804033
   ⚠️  Transient error (attempt 1/6): TypeError: fetch failed
   ⏳ Retrying in 1s...
   ⚠️  UPC collision detected, falling back to row-level processing...
   📊 373,500 foods (6/s) | I:300124 U:0 S:73376 P:0 E:0 | fdc:805039 ckpt:805039
   ⚠️  UPC collision detected, falling back to row-level processing...
   📊 374,000 foods (6/s) | I:300377 U:0 S:73623 P:0 E:0 | fdc:806051 ckpt:806051
   ⚠️  UPC collision detected, falling back to row-level processing...
   📊 374,500 foods (6/s) | I:300538 U:0 S:73962 P:0 E:0 | fdc:807053 ckpt:807053
   ⚠️  UPC collision detected, falling back to row-level processing...
   📊 375,000 foods (6/s) | I:300739 U:0 S:74261 P:0 E:0 | fdc:808055 ckpt:808055
   ⚠️  UPC collision detected, falling back to row-level processing...
   📊 375,500 foods (6/s) | I:300908 U:0 S:74592 P:0 E:0 | fdc:809078 ckpt:809078
   ⚠️  UPC collision detected, falling back to row-level processing...
   📊 376,000 foods (6/s) | I:300908 U:0 S:75092 P:0 E:0 | fdc:810134 ckpt:810134
   ⚠️  UPC collision detected, falling back to row-level processing...
   📊 376,500 foods (6/s) | I:300955 U:0 S:75545 P:0 E:0 | fdc:811142 ckpt:811142
   ⚠️  UPC collision detected, falling back to row-level processing...
   📊 377,000 foods (6/s) | I:300972 U:0 S:76028 P:0 E:0 | fdc:812146 ckpt:812146
   ⚠️  UPC collision detected, falling back to row-level processing...
   📊 377,500 foods (6/s) | I:300993 U:0 S:76507 P:0 E:0 | fdc:813148 ckpt:813148
   ⚠️  UPC collision detected, falling back to row-level processing...
   📊 378,000 foods (6/s) | I:301003 U:0 S:76997 P:0 E:0 | fdc:814152 ckpt:814152
   ⚠️  UPC collision detected, falling back to row-level processing...
   📊 378,500 foods (6/s) | I:301015 U:0 S:77485 P:0 E:0 | fdc:815166 ckpt:815166
   ⚠️  UPC collision detected, falling back to row-level processing...
   📊 379,000 foods (6/s) | I:301037 U:0 S:77963 P:0 E:0 | fdc:816168 ckpt:816168
   ⚠️  UPC collision detected, falling back to row-level processing...
   📊 379,500 foods (6/s) | I:301041 U:0 S:78459 P:0 E:0 | fdc:817176 ckpt:817176
   ⚠️  UPC collision detected, falling back to row-level processing...
   📊 380,000 foods (6/s) | I:301047 U:0 S:78953 P:0 E:0 | fdc:818182 ckpt:818182
   ⚠️  UPC collision detected, falling back to row-level processing...
   📊 380,500 foods (6/s) | I:301054 U:0 S:79446 P:0 E:0 | fdc:819188 ckpt:819188
   ⚠️  UPC collision detected, falling back to row-level processing...
   📊 381,000 foods (6/s) | I:301058 U:0 S:79942 P:0 E:0 | fdc:820198 ckpt:820198
   ⚠️  UPC collision detected, falling back to row-level processing...
   📊 381,500 foods (6/s) | I:301075 U:0 S:80425 P:0 E:0 | fdc:821208 ckpt:821208
   ⚠️  UPC collision detected, falling back to row-level processing...
   📊 382,000 foods (6/s) | I:301078 U:0 S:80922 P:0 E:0 | fdc:822208 ckpt:822208
   ⚠️  UPC collision detected, falling back to row-level processing...
   📊 382,500 foods (6/s) | I:301083 U:0 S:81417 P:0 E:0 | fdc:823222 ckpt:823222
   ⚠️  UPC collision detected, falling back to row-level processing...
   ⚠️  Transient error (attempt 1/6): <!DOCTYPE html>
<!--[if lt IE 7]> <html class="no-js ie6 oldie" lang="en-US"> <![endif]-->
<!--[if IE 7]>    <html class="no-js ie7 oldie" lang="en-US"> <![endif]-->
<!--[if IE 8]>    <html class="no-js ie8 oldie" lang="en-US"> <![endif]-->
<!--[if gt IE 8]><!--> <html class="no-js" lang="en-US"> <!--<![endif]-->
<head>

<title> | 500: Internal server error</title>
<meta charset="UTF-8" />
<meta http-equiv="Content-Type" content="text/html; charset=UTF-8" />
<meta http-equiv="X-UA-Compatible" content="IE=Edge" />
<meta name="robots" content="noindex, nofollow" />
<meta name="viewport" content="width=device-width,initial-scale=1" />
<link rel="stylesheet" id="cf_styles-css" href="/cdn-cgi/styles/main.css" />
</head>
<body>
<div id="cf-wrapper">
    <div id="cf-error-details" class="p-0">
        <header class="mx-auto pt-10 lg:pt-6 lg:px-8 w-240 lg:w-full mb-8">
            <h1 class="inline-block sm:block sm:mb-2 font-light text-60 lg:text-4xl text-black-dark leading-tight mr-2">
                <span class="inline-block">Internal server error</span>
                <span class="code-label">Error code 500</span>
            </h1>
            <div>
                Visit <a href="https://www.cloudflare.com/5xx-error-landing?utm_source=errorcode_500&utm_campaign=tssvlflebugqhtogqdfs.supabase.co" target="_blank" rel="noopener noreferrer">cloudflare.com</a> for more information.
            </div>
            <div class="mt-3">2026-02-13 21:38:19 UTC</div>
        </header>
        <div class="my-8 bg-gradient-gray">
            <div class="w-240 lg:w-full mx-auto">
                <div class="clearfix md:px-8">
                    <div id="cf-browser-status" class=" relative w-1/3 md:w-full py-15 md:p-0 md:py-8 md:text-left md:border-solid md:border-0 md:border-b md:border-gray-400 overflow-hidden float-left md:float-none text-center">
  <div class="relative mb-10 md:m-0">
    
    <span class="cf-icon-browser block md:hidden h-20 bg-center bg-no-repeat"></span>
    <span class="cf-icon-ok w-12 h-12 absolute left-1/2 md:left-auto md:right-0 md:top-0 -ml-6 -bottom-4"></span>
    
  </div>
  <span class="md:block w-full truncate">You</span>
  <h3 class="md:inline-block mt-3 md:mt-0 text-2xl text-gray-600 font-light leading-1.3">
  
    Browser
  
  </h3>
  
  <span class="leading-1.3 text-2xl text-green-success">Working</span>
  
</div>
                    <div id="cf-cloudflare-status" class="cf-error-source relative w-1/3 md:w-full py-15 md:p-0 md:py-8 md:text-left md:border-solid md:border-0 md:border-b md:border-gray-400 overflow-hidden float-left md:float-none text-center">
  <div class="relative mb-10 md:m-0">
    <a href="https://www.cloudflare.com/5xx-error-landing?utm_source=errorcode_500&#38;utm_campaign=tssvlflebugqhtogqdfs.supabase.co" target="_blank" rel="noopener noreferrer">
    <span class="cf-icon-cloud block md:hidden h-20 bg-center bg-no-repeat"></span>
    <span class="cf-icon-error w-12 h-12 absolute left-1/2 md:left-auto md:right-0 md:top-0 -ml-6 -bottom-4"></span>
    </a>
  </div>
  <span class="md:block w-full truncate">Kansas City</span>
  <h3 class="md:inline-block mt-3 md:mt-0 text-2xl text-gray-600 font-light leading-1.3">
  <a href="https://www.cloudflare.com/5xx-error-landing?utm_source=errorcode_500&utm_campaign=tssvlflebugqhtogqdfs.supabase.co" target="_blank" rel="noopener noreferrer">
    Cloudflare
  </a>
  </h3>
  
  <span class="leading-1.3 text-2xl text-red-error">Error</span>
  
</div>
                    <div id="cf-host-status" class=" relative w-1/3 md:w-full py-15 md:p-0 md:py-8 md:text-left md:border-solid md:border-0 md:border-b md:border-gray-400 overflow-hidden float-left md:float-none text-center">
  <div class="relative mb-10 md:m-0">
    
    <span class="cf-icon-server block md:hidden h-20 bg-center bg-no-repeat"></span>
    <span class="cf-icon-ok w-12 h-12 absolute left-1/2 md:left-auto md:right-0 md:top-0 -ml-6 -bottom-4"></span>
    
  </div>
  <span class="md:block w-full truncate">tssvlflebugqhtogqdfs.supabase.co</span>
  <h3 class="md:inline-block mt-3 md:mt-0 text-2xl text-gray-600 font-light leading-1.3">
  
    Host
  
  </h3>
  
  <span class="leading-1.3 text-2xl text-green-success">Working</span>
  
</div>
                </div>
            </div>
        </div>

        <div class="w-240 lg:w-full mx-auto mb-8 lg:px-8">
            <div class="clearfix">
                <div class="w-1/2 md:w-full float-left pr-6 md:pb-10 md:pr-0 leading-relaxed">
                    <h2 class="text-3xl font-normal leading-1.3 mb-4">What happened?</h2>
                    <p>There is an internal server error on Cloudflare's network.</p>
                </div>
                <div class="w-1/2 md:w-full float-left leading-relaxed">
                    <h2 class="text-3xl font-normal leading-1.3 mb-4">What can I do?</h2>
                    <p class="mb-6">Please try again in a few minutes.</p>
                </div>
            </div>
        </div>

        <div class="cf-error-footer cf-wrapper w-240 lg:w-full py-10 sm:py-4 sm:px-8 mx-auto text-center sm:text-left border-solid border-0 border-t border-gray-300">
    <p class="text-13">
      <span class="cf-footer-item sm:block sm:mb-1">Cloudflare Ray ID: <strong class="font-semibold">9cd778d7ff004df1</strong></span>
      <span class="cf-footer-separator sm:hidden">&bull;</span>
      <span id="cf-footer-item-ip" class="cf-footer-item hidden sm:block sm:mb-1">
        Your IP:
        <button type="button" id="cf-footer-ip-reveal" class="cf-footer-ip-reveal-btn">Click to reveal</button>
        <span class="hidden" id="cf-footer-ip">68.13.243.86</span>
        <span class="cf-footer-separator sm:hidden">&bull;</span>
      </span>
      <span class="cf-footer-item sm:block sm:mb-1"><span>Performance &amp; security by</span> <a rel="noopener noreferrer" href="https://www.cloudflare.com/5xx-error-landing?utm_source=errorcode_500&#38;utm_campaign=tssvlflebugqhtogqdfs.supabase.co" id="brand_link" target="_blank">Cloudflare</a></span>
      
    </p>
    <script>(function(){function d(){var b=a.getElementById("cf-footer-item-ip"),c=a.getElementById("cf-footer-ip-reveal");b&&"classList"in b&&(b.classList.remove("hidden"),c.addEventListener("click",function(){c.classList.add("hidden");a.getElementById("cf-footer-ip").classList.remove("hidden")}))}var a=document;document.addEventListener&&a.addEventListener("DOMContentLoaded",d)})();</script>
  </div><!-- /.error-footer -->

    </div>
</div>
</body>
</html>
   ⏳ Retrying in 1s...
   📊 383,000 foods (6/s) | I:301090 U:0 S:81910 P:0 E:0 | fdc:824226 ckpt:824226
   ⚠️  UPC collision detected, falling back to row-level processing...
   📊 383,500 foods (6/s) | I:301095 U:0 S:82405 P:0 E:0 | fdc:825236 ckpt:825236
   ⚠️  UPC collision detected, falling back to row-level processing...
   📊 384,000 foods (6/s) | I:301111 U:0 S:82889 P:0 E:0 | fdc:826240 ckpt:826240
   ⚠️  UPC collision detected, falling back to row-level processing...
   📊 384,500 foods (6/s) | I:301126 U:0 S:83374 P:0 E:0 | fdc:827242 ckpt:827242
   ⚠️  UPC collision detected, falling back to row-level processing...
   📊 385,000 foods (6/s) | I:301129 U:0 S:83871 P:0 E:0 | fdc:828254 ckpt:828254
   ⚠️  UPC collision detected, falling back to row-level processing...
   📊 385,500 foods (6/s) | I:301140 U:0 S:84360 P:0 E:0 | fdc:829294 ckpt:829294
   ⚠️  UPC collision detected, falling back to row-level processing...
   📊 386,000 foods (6/s) | I:301144 U:0 S:84856 P:0 E:0 | fdc:830300 ckpt:830300
   ⚠️  UPC collision detected, falling back to row-level processing...
   📊 386,500 foods (6/s) | I:301149 U:0 S:85351 P:0 E:0 | fdc:831304 ckpt:831304
   ⚠️  UPC collision detected, falling back to row-level processing...
   📊 387,000 foods (6/s) | I:301155 U:0 S:85845 P:0 E:0 | fdc:832312 ckpt:832312
   ⚠️  UPC collision detected, falling back to row-level processing...
   📊 387,500 foods (6/s) | I:301170 U:0 S:86330 P:0 E:0 | fdc:833318 ckpt:833318
   ⚠️  UPC collision detected, falling back to row-level processing...
   📊 388,000 foods (6/s) | I:301190 U:0 S:86810 P:0 E:0 | fdc:834320 ckpt:834320
   ⚠️  UPC collision detected, falling back to row-level processing...
   📊 388,500 foods (6/s) | I:301204 U:0 S:87296 P:0 E:0 | fdc:835320 ckpt:835320
   ⚠️  UPC collision detected, falling back to row-level processing...
   📊 389,000 foods (6/s) | I:301209 U:0 S:87791 P:0 E:0 | fdc:836322 ckpt:836322
   ⚠️  UPC collision detected, falling back to row-level processing...
   📊 389,500 foods (6/s) | I:301214 U:0 S:88286 P:0 E:0 | fdc:837322 ckpt:837322
   ⚠️  UPC collision detected, falling back to row-level processing...
   📊 390,000 foods (6/s) | I:301243 U:0 S:88757 P:0 E:0 | fdc:838326 ckpt:838326
   ⚠️  UPC collision detected, falling back to row-level processing...
   📊 390,500 foods (6/s) | I:301249 U:0 S:89251 P:0 E:0 | fdc:839326 ckpt:839326
   ⚠️  UPC collision detected, falling back to row-level processing...
   📊 391,000 foods (6/s) | I:301257 U:0 S:89743 P:0 E:0 | fdc:840328 ckpt:840328
   ⚠️  UPC collision detected, falling back to row-level processing...
   📊 391,500 foods (6/s) | I:301266 U:0 S:90234 P:0 E:0 | fdc:841330 ckpt:841330
   ⚠️  UPC collision detected, falling back to row-level processing...
   📊 392,000 foods (6/s) | I:301276 U:0 S:90724 P:0 E:0 | fdc:842332 ckpt:842332
   ⚠️  UPC collision detected, falling back to row-level processing...
   📊 392,500 foods (6/s) | I:301286 U:0 S:91214 P:0 E:0 | fdc:843332 ckpt:843332
   ⚠️  UPC collision detected, falling back to row-level processing...
   📊 393,000 foods (6/s) | I:301289 U:0 S:91711 P:0 E:0 | fdc:844334 ckpt:844334
   ⚠️  UPC collision detected, falling back to row-level processing...
   📊 393,500 foods (6/s) | I:301297 U:0 S:92203 P:0 E:0 | fdc:845348 ckpt:845348
   ⚠️  UPC collision detected, falling back to row-level processing...
   📊 394,000 foods (6/s) | I:301297 U:0 S:92703 P:0 E:0 | fdc:846350 ckpt:846350
   ⚠️  UPC collision detected, falling back to row-level processing...
   📊 394,500 foods (6/s) | I:301301 U:0 S:93199 P:0 E:0 | fdc:847352 ckpt:847352
   ⚠️  UPC collision detected, falling back to row-level processing...
   📊 395,000 foods (6/s) | I:301309 U:0 S:93691 P:0 E:0 | fdc:848360 ckpt:848360
   ⚠️  UPC collision detected, falling back to row-level processing...
   📊 395,500 foods (6/s) | I:301318 U:0 S:94182 P:0 E:0 | fdc:849384 ckpt:849384
   ⚠️  UPC collision detected, falling back to row-level processing...
   📊 396,000 foods (6/s) | I:301333 U:0 S:94667 P:0 E:0 | fdc:850394 ckpt:850394
   ⚠️  UPC collision detected, falling back to row-level processing...
   📊 396,500 foods (6/s) | I:301360 U:0 S:95140 P:0 E:0 | fdc:851498 ckpt:851498
   ⚠️  UPC collision detected, falling back to row-level processing...
   📊 397,000 foods (6/s) | I:301406 U:0 S:95594 P:0 E:0 | fdc:852672 ckpt:852672
   ⚠️  UPC collision detected, falling back to row-level processing...
   📊 397,500 foods (6/s) | I:301414 U:0 S:96086 P:0 E:0 | fdc:853758 ckpt:853758
   ⚠️  UPC collision detected, falling back to row-level processing...
   📊 398,000 foods (6/s) | I:301423 U:0 S:96577 P:0 E:0 | fdc:854768 ckpt:854768
   ⚠️  UPC collision detected, falling back to row-level processing...
   📊 398,500 foods (6/s) | I:301431 U:0 S:97069 P:0 E:0 | fdc:855800 ckpt:855800
   ⚠️  UPC collision detected, falling back to row-level processing...
   📊 399,000 foods (6/s) | I:301434 U:0 S:97566 P:0 E:0 | fdc:856820 ckpt:856820
   ⚠️  UPC collision detected, falling back to row-level processing...
   📊 399,500 foods (6/s) | I:301436 U:0 S:98064 P:0 E:0 | fdc:857824 ckpt:857824
   ⚠️  UPC collision detected, falling back to row-level processing...
   📊 400,000 foods (6/s) | I:301441 U:0 S:98559 P:0 E:0 | fdc:858832 ckpt:858832
   ⚠️  UPC collision detected, falling back to row-level processing...
   📊 400,500 foods (6/s) | I:301473 U:0 S:99027 P:0 E:0 | fdc:859854 ckpt:859854
   ⚠️  UPC collision detected, falling back to row-level processing...
   📊 401,000 foods (6/s) | I:301478 U:0 S:99522 P:0 E:0 | fdc:860880 ckpt:860880
   ⚠️  UPC collision detected, falling back to row-level processing...
   📊 401,500 foods (6/s) | I:301500 U:0 S:100000 P:0 E:0 | fdc:862502 ckpt:862502
   ⚠️  UPC collision detected, falling back to row-level processing...
   📊 402,000 foods (6/s) | I:301554 U:0 S:100446 P:0 E:0 | fdc:863754 ckpt:863754
   ⚠️  UPC collision detected, falling back to row-level processing...
   📊 402,500 foods (6/s) | I:301568 U:0 S:100932 P:0 E:0 | fdc:864852 ckpt:864852
   ⚠️  UPC collision detected, falling back to row-level processing...
   📊 403,000 foods (6/s) | I:301572 U:0 S:101428 P:0 E:0 | fdc:865860 ckpt:865860
   ⚠️  UPC collision detected, falling back to row-level processing...
   📊 403,500 foods (6/s) | I:301575 U:0 S:101925 P:0 E:0 | fdc:866866 ckpt:866866
   ⚠️  UPC collision detected, falling back to row-level processing...
   📊 404,000 foods (6/s) | I:301852 U:0 S:102148 P:0 E:0 | fdc:868612 ckpt:868612
   ⚠️  UPC collision detected, falling back to row-level processing...
   📊 404,500 foods (6/s) | I:301937 U:0 S:102563 P:0 E:0 | fdc:870192 ckpt:870192
   ⚠️  UPC collision detected, falling back to row-level processing...
   📊 405,000 foods (6/s) | I:301942 U:0 S:103058 P:0 E:0 | fdc:871282 ckpt:871282
   ⚠️  UPC collision detected, falling back to row-level processing...
   📊 405,500 foods (6/s) | I:301943 U:0 S:103557 P:0 E:0 | fdc:872296 ckpt:872296
   ⚠️  UPC collision detected, falling back to row-level processing...
   📊 406,000 foods (6/s) | I:301945 U:0 S:104055 P:0 E:0 | fdc:873316 ckpt:873316
   ⚠️  UPC collision detected, falling back to row-level processing...
   📊 406,500 foods (6/s) | I:301946 U:0 S:104554 P:0 E:0 | fdc:874328 ckpt:874328
   ⚠️  UPC collision detected, falling back to row-level processing...
   📊 407,000 foods (6/s) | I:301948 U:0 S:105052 P:0 E:0 | fdc:875330 ckpt:875330
   ⚠️  UPC collision detected, falling back to row-level processing...
   📊 407,500 foods (6/s) | I:301952 U:0 S:105548 P:0 E:0 | fdc:876334 ckpt:876334
   ⚠️  UPC collision detected, falling back to row-level processing...
   📊 408,000 foods (6/s) | I:301956 U:0 S:106044 P:0 E:0 | fdc:877342 ckpt:877342
   ⚠️  UPC collision detected, falling back to row-level processing...
   📊 408,500 foods (6/s) | I:302026 U:0 S:106474 P:0 E:0 | fdc:878458 ckpt:878458
   ⚠️  UPC collision detected, falling back to row-level processing...
   📊 409,000 foods (6/s) | I:302035 U:0 S:106965 P:0 E:0 | fdc:879496 ckpt:879496
   ⚠️  UPC collision detected, falling back to row-level processing...
   📊 409,500 foods (6/s) | I:302035 U:0 S:107465 P:0 E:0 | fdc:880500 ckpt:880500
   ⚠️  UPC collision detected, falling back to row-level processing...
   📊 410,000 foods (6/s) | I:302036 U:0 S:107964 P:0 E:0 | fdc:881510 ckpt:881510
   ⚠️  UPC collision detected, falling back to row-level processing...
   📊 410,500 foods (6/s) | I:302037 U:0 S:108463 P:0 E:0 | fdc:882524 ckpt:882524
   ⚠️  UPC collision detected, falling back to row-level processing...
   📊 411,000 foods (6/s) | I:302037 U:0 S:108963 P:0 E:0 | fdc:883538 ckpt:883538
   ⚠️  UPC collision detected, falling back to row-level processing...
   📊 411,500 foods (6/s) | I:302037 U:0 S:109463 P:0 E:0 | fdc:884546 ckpt:884546
   ⚠️  UPC collision detected, falling back to row-level processing...
   📊 412,000 foods (6/s) | I:302038 U:0 S:109962 P:0 E:0 | fdc:885552 ckpt:885552
   ⚠️  UPC collision detected, falling back to row-level processing...
   📊 412,500 foods (6/s) | I:302040 U:0 S:110460 P:0 E:0 | fdc:886558 ckpt:886558
   ⚠️  UPC collision detected, falling back to row-level processing...
   📊 413,000 foods (6/s) | I:302041 U:0 S:110959 P:0 E:0 | fdc:887564 ckpt:887564
   ⚠️  UPC collision detected, falling back to row-level processing...
   📊 413,500 foods (6/s) | I:302044 U:0 S:111456 P:0 E:0 | fdc:888580 ckpt:888580
   ⚠️  UPC collision detected, falling back to row-level processing...
   📊 414,000 foods (6/s) | I:302044 U:0 S:111956 P:0 E:0 | fdc:889582 ckpt:889582
   ⚠️  UPC collision detected, falling back to row-level processing...
   📊 414,500 foods (6/s) | I:302044 U:0 S:112456 P:0 E:0 | fdc:890614 ckpt:890614
   ⚠️  UPC collision detected, falling back to row-level processing...
   📊 415,000 foods (6/s) | I:302052 U:0 S:112948 P:0 E:0 | fdc:891650 ckpt:891650
   ⚠️  UPC collision detected, falling back to row-level processing...
   📊 415,500 foods (6/s) | I:302056 U:0 S:113444 P:0 E:0 | fdc:892678 ckpt:892678
   ⚠️  UPC collision detected, falling back to row-level processing...
   📊 416,000 foods (6/s) | I:302058 U:0 S:113942 P:0 E:0 | fdc:893724 ckpt:893724
   ⚠️  UPC collision detected, falling back to row-level processing...
   📊 416,500 foods (6/s) | I:302061 U:0 S:114439 P:0 E:0 | fdc:894734 ckpt:894734
   ⚠️  UPC collision detected, falling back to row-level processing...
   📊 417,000 foods (6/s) | I:302070 U:0 S:114930 P:0 E:0 | fdc:895764 ckpt:895764
   ⚠️  UPC collision detected, falling back to row-level processing...
   📊 417,500 foods (6/s) | I:302078 U:0 S:115422 P:0 E:0 | fdc:896772 ckpt:896772
   ⚠️  UPC collision detected, falling back to row-level processing...
   📊 418,000 foods (6/s) | I:302086 U:0 S:115914 P:0 E:0 | fdc:897794 ckpt:897794
   ⚠️  UPC collision detected, falling back to row-level processing...
   📊 418,500 foods (6/s) | I:302090 U:0 S:116410 P:0 E:0 | fdc:898840 ckpt:898840
   ⚠️  UPC collision detected, falling back to row-level processing...
   📊 419,000 foods (6/s) | I:302103 U:0 S:116897 P:0 E:0 | fdc:900000 ckpt:900000
   ⚠️  UPC collision detected, falling back to row-level processing...
   📊 419,500 foods (6/s) | I:302123 U:0 S:117377 P:0 E:0 | fdc:901154 ckpt:901154
   ⚠️  UPC collision detected, falling back to row-level processing...
   📊 420,000 foods (6/s) | I:302134 U:0 S:117866 P:0 E:0 | fdc:902274 ckpt:902274
   ⚠️  UPC collision detected, falling back to row-level processing...
   📊 420,500 foods (6/s) | I:302159 U:0 S:118341 P:0 E:0 | fdc:903406 ckpt:903406
   ⚠️  UPC collision detected, falling back to row-level processing...
   📊 421,000 foods (6/s) | I:302164 U:0 S:118836 P:0 E:0 | fdc:904440 ckpt:904440
   ⚠️  UPC collision detected, falling back to row-level processing...
   📊 421,500 foods (6/s) | I:302180 U:0 S:119320 P:0 E:0 | fdc:905448 ckpt:905448
   ⚠️  UPC collision detected, falling back to row-level processing...
   📊 422,000 foods (6/s) | I:302183 U:0 S:119817 P:0 E:0 | fdc:906474 ckpt:906474
   ⚠️  UPC collision detected, falling back to row-level processing...
   📊 422,500 foods (6/s) | I:302186 U:0 S:120314 P:0 E:0 | fdc:907490 ckpt:907490
   ⚠️  UPC collision detected, falling back to row-level processing...
   📊 423,000 foods (6/s) | I:302186 U:0 S:120814 P:0 E:0 | fdc:908532 ckpt:908532
   ⚠️  UPC collision detected, falling back to row-level processing...
   📊 423,500 foods (6/s) | I:302189 U:0 S:121311 P:0 E:0 | fdc:909544 ckpt:909544
   ⚠️  UPC collision detected, falling back to row-level processing...
   📊 424,000 foods (6/s) | I:302189 U:0 S:121811 P:0 E:0 | fdc:910556 ckpt:910556
   ⚠️  UPC collision detected, falling back to row-level processing...
   📊 424,500 foods (6/s) | I:302189 U:0 S:122311 P:0 E:0 | fdc:911566 ckpt:911566
   ⚠️  UPC collision detected, falling back to row-level processing...
   📊 425,000 foods (6/s) | I:302189 U:0 S:122811 P:0 E:0 | fdc:912578 ckpt:912578
   ⚠️  UPC collision detected, falling back to row-level processing...
   📊 425,500 foods (6/s) | I:302189 U:0 S:123311 P:0 E:0 | fdc:913578 ckpt:913578
   ⚠️  UPC collision detected, falling back to row-level processing...
   📊 426,000 foods (6/s) | I:302189 U:0 S:123811 P:0 E:0 | fdc:914594 ckpt:914594
   ⚠️  UPC collision detected, falling back to row-level processing...
   📊 426,500 foods (6/s) | I:302189 U:0 S:124311 P:0 E:0 | fdc:915594 ckpt:915594
   ⚠️  UPC collision detected, falling back to row-level processing...
   📊 427,000 foods (6/s) | I:302189 U:0 S:124811 P:0 E:0 | fdc:916596 ckpt:916596
   ⚠️  UPC collision detected, falling back to row-level processing...
   📊 427,500 foods (6/s) | I:302191 U:0 S:125309 P:0 E:0 | fdc:917610 ckpt:917610
   ⚠️  UPC collision detected, falling back to row-level processing...
   📊 428,000 foods (6/s) | I:302617 U:0 S:125383 P:0 E:0 | fdc:918638 ckpt:918638
   ⚠️  UPC collision detected, falling back to row-level processing...
   📊 428,500 foods (6/s) | I:303074 U:0 S:125426 P:0 E:0 | fdc:919674 ckpt:919674
   ⚠️  UPC collision detected, falling back to row-level processing...
   📊 429,000 foods (6/s) | I:303540 U:0 S:125460 P:0 E:0 | fdc:920720 ckpt:920720
   ⚠️  UPC collision detected, falling back to row-level processing...
   📊 429,500 foods (6/s) | I:303998 U:0 S:125502 P:0 E:0 | fdc:921736 ckpt:921736
   ⚠️  UPC collision detected, falling back to row-level processing...
   📊 430,000 foods (6/s) | I:304215 U:0 S:125785 P:0 E:0 | fdc:922746 ckpt:922746
   ⚠️  UPC collision detected, falling back to row-level processing...
   📊 430,500 foods (6/s) | I:304352 U:0 S:126148 P:0 E:0 | fdc:923750 ckpt:923750
   ⚠️  UPC collision detected, falling back to row-level processing...
   📊 431,000 foods (6/s) | I:304483 U:0 S:126517 P:0 E:0 | fdc:924788 ckpt:924788
   ⚠️  UPC collision detected, falling back to row-level processing...
   📊 431,500 foods (6/s) | I:304554 U:0 S:126946 P:0 E:0 | fdc:925794 ckpt:925794
   ⚠️  UPC collision detected, falling back to row-level processing...
   📊 432,000 foods (6/s) | I:304676 U:0 S:127324 P:0 E:0 | fdc:926798 ckpt:926798
   ⚠️  UPC collision detected, falling back to row-level processing...
   📊 432,500 foods (6/s) | I:304780 U:0 S:127720 P:0 E:0 | fdc:927802 ckpt:927802
   ⚠️  UPC collision detected, falling back to row-level processing...
   📊 433,000 foods (6/s) | I:304853 U:0 S:128147 P:0 E:0 | fdc:928810 ckpt:928810
   ⚠️  UPC collision detected, falling back to row-level processing...
   📊 433,500 foods (6/s) | I:304948 U:0 S:128552 P:0 E:0 | fdc:929832 ckpt:929832
   ⚠️  UPC collision detected, falling back to row-level processing...
   📊 434,000 foods (6/s) | I:305060 U:0 S:128940 P:0 E:0 | fdc:930838 ckpt:930838
   ⚠️  UPC collision detected, falling back to row-level processing...
   📊 434,500 foods (6/s) | I:305125 U:0 S:129375 P:0 E:0 | fdc:931846 ckpt:931846
   ⚠️  UPC collision detected, falling back to row-level processing...
   📊 435,000 foods (6/s) | I:305191 U:0 S:129809 P:0 E:0 | fdc:932852 ckpt:932852
   ⚠️  UPC collision detected, falling back to row-level processing...
   📊 435,500 foods (6/s) | I:305254 U:0 S:130246 P:0 E:0 | fdc:933852 ckpt:933852
   ⚠️  UPC collision detected, falling back to row-level processing...
   📊 436,000 foods (6/s) | I:305338 U:0 S:130662 P:0 E:0 | fdc:934854 ckpt:934854
   ⚠️  UPC collision detected, falling back to row-level processing...
   📊 436,500 foods (6/s) | I:305393 U:0 S:131107 P:0 E:0 | fdc:935854 ckpt:935854
   ⚠️  UPC collision detected, falling back to row-level processing...
   📊 437,000 foods (6/s) | I:305441 U:0 S:131559 P:0 E:0 | fdc:936868 ckpt:936868
   ⚠️  UPC collision detected, falling back to row-level processing...
   📊 437,500 foods (6/s) | I:305507 U:0 S:131993 P:0 E:0 | fdc:937882 ckpt:937882
   ⚠️  UPC collision detected, falling back to row-level processing...
   📊 438,000 foods (6/s) | I:305657 U:0 S:132340 P:0 E:3 | fdc:938904 ckpt:937882
   ⚠️  UPC collision detected, falling back to row-level processing...
   📊 438,500 foods (6/s) | I:305803 U:0 S:132694 P:0 E:3 | fdc:939908 ckpt:939908
   ⚠️  UPC collision detected, falling back to row-level processing...
   📊 439,000 foods (6/s) | I:305911 U:0 S:133086 P:0 E:3 | fdc:940910 ckpt:940910
   ⚠️  UPC collision detected, falling back to row-level processing...
   📊 439,500 foods (6/s) | I:306020 U:0 S:133477 P:0 E:3 | fdc:941920 ckpt:941920
   ⚠️  UPC collision detected, falling back to row-level processing...
   📊 440,000 foods (6/s) | I:306107 U:0 S:133890 P:0 E:3 | fdc:942942 ckpt:942942
   ⚠️  UPC collision detected, falling back to row-level processing...
   📊 440,500 foods (6/s) | I:306481 U:0 S:134016 P:0 E:3 | fdc:943982 ckpt:943982
   📊 441,000 foods (6/s) | I:306981 U:0 S:134016 P:0 E:3 | fdc:945056 ckpt:945056
   📊 441,500 foods (6/s) | I:307481 U:0 S:134016 P:0 E:3 | fdc:946072 ckpt:946072
   📊 442,000 foods (6/s) | I:307981 U:0 S:134016 P:0 E:3 | fdc:947074 ckpt:947074
   ⚠️  UPC collision detected, falling back to row-level processing...
   📊 442,500 foods (6/s) | I:308447 U:0 S:134050 P:0 E:3 | fdc:948074 ckpt:948074
   ⚠️  UPC collision detected, falling back to row-level processing...
   📊 443,000 foods (6/s) | I:308862 U:0 S:134135 P:0 E:3 | fdc:949084 ckpt:949084
   ⚠️  UPC collision detected, falling back to row-level processing...
   📊 443,500 foods (6/s) | I:309320 U:0 S:134177 P:0 E:3 | fdc:950084 ckpt:950084
   ⚠️  UPC collision detected, falling back to row-level processing...
   📊 444,000 foods (6/s) | I:309538 U:0 S:134459 P:0 E:3 | fdc:951087 ckpt:951087
   ⚠️  UPC collision detected, falling back to row-level processing...
   📊 444,500 foods (6/s) | I:309561 U:0 S:134936 P:0 E:3 | fdc:952087 ckpt:952087
   ⚠️  UPC collision detected, falling back to row-level processing...
   📊 445,000 foods (6/s) | I:309613 U:0 S:135384 P:0 E:3 | fdc:953103 ckpt:953103
   ⚠️  UPC collision detected, falling back to row-level processing...
   📊 445,500 foods (6/s) | I:309669 U:0 S:135828 P:0 E:3 | fdc:954185 ckpt:954185
   ⚠️  UPC collision detected, falling back to row-level processing...
   📊 446,000 foods (6/s) | I:309706 U:0 S:136291 P:0 E:3 | fdc:955231 ckpt:955231
   ⚠️  UPC collision detected, falling back to row-level processing...
   📊 446,500 foods (6/s) | I:309729 U:0 S:136768 P:0 E:3 | fdc:956237 ckpt:956237
   ⚠️  UPC collision detected, falling back to row-level processing...
   📊 447,000 foods (6/s) | I:309743 U:0 S:137254 P:0 E:3 | fdc:957249 ckpt:957249
   ⚠️  UPC collision detected, falling back to row-level processing...
   📊 447,500 foods (6/s) | I:309788 U:0 S:137709 P:0 E:3 | fdc:958261 ckpt:958261
   ⚠️  UPC collision detected, falling back to row-level processing...
   📊 448,000 foods (6/s) | I:309814 U:0 S:138183 P:0 E:3 | fdc:959267 ckpt:959267
   ⚠️  UPC collision detected, falling back to row-level processing...
   📊 448,500 foods (6/s) | I:309817 U:0 S:138680 P:0 E:3 | fdc:960271 ckpt:960271
   ⚠️  UPC collision detected, falling back to row-level processing...
   📊 449,000 foods (6/s) | I:309834 U:0 S:139163 P:0 E:3 | fdc:961287 ckpt:961287
   ⚠️  UPC collision detected, falling back to row-level processing...
   📊 449,500 foods (6/s) | I:309868 U:0 S:139629 P:0 E:3 | fdc:962327 ckpt:962327
   ⚠️  UPC collision detected, falling back to row-level processing...
   📊 450,000 foods (6/s) | I:309972 U:0 S:140025 P:0 E:3 | fdc:963347 ckpt:963347
   ⚠️  UPC collision detected, falling back to row-level processing...
   📊 450,500 foods (6/s) | I:310170 U:0 S:140327 P:0 E:3 | fdc:964357 ckpt:964357
   ⚠️  UPC collision detected, falling back to row-level processing...
   📊 451,000 foods (6/s) | I:310257 U:0 S:140740 P:0 E:3 | fdc:965361 ckpt:965361
   ⚠️  UPC collision detected, falling back to row-level processing...
   📊 451,500 foods (6/s) | I:310294 U:0 S:141203 P:0 E:3 | fdc:966363 ckpt:966363
   ⚠️  UPC collision detected, falling back to row-level processing...
   📊 452,000 foods (6/s) | I:310319 U:0 S:141678 P:0 E:3 | fdc:967367 ckpt:967367
   ⚠️  UPC collision detected, falling back to row-level processing...
   📊 452,500 foods (6/s) | I:310353 U:0 S:142144 P:0 E:3 | fdc:968371 ckpt:968371
   ⚠️  UPC collision detected, falling back to row-level processing...
   📊 453,000 foods (6/s) | I:310391 U:0 S:142606 P:0 E:3 | fdc:969377 ckpt:969377
   ⚠️  UPC collision detected, falling back to row-level processing...
   📊 453,500 foods (6/s) | I:310406 U:0 S:143091 P:0 E:3 | fdc:1848956 ckpt:1848956
   ⚠️  UPC collision detected, falling back to row-level processing...
   📊 454,000 foods (6/s) | I:310479 U:0 S:143518 P:0 E:3 | fdc:971385 ckpt:971385
   ⚠️  UPC collision detected, falling back to row-level processing...
   📊 454,500 foods (6/s) | I:310487 U:0 S:144010 P:0 E:3 | fdc:972407 ckpt:972407
   ⚠️  UPC collision detected, falling back to row-level processing...
   📊 455,000 foods (6/s) | I:310538 U:0 S:144459 P:0 E:3 | fdc:973423 ckpt:973423
   ⚠️  UPC collision detected, falling back to row-level processing...
   📊 455,500 foods (6/s) | I:310601 U:0 S:144896 P:0 E:3 | fdc:974471 ckpt:974471
   ⚠️  UPC collision detected, falling back to row-level processing...
   📊 456,000 foods (6/s) | I:310634 U:0 S:145363 P:0 E:3 | fdc:975489 ckpt:975489
   ⚠️  UPC collision detected, falling back to row-level processing...
   📊 456,500 foods (6/s) | I:310711 U:0 S:145786 P:0 E:3 | fdc:976659 ckpt:976659
   ⚠️  UPC collision detected, falling back to row-level processing...
   📊 457,000 foods (6/s) | I:311141 U:0 S:145856 P:0 E:3 | fdc:977665 ckpt:977665
   ⚠️  UPC collision detected, falling back to row-level processing...
   📊 457,500 foods (6/s) | I:311556 U:0 S:145941 P:0 E:3 | fdc:978853 ckpt:978853
   ⚠️  UPC collision detected, falling back to row-level processing...
   📊 458,000 foods (6/s) | I:312024 U:0 S:145973 P:0 E:3 | fdc:980305 ckpt:980305
   ⚠️  UPC collision detected, falling back to row-level processing...
   📊 458,500 foods (6/s) | I:312316 U:0 S:146181 P:0 E:3 | fdc:981453 ckpt:981453
   ⚠️  UPC collision detected, falling back to row-level processing...
   📊 459,000 foods (6/s) | I:312533 U:0 S:146464 P:0 E:3 | fdc:982597 ckpt:982597
   ⚠️  UPC collision detected, falling back to row-level processing...
   📊 459,500 foods (6/s) | I:312599 U:0 S:146898 P:0 E:3 | fdc:983615 ckpt:983615
   ⚠️  UPC collision detected, falling back to row-level processing...
   📊 460,000 foods (6/s) | I:312648 U:0 S:147349 P:0 E:3 | fdc:984683 ckpt:984683
   ⚠️  UPC collision detected, falling back to row-level processing...
   📊 460,500 foods (6/s) | I:312684 U:0 S:147813 P:0 E:3 | fdc:1849232 ckpt:1849232
   ⚠️  UPC collision detected, falling back to row-level processing...
   📊 461,000 foods (6/s) | I:312727 U:0 S:148270 P:0 E:3 | fdc:1849276 ckpt:1849276
   ⚠️  UPC collision detected, falling back to row-level processing...
   📊 461,500 foods (6/s) | I:312774 U:0 S:148723 P:0 E:3 | fdc:987813 ckpt:987813
   ⚠️  UPC collision detected, falling back to row-level processing...
   📊 462,000 foods (6/s) | I:312884 U:0 S:149113 P:0 E:3 | fdc:988935 ckpt:988935
   ⚠️  UPC collision detected, falling back to row-level processing...
   📊 462,500 foods (6/s) | I:313266 U:0 S:149231 P:0 E:3 | fdc:990505 ckpt:990505
   ⚠️  UPC collision detected, falling back to row-level processing...
   📊 463,000 foods (6/s) | I:313729 U:0 S:149268 P:0 E:3 | fdc:991809 ckpt:991809
   ⚠️  UPC collision detected, falling back to row-level processing...
   📊 463,500 foods (6/s) | I:314103 U:0 S:149394 P:0 E:3 | fdc:993253 ckpt:993253
   ⚠️  UPC collision detected, falling back to row-level processing...
   📊 464,000 foods (6/s) | I:314582 U:0 S:149415 P:0 E:3 | fdc:994527 ckpt:994527
   ⚠️  UPC collision detected, falling back to row-level processing...
   📊 464,500 foods (6/s) | I:314965 U:0 S:149532 P:0 E:3 | fdc:996601 ckpt:996601
   ⚠️  UPC collision detected, falling back to row-level processing...
   📊 465,000 foods (6/s) | I:315310 U:0 S:149687 P:0 E:3 | fdc:997913 ckpt:997913
   ⚠️  UPC collision detected, falling back to row-level processing...
   📊 465,500 foods (6/s) | I:315627 U:0 S:149870 P:0 E:3 | fdc:999427 ckpt:999427
   ⚠️  UPC collision detected, falling back to row-level processing...
   📊 466,000 foods (6/s) | I:315990 U:0 S:150007 P:0 E:3 | fdc:1001013 ckpt:1001013
   ⚠️  UPC collision detected, falling back to row-level processing...
   📊 466,500 foods (6/s) | I:316069 U:0 S:150428 P:0 E:3 | fdc:1002019 ckpt:1002019
   ⚠️  UPC collision detected, falling back to row-level processing...
   📊 467,000 foods (6/s) | I:316105 U:0 S:150892 P:0 E:3 | fdc:1003023 ckpt:1003023
   ⚠️  UPC collision detected, falling back to row-level processing...
   📊 467,500 foods (6/s) | I:316502 U:0 S:150995 P:0 E:3 | fdc:1004297 ckpt:1004297
   ⚠️  UPC collision detected, falling back to row-level processing...
   📊 468,000 foods (6/s) | I:316715 U:0 S:151282 P:0 E:3 | fdc:1849502 ckpt:1849502
   ⚠️  UPC collision detected, falling back to row-level processing...
   📊 468,500 foods (6/s) | I:316966 U:0 S:151531 P:0 E:3 | fdc:1006709 ckpt:1006709
   ⚠️  UPC collision detected, falling back to row-level processing...
   📊 469,000 foods (6/s) | I:316985 U:0 S:152012 P:0 E:3 | fdc:1007719 ckpt:1007719
   ⚠️  UPC collision detected, falling back to row-level processing...
   📊 469,500 foods (6/s) | I:317010 U:0 S:152487 P:0 E:3 | fdc:1008721 ckpt:1008721
   ⚠️  UPC collision detected, falling back to row-level processing...
   📊 470,000 foods (6/s) | I:317029 U:0 S:152968 P:0 E:3 | fdc:1009737 ckpt:1009737
   ⚠️  UPC collision detected, falling back to row-level processing...
   📊 470,500 foods (6/s) | I:317152 U:0 S:153345 P:0 E:3 | fdc:1010755 ckpt:1010755
   ⚠️  UPC collision detected, falling back to row-level processing...
   📊 471,000 foods (6/s) | I:317152 U:0 S:153845 P:0 E:3 | fdc:1011815 ckpt:1011815
   ⚠️  UPC collision detected, falling back to row-level processing...
   📊 471,500 foods (6/s) | I:317153 U:0 S:154344 P:0 E:3 | fdc:1012825 ckpt:1012825
   ⚠️  UPC collision detected, falling back to row-level processing...
   📊 472,000 foods (6/s) | I:317209 U:0 S:154788 P:0 E:3 | fdc:1013877 ckpt:1013877
   ⚠️  UPC collision detected, falling back to row-level processing...
   📊 472,500 foods (6/s) | I:317599 U:0 S:154898 P:0 E:3 | fdc:1015153 ckpt:1015153
   ⚠️  UPC collision detected, falling back to row-level processing...
   📊 473,000 foods (6/s) | I:317957 U:0 S:155040 P:0 E:3 | fdc:1016385 ckpt:1016385
   ⚠️  UPC collision detected, falling back to row-level processing...
   📊 473,500 foods (6/s) | I:317976 U:0 S:155521 P:0 E:3 | fdc:1017403 ckpt:1017403
   ⚠️  UPC collision detected, falling back to row-level processing...
   📊 474,000 foods (6/s) | I:317982 U:0 S:156015 P:0 E:3 | fdc:1018407 ckpt:1018407
   ⚠️  UPC collision detected, falling back to row-level processing...
   📊 474,500 foods (6/s) | I:317984 U:0 S:156513 P:0 E:3 | fdc:1019423 ckpt:1019423
   ⚠️  UPC collision detected, falling back to row-level processing...
   📊 475,000 foods (6/s) | I:317984 U:0 S:157013 P:0 E:3 | fdc:1020441 ckpt:1020441
   ⚠️  UPC collision detected, falling back to row-level processing...
   📊 475,500 foods (5/s) | I:317989 U:0 S:157508 P:0 E:3 | fdc:1021443 ckpt:1021443
   ⚠️  UPC collision detected, falling back to row-level processing...
   📊 476,000 foods (5/s) | I:317989 U:0 S:158008 P:0 E:3 | fdc:1022447 ckpt:1022447
   ⚠️  UPC collision detected, falling back to row-level processing...
   📊 476,500 foods (5/s) | I:317990 U:0 S:158507 P:0 E:3 | fdc:1023463 ckpt:1023463
   ⚠️  UPC collision detected, falling back to row-level processing...
   📊 477,000 foods (5/s) | I:317998 U:0 S:158999 P:0 E:3 | fdc:1024491 ckpt:1024491
   ⚠️  UPC collision detected, falling back to row-level processing...
   📊 477,500 foods (5/s) | I:317998 U:0 S:159499 P:0 E:3 | fdc:1025503 ckpt:1025503
   ⚠️  UPC collision detected, falling back to row-level processing...
   📊 478,000 foods (5/s) | I:318001 U:0 S:159996 P:0 E:3 | fdc:1026549 ckpt:1026549
   ⚠️  UPC collision detected, falling back to row-level processing...
   📊 478,500 foods (5/s) | I:318003 U:0 S:160494 P:0 E:3 | fdc:1027659 ckpt:1027659
   ⚠️  UPC collision detected, falling back to row-level processing...
   📊 479,000 foods (5/s) | I:318003 U:0 S:160994 P:0 E:3 | fdc:1028673 ckpt:1028673
   ⚠️  UPC collision detected, falling back to row-level processing...
   📊 479,500 foods (5/s) | I:318004 U:0 S:161493 P:0 E:3 | fdc:1029703 ckpt:1029703
   ⚠️  UPC collision detected, falling back to row-level processing...
   📊 480,000 foods (5/s) | I:318005 U:0 S:161992 P:0 E:3 | fdc:1030717 ckpt:1030717
   ⚠️  UPC collision detected, falling back to row-level processing...
   📊 480,500 foods (5/s) | I:318009 U:0 S:162488 P:0 E:3 | fdc:1031727 ckpt:1031727
   ⚠️  UPC collision detected, falling back to row-level processing...
   📊 481,000 foods (5/s) | I:318011 U:0 S:162986 P:0 E:3 | fdc:1032751 ckpt:1032751
   ⚠️  UPC collision detected, falling back to row-level processing...
   📊 481,500 foods (5/s) | I:318013 U:0 S:163484 P:0 E:3 | fdc:1033787 ckpt:1033787
   ⚠️  UPC collision detected, falling back to row-level processing...
   📊 482,000 foods (5/s) | I:318014 U:0 S:163983 P:0 E:3 | fdc:1034827 ckpt:1034827
   ⚠️  UPC collision detected, falling back to row-level processing...
   📊 482,500 foods (5/s) | I:318021 U:0 S:164476 P:0 E:3 | fdc:1035853 ckpt:1035853
   ⚠️  UPC collision detected, falling back to row-level processing...
   📊 483,000 foods (5/s) | I:318028 U:0 S:164969 P:0 E:3 | fdc:1036871 ckpt:1036871
   ⚠️  UPC collision detected, falling back to row-level processing...
   📊 483,500 foods (5/s) | I:318045 U:0 S:165452 P:0 E:3 | fdc:1037885 ckpt:1037885
   ⚠️  UPC collision detected, falling back to row-level processing...
   📊 484,000 foods (5/s) | I:318112 U:0 S:165885 P:0 E:3 | fdc:1038897 ckpt:1038897
   ⚠️  UPC collision detected, falling back to row-level processing...
   📊 484,500 foods (5/s) | I:318118 U:0 S:166379 P:0 E:3 | fdc:1039907 ckpt:1039907
   ⚠️  UPC collision detected, falling back to row-level processing...
   📊 485,000 foods (5/s) | I:318120 U:0 S:166877 P:0 E:3 | fdc:1040907 ckpt:1040907
   ⚠️  UPC collision detected, falling back to row-level processing...
   📊 485,500 foods (5/s) | I:318120 U:0 S:167377 P:0 E:3 | fdc:1041911 ckpt:1041911
   ⚠️  UPC collision detected, falling back to row-level processing...
   📊 486,000 foods (5/s) | I:318121 U:0 S:167876 P:0 E:3 | fdc:1042913 ckpt:1042913
   ⚠️  UPC collision detected, falling back to row-level processing...
   📊 486,500 foods (5/s) | I:318585 U:0 S:167912 P:0 E:3 | fdc:1043921 ckpt:1043921
   ⚠️  UPC collision detected, falling back to row-level processing...
   📊 487,000 foods (5/s) | I:319039 U:0 S:167958 P:0 E:3 | fdc:1044935 ckpt:1044935
   ⚠️  UPC collision detected, falling back to row-level processing...
   📊 487,500 foods (5/s) | I:319520 U:0 S:167977 P:0 E:3 | fdc:1045971 ckpt:1045971
   ⚠️  UPC collision detected, falling back to row-level processing...
   📊 488,000 foods (5/s) | I:320015 U:0 S:167982 P:0 E:3 | fdc:1046975 ckpt:1046975
   ⚠️  UPC collision detected, falling back to row-level processing...
   📊 488,500 foods (5/s) | I:320494 U:0 S:168003 P:0 E:3 | fdc:1047977 ckpt:1047977
   ⚠️  UPC collision detected, falling back to row-level processing...
   📊 489,000 foods (5/s) | I:320911 U:0 S:168086 P:0 E:3 | fdc:1048993 ckpt:1048993
   ⚠️  UPC collision detected, falling back to row-level processing...
   📊 489,500 foods (5/s) | I:321369 U:0 S:168128 P:0 E:3 | fdc:1049995 ckpt:1049995
   📊 490,000 foods (5/s) | I:321869 U:0 S:168128 P:0 E:3 | fdc:1051299 ckpt:1051299
   📊 490,500 foods (5/s) | I:322369 U:0 S:168128 P:0 E:3 | fdc:1052351 ckpt:1052351
   📊 491,000 foods (5/s) | I:322869 U:0 S:168128 P:0 E:3 | fdc:1053709 ckpt:1053709
   ⚠️  UPC collision detected, falling back to row-level processing...
   📊 491,500 foods (5/s) | I:323330 U:0 S:168167 P:0 E:3 | fdc:1054881 ckpt:1054881
   ⚠️  UPC collision detected, falling back to row-level processing...
   📊 492,000 foods (5/s) | I:323338 U:0 S:168659 P:0 E:3 | fdc:1055883 ckpt:1055883
   ⚠️  UPC collision detected, falling back to row-level processing...
   📊 492,500 foods (5/s) | I:323348 U:0 S:169149 P:0 E:3 | fdc:1056889 ckpt:1056889
   ⚠️  UPC collision detected, falling back to row-level processing...
   📊 493,000 foods (5/s) | I:323352 U:0 S:169645 P:0 E:3 | fdc:1057923 ckpt:1057923
   ⚠️  UPC collision detected, falling back to row-level processing...
   📊 493,500 foods (5/s) | I:323352 U:0 S:170145 P:0 E:3 | fdc:1059041 ckpt:1059041
   ⚠️  UPC collision detected, falling back to row-level processing...
   📊 494,000 foods (5/s) | I:323352 U:0 S:170645 P:0 E:3 | fdc:1060085 ckpt:1060085
   ⚠️  UPC collision detected, falling back to row-level processing...
   📊 494,500 foods (5/s) | I:323353 U:0 S:171144 P:0 E:3 | fdc:1061093 ckpt:1061093
   ⚠️  UPC collision detected, falling back to row-level processing...
   📊 495,000 foods (5/s) | I:323356 U:0 S:171641 P:0 E:3 | fdc:1062119 ckpt:1062119
   ⚠️  UPC collision detected, falling back to row-level processing...
   📊 495,500 foods (5/s) | I:323360 U:0 S:172137 P:0 E:3 | fdc:1063161 ckpt:1063161
   ⚠️  UPC collision detected, falling back to row-level processing...
   📊 496,000 foods (5/s) | I:323849 U:0 S:172148 P:0 E:3 | fdc:1064195 ckpt:1064195
   ⚠️  UPC collision detected, falling back to row-level processing...
   📊 496,500 foods (5/s) | I:324329 U:0 S:172168 P:0 E:3 | fdc:1065221 ckpt:1065221
   ⚠️  UPC collision detected, falling back to row-level processing...
   📊 497,000 foods (5/s) | I:324783 U:0 S:172214 P:0 E:3 | fdc:1066231 ckpt:1066231
   ⚠️  UPC collision detected, falling back to row-level processing...
   📊 497,500 foods (5/s) | I:325204 U:0 S:172293 P:0 E:3 | fdc:1067361 ckpt:1067361
   ⚠️  UPC collision detected, falling back to row-level processing...
   📊 498,000 foods (5/s) | I:325215 U:0 S:172782 P:0 E:3 | fdc:1068363 ckpt:1068363
   ⚠️  UPC collision detected, falling back to row-level processing...
   📊 498,500 foods (5/s) | I:325220 U:0 S:173277 P:0 E:3 | fdc:1069367 ckpt:1069367
   ⚠️  UPC collision detected, falling back to row-level processing...
   📊 499,000 foods (5/s) | I:325232 U:0 S:173765 P:0 E:3 | fdc:1070391 ckpt:1070391
   ⚠️  UPC collision detected, falling back to row-level processing...
   📊 499,500 foods (5/s) | I:325241 U:0 S:174256 P:0 E:3 | fdc:1071405 ckpt:1071405
   ⚠️  UPC collision detected, falling back to row-level processing...
   📊 500,000 foods (5/s) | I:325242 U:0 S:174755 P:0 E:3 | fdc:1072701 ckpt:1072701
   ⚠️  UPC collision detected, falling back to row-level processing...
   📊 500,500 foods (5/s) | I:325243 U:0 S:175254 P:0 E:3 | fdc:1073815 ckpt:1073815
   ⚠️  UPC collision detected, falling back to row-level processing...
   📊 501,000 foods (5/s) | I:325243 U:0 S:175754 P:0 E:3 | fdc:1074841 ckpt:1074841
   ⚠️  UPC collision detected, falling back to row-level processing...
   📊 501,500 foods (5/s) | I:325247 U:0 S:176250 P:0 E:3 | fdc:1075915 ckpt:1075915
   ⚠️  UPC collision detected, falling back to row-level processing...
   📊 502,000 foods (5/s) | I:325257 U:0 S:176740 P:0 E:3 | fdc:1076921 ckpt:1076921
   ⚠️  UPC collision detected, falling back to row-level processing...
   📊 502,500 foods (5/s) | I:325272 U:0 S:177225 P:0 E:3 | fdc:1077923 ckpt:1077923
   ⚠️  UPC collision detected, falling back to row-level processing...
   📊 503,000 foods (5/s) | I:325762 U:0 S:177235 P:0 E:3 | fdc:1078931 ckpt:1078931
   ⚠️  UPC collision detected, falling back to row-level processing...
   📊 503,500 foods (5/s) | I:326248 U:0 S:177249 P:0 E:3 | fdc:1079939 ckpt:1079939
   ⚠️  UPC collision detected, falling back to row-level processing...
   📊 504,000 foods (5/s) | I:326742 U:0 S:177255 P:0 E:3 | fdc:1080947 ckpt:1080947
   ⚠️  UPC collision detected, falling back to row-level processing...
   📊 504,500 foods (5/s) | I:327232 U:0 S:177265 P:0 E:3 | fdc:1081953 ckpt:1081953
   ⚠️  UPC collision detected, falling back to row-level processing...
   📊 505,000 foods (5/s) | I:327666 U:0 S:177331 P:0 E:3 | fdc:1082967 ckpt:1082967
   ⚠️  UPC collision detected, falling back to row-level processing...
   📊 505,500 foods (5/s) | I:327682 U:0 S:177815 P:0 E:3 | fdc:1083993 ckpt:1083993
   ⚠️  UPC collision detected, falling back to row-level processing...
   📊 506,000 foods (5/s) | I:327686 U:0 S:178311 P:0 E:3 | fdc:1085001 ckpt:1085001
   ⚠️  UPC collision detected, falling back to row-level processing...
   📊 506,500 foods (5/s) | I:327692 U:0 S:178805 P:0 E:3 | fdc:1086125 ckpt:1086125
   ⚠️  UPC collision detected, falling back to row-level processing...
   📊 507,000 foods (5/s) | I:327694 U:0 S:179303 P:0 E:3 | fdc:1087495 ckpt:1087495
   ⚠️  UPC collision detected, falling back to row-level processing...
   📊 507,500 foods (5/s) | I:327694 U:0 S:179803 P:0 E:3 | fdc:1088559 ckpt:1088559
   ⚠️  UPC collision detected, falling back to row-level processing...
   📊 508,000 foods (5/s) | I:327694 U:0 S:180303 P:0 E:3 | fdc:1089625 ckpt:1089625
   ⚠️  UPC collision detected, falling back to row-level processing...
   📊 508,500 foods (5/s) | I:327696 U:0 S:180801 P:0 E:3 | fdc:1090691 ckpt:1090691
   ⚠️  UPC collision detected, falling back to row-level processing...
   📊 509,000 foods (5/s) | I:327706 U:0 S:181291 P:0 E:3 | fdc:1091737 ckpt:1091737
   ⚠️  UPC collision detected, falling back to row-level processing...
   📊 509,500 foods (5/s) | I:327715 U:0 S:181782 P:0 E:3 | fdc:1092739 ckpt:1092739
   ⚠️  UPC collision detected, falling back to row-level processing...
   📊 510,000 foods (5/s) | I:328102 U:0 S:181895 P:0 E:3 | fdc:1093755 ckpt:1093755
   ⚠️  UPC collision detected, falling back to row-level processing...
   📊 510,500 foods (5/s) | I:328592 U:0 S:181905 P:0 E:3 | fdc:1094763 ckpt:1094763
   ⚠️  UPC collision detected, falling back to row-level processing...
   📊 511,000 foods (5/s) | I:329082 U:0 S:181915 P:0 E:3 | fdc:1095773 ckpt:1095773
   ⚠️  Transient error (attempt 1/6): TypeError: fetch failed
   ⏳ Retrying in 1s...
   ⚠️  UPC collision detected, falling back to row-level processing...
   📊 511,500 foods (5/s) | I:329574 U:0 S:181923 P:0 E:3 | fdc:1096781 ckpt:1096781
   ⚠️  UPC collision detected, falling back to row-level processing...
   📊 512,000 foods (5/s) | I:329905 U:0 S:182092 P:0 E:3 | fdc:1850455 ckpt:1850455
   ⚠️  UPC collision detected, falling back to row-level processing...
   📊 512,500 foods (5/s) | I:329906 U:0 S:182591 P:0 E:3 | fdc:1850960 ckpt:1850960
   ⚠️  UPC collision detected, falling back to row-level processing...
   📊 513,000 foods (5/s) | I:329908 U:0 S:183089 P:0 E:3 | fdc:1851478 ckpt:1851478
   ⚠️  UPC collision detected, falling back to row-level processing...
   📊 513,500 foods (5/s) | I:329908 U:0 S:183589 P:0 E:3 | fdc:1852019 ckpt:1852019
   ⚠️  UPC collision detected, falling back to row-level processing...
   📊 514,000 foods (5/s) | I:329908 U:0 S:184089 P:0 E:3 | fdc:1852525 ckpt:1852525
   ⚠️  UPC collision detected, falling back to row-level processing...
   📊 514,500 foods (5/s) | I:329909 U:0 S:184588 P:0 E:3 | fdc:1853029 ckpt:1853029
   ⚠️  UPC collision detected, falling back to row-level processing...
   📊 515,000 foods (5/s) | I:329912 U:0 S:185085 P:0 E:3 | fdc:1853530 ckpt:1853530
   ⚠️  UPC collision detected, falling back to row-level processing...
   📊 515,500 foods (5/s) | I:329915 U:0 S:185582 P:0 E:3 | fdc:1854052 ckpt:1854052
   ⚠️  UPC collision detected, falling back to row-level processing...
   📊 516,000 foods (5/s) | I:329920 U:0 S:186077 P:0 E:3 | fdc:1854564 ckpt:1854564
   ⚠️  UPC collision detected, falling back to row-level processing...
   📊 516,500 foods (5/s) | I:329922 U:0 S:186575 P:0 E:3 | fdc:1855076 ckpt:1855076
   ⚠️  UPC collision detected, falling back to row-level processing...
   📊 517,000 foods (5/s) | I:329924 U:0 S:187073 P:0 E:3 | fdc:1855581 ckpt:1855581
   ⚠️  UPC collision detected, falling back to row-level processing...
   📊 517,500 foods (5/s) | I:329924 U:0 S:187573 P:0 E:3 | fdc:1856082 ckpt:1856082
   ⚠️  UPC collision detected, falling back to row-level processing...
   📊 518,000 foods (5/s) | I:329925 U:0 S:188072 P:0 E:3 | fdc:1856609 ckpt:1856609
   ⚠️  Transient error (attempt 1/6): TypeError: fetch failed
   ⏳ Retrying in 1s...
   ⚠️  UPC collision detected, falling back to row-level processing...
   📊 518,500 foods (5/s) | I:329926 U:0 S:188571 P:0 E:3 | fdc:1857123 ckpt:1857123
   ⚠️  UPC collision detected, falling back to row-level processing...
   📊 519,000 foods (5/s) | I:329926 U:0 S:189071 P:0 E:3 | fdc:1857631 ckpt:1857631
   ⚠️  UPC collision detected, falling back to row-level processing...
   📊 519,500 foods (5/s) | I:329928 U:0 S:189569 P:0 E:3 | fdc:1858136 ckpt:1858136
   ⚠️  UPC collision detected, falling back to row-level processing...
   📊 520,000 foods (5/s) | I:329928 U:0 S:190069 P:0 E:3 | fdc:1858639 ckpt:1858639
   ⚠️  UPC collision detected, falling back to row-level processing...
   📊 520,500 foods (5/s) | I:329929 U:0 S:190568 P:0 E:3 | fdc:1859140 ckpt:1859140
   ⚠️  UPC collision detected, falling back to row-level processing...
   📊 521,000 foods (5/s) | I:329930 U:0 S:191067 P:0 E:3 | fdc:1859643 ckpt:1859643
   ⚠️  UPC collision detected, falling back to row-level processing...
   📊 521,500 foods (5/s) | I:329930 U:0 S:191567 P:0 E:3 | fdc:1860151 ckpt:1860151
   ⚠️  UPC collision detected, falling back to row-level processing...
   📊 522,000 foods (5/s) | I:329930 U:0 S:192067 P:0 E:3 | fdc:1860664 ckpt:1860664
   ⚠️  UPC collision detected, falling back to row-level processing...
   📊 522,500 foods (5/s) | I:329930 U:0 S:192567 P:0 E:3 | fdc:1861176 ckpt:1861176
   ⚠️  UPC collision detected, falling back to row-level processing...
   📊 523,000 foods (5/s) | I:329930 U:0 S:193067 P:0 E:3 | fdc:1861678 ckpt:1861678
   ⚠️  UPC collision detected, falling back to row-level processing...
   📊 523,500 foods (5/s) | I:329931 U:0 S:193566 P:0 E:3 | fdc:1862178 ckpt:1862178
   ⚠️  UPC collision detected, falling back to row-level processing...
   📊 524,000 foods (5/s) | I:329931 U:0 S:194066 P:0 E:3 | fdc:1862680 ckpt:1862680
   ⚠️  UPC collision detected, falling back to row-level processing...
   📊 524,500 foods (5/s) | I:329941 U:0 S:194556 P:0 E:3 | fdc:1863180 ckpt:1863180
   ⚠️  UPC collision detected, falling back to row-level processing...
   📊 525,000 foods (5/s) | I:329941 U:0 S:195056 P:0 E:3 | fdc:1863680 ckpt:1863680
   ⚠️  UPC collision detected, falling back to row-level processing...
   📊 525,500 foods (5/s) | I:329942 U:0 S:195555 P:0 E:3 | fdc:1864180 ckpt:1864180
   ⚠️  UPC collision detected, falling back to row-level processing...
   📊 526,000 foods (5/s) | I:329942 U:0 S:196055 P:0 E:3 | fdc:1864681 ckpt:1864681
   ⚠️  UPC collision detected, falling back to row-level processing...
   📊 526,500 foods (5/s) | I:329942 U:0 S:196555 P:0 E:3 | fdc:1865192 ckpt:1865192
   ⚠️  UPC collision detected, falling back to row-level processing...
   📊 527,000 foods (5/s) | I:329945 U:0 S:197052 P:0 E:3 | fdc:1865694 ckpt:1865694
   ⚠️  UPC collision detected, falling back to row-level processing...
   📊 527,500 foods (5/s) | I:329945 U:0 S:197552 P:0 E:3 | fdc:1866194 ckpt:1866194
   ⚠️  UPC collision detected, falling back to row-level processing...
   📊 528,000 foods (5/s) | I:329945 U:0 S:198052 P:0 E:3 | fdc:1866705 ckpt:1866705
   ⚠️  UPC collision detected, falling back to row-level processing...
   📊 528,500 foods (5/s) | I:329945 U:0 S:198552 P:0 E:3 | fdc:1867205 ckpt:1867205
   ⚠️  UPC collision detected, falling back to row-level processing...
   📊 529,000 foods (5/s) | I:329947 U:0 S:199050 P:0 E:3 | fdc:1867705 ckpt:1867705
   ⚠️  UPC collision detected, falling back to row-level processing...
   📊 529,500 foods (5/s) | I:329947 U:0 S:199550 P:0 E:3 | fdc:1868213 ckpt:1868213
   ⚠️  UPC collision detected, falling back to row-level processing...
   📊 530,000 foods (5/s) | I:329947 U:0 S:200050 P:0 E:3 | fdc:1868714 ckpt:1868714
   ⚠️  UPC collision detected, falling back to row-level processing...
   📊 530,500 foods (5/s) | I:329948 U:0 S:200549 P:0 E:3 | fdc:1869214 ckpt:1869214
   ⚠️  UPC collision detected, falling back to row-level processing...
   📊 531,000 foods (5/s) | I:329948 U:0 S:201049 P:0 E:3 | fdc:1869716 ckpt:1869716
   ⚠️  UPC collision detected, falling back to row-level processing...
   📊 531,500 foods (5/s) | I:329948 U:0 S:201549 P:0 E:3 | fdc:1870218 ckpt:1870218
   ⚠️  UPC collision detected, falling back to row-level processing...
   📊 532,000 foods (5/s) | I:329948 U:0 S:202049 P:0 E:3 | fdc:1870723 ckpt:1870723
   ⚠️  UPC collision detected, falling back to row-level processing...
   📊 532,500 foods (5/s) | I:329949 U:0 S:202548 P:0 E:3 | fdc:1871225 ckpt:1871225
   ⚠️  UPC collision detected, falling back to row-level processing...
   📊 533,000 foods (5/s) | I:329950 U:0 S:203047 P:0 E:3 | fdc:1871737 ckpt:1871737
   ⚠️  UPC collision detected, falling back to row-level processing...
   📊 533,500 foods (5/s) | I:329950 U:0 S:203547 P:0 E:3 | fdc:1872251 ckpt:1872251
   ⚠️  UPC collision detected, falling back to row-level processing...
   📊 534,000 foods (5/s) | I:329950 U:0 S:204047 P:0 E:3 | fdc:1872754 ckpt:1872754
   ⚠️  UPC collision detected, falling back to row-level processing...
   📊 534,500 foods (5/s) | I:329959 U:0 S:204538 P:0 E:3 | fdc:1873263 ckpt:1873263
   ⚠️  UPC collision detected, falling back to row-level processing...
   📊 535,000 foods (5/s) | I:329959 U:0 S:205038 P:0 E:3 | fdc:1873777 ckpt:1873777
   ⚠️  UPC collision detected, falling back to row-level processing...
   📊 535,500 foods (5/s) | I:329959 U:0 S:205538 P:0 E:3 | fdc:1874283 ckpt:1874283
   ⚠️  UPC collision detected, falling back to row-level processing...
   📊 536,000 foods (5/s) | I:329962 U:0 S:206035 P:0 E:3 | fdc:1874787 ckpt:1874787
   ⚠️  UPC collision detected, falling back to row-level processing...
   📊 536,500 foods (5/s) | I:329962 U:0 S:206535 P:0 E:3 | fdc:1875297 ckpt:1875297
   ⚠️  UPC collision detected, falling back to row-level processing...
   📊 537,000 foods (5/s) | I:329962 U:0 S:207035 P:0 E:3 | fdc:1875798 ckpt:1875798
   ⚠️  UPC collision detected, falling back to row-level processing...
   📊 537,500 foods (5/s) | I:329964 U:0 S:207533 P:0 E:3 | fdc:1876298 ckpt:1876298
   ⚠️  UPC collision detected, falling back to row-level processing...
   📊 538,000 foods (5/s) | I:329966 U:0 S:208031 P:0 E:3 | fdc:1876818 ckpt:1876818
   ⚠️  UPC collision detected, falling back to row-level processing...
   📊 538,500 foods (5/s) | I:329966 U:0 S:208531 P:0 E:3 | fdc:1877319 ckpt:1877319
   ⚠️  UPC collision detected, falling back to row-level processing...
   📊 539,000 foods (5/s) | I:329966 U:0 S:209031 P:0 E:3 | fdc:1877828 ckpt:1877828
   ⚠️  UPC collision detected, falling back to row-level processing...
   📊 539,500 foods (5/s) | I:329970 U:0 S:209527 P:0 E:3 | fdc:1878355 ckpt:1878355
   ⚠️  UPC collision detected, falling back to row-level processing...
   📊 540,000 foods (5/s) | I:329970 U:0 S:210027 P:0 E:3 | fdc:1878863 ckpt:1878863
   ⚠️  UPC collision detected, falling back to row-level processing...
   📊 540,500 foods (5/s) | I:329970 U:0 S:210527 P:0 E:3 | fdc:1879363 ckpt:1879363
   ⚠️  UPC collision detected, falling back to row-level processing...
   📊 541,000 foods (5/s) | I:329971 U:0 S:211026 P:0 E:3 | fdc:1879863 ckpt:1879863
   ⚠️  UPC collision detected, falling back to row-level processing...
   📊 541,500 foods (5/s) | I:329971 U:0 S:211526 P:0 E:3 | fdc:1880363 ckpt:1880363
   ⚠️  UPC collision detected, falling back to row-level processing...
   📊 542,000 foods (5/s) | I:329974 U:0 S:212023 P:0 E:3 | fdc:1140002 ckpt:1140002
   ⚠️  UPC collision detected, falling back to row-level processing...
   📊 542,500 foods (5/s) | I:329979 U:0 S:212518 P:0 E:3 | fdc:1140506 ckpt:1140506
   ⚠️  UPC collision detected, falling back to row-level processing...
   📊 543,000 foods (5/s) | I:329992 U:0 S:213005 P:0 E:3 | fdc:1141043 ckpt:1141043
   ⚠️  UPC collision detected, falling back to row-level processing...
   📊 543,500 foods (5/s) | I:329999 U:0 S:213498 P:0 E:3 | fdc:1141605 ckpt:1141605
   ⚠️  UPC collision detected, falling back to row-level processing...
   📊 544,000 foods (5/s) | I:330000 U:0 S:213997 P:0 E:3 | fdc:1142139 ckpt:1142139
   ⚠️  UPC collision detected, falling back to row-level processing...
   📊 544,500 foods (5/s) | I:330004 U:0 S:214493 P:0 E:3 | fdc:1142653 ckpt:1142653
   ⚠️  UPC collision detected, falling back to row-level processing...
   📊 545,000 foods (5/s) | I:330502 U:0 S:214495 P:0 E:3 | fdc:1143162 ckpt:1143162
   📊 545,500 foods (5/s) | I:331002 U:0 S:214495 P:0 E:3 | fdc:1143671 ckpt:1143671
   📊 546,000 foods (5/s) | I:331502 U:0 S:214495 P:0 E:3 | fdc:1144174 ckpt:1144174
   📊 546,500 foods (5/s) | I:332002 U:0 S:214495 P:0 E:3 | fdc:1144679 ckpt:1144679
   📊 547,000 foods (5/s) | I:332502 U:0 S:214495 P:0 E:3 | fdc:1145184 ckpt:1145184
   ⚠️  UPC collision detected, falling back to row-level processing...
   📊 547,500 foods (5/s) | I:332612 U:0 S:214885 P:0 E:3 | fdc:1145619 ckpt:1145619
   ⚠️  UPC collision detected, falling back to row-level processing...
   📊 548,000 foods (5/s) | I:332612 U:0 S:215385 P:0 E:3 | fdc:1146119 ckpt:1146119
   ⚠️  UPC collision detected, falling back to row-level processing...
   📊 548,500 foods (5/s) | I:332612 U:0 S:215885 P:0 E:3 | fdc:1146619 ckpt:1146619
   ⚠️  UPC collision detected, falling back to row-level processing...
   📊 549,000 foods (5/s) | I:332645 U:0 S:216352 P:0 E:3 | fdc:1147123 ckpt:1147123
   ⚠️  UPC collision detected, falling back to row-level processing...
   📊 549,500 foods (5/s) | I:332645 U:0 S:216852 P:0 E:3 | fdc:1147637 ckpt:1147637
   ⚠️  UPC collision detected, falling back to row-level processing...
   📊 550,000 foods (5/s) | I:332649 U:0 S:217348 P:0 E:3 | fdc:1148143 ckpt:1148143
   ⚠️  UPC collision detected, falling back to row-level processing...
   📊 550,500 foods (5/s) | I:332649 U:0 S:217848 P:0 E:3 | fdc:1148780 ckpt:1148780
   ⚠️  UPC collision detected, falling back to row-level processing...
   📊 551,000 foods (5/s) | I:332650 U:0 S:218347 P:0 E:3 | fdc:1149586 ckpt:1149586
   ⚠️  UPC collision detected, falling back to row-level processing...
   📊 551,500 foods (5/s) | I:332651 U:0 S:218846 P:0 E:3 | fdc:1150234 ckpt:1150234
   ⚠️  UPC collision detected, falling back to row-level processing...
   📊 552,000 foods (5/s) | I:332652 U:0 S:219345 P:0 E:3 | fdc:1150847 ckpt:1150847
   ⚠️  UPC collision detected, falling back to row-level processing...
   📊 552,500 foods (5/s) | I:332652 U:0 S:219845 P:0 E:3 | fdc:1151424 ckpt:1151424
   ⚠️  UPC collision detected, falling back to row-level processing...
   📊 553,000 foods (5/s) | I:332666 U:0 S:220331 P:0 E:3 | fdc:1151971 ckpt:1151971
   ⚠️  UPC collision detected, falling back to row-level processing...
   📊 553,500 foods (5/s) | I:332915 U:0 S:220582 P:0 E:3 | fdc:1152485 ckpt:1152485
   📊 554,000 foods (5/s) | I:333415 U:0 S:220582 P:0 E:3 | fdc:1152987 ckpt:1152987
   📊 554,500 foods (5/s) | I:333915 U:0 S:220582 P:0 E:3 | fdc:1153490 ckpt:1153490
   📊 555,000 foods (5/s) | I:334415 U:0 S:220582 P:0 E:3 | fdc:1153990 ckpt:1153990
   📊 555,500 foods (5/s) | I:334915 U:0 S:220582 P:0 E:3 | fdc:1154491 ckpt:1154491
   ⚠️  UPC collision detected, falling back to row-level processing...
   📊 556,000 foods (5/s) | I:335329 U:0 S:220668 P:0 E:3 | fdc:1154991 ckpt:1154991
   ⚠️  UPC collision detected, falling back to row-level processing...
   📊 556,500 foods (5/s) | I:335333 U:0 S:221164 P:0 E:3 | fdc:1155492 ckpt:1155492
   ⚠️  UPC collision detected, falling back to row-level processing...
   📊 557,000 foods (5/s) | I:335344 U:0 S:221653 P:0 E:3 | fdc:1155996 ckpt:1155996
   ⚠️  UPC collision detected, falling back to row-level processing...
   📊 557,500 foods (5/s) | I:335351 U:0 S:222146 P:0 E:3 | fdc:1156498 ckpt:1156498
   ⚠️  UPC collision detected, falling back to row-level processing...
   📊 558,000 foods (5/s) | I:335352 U:0 S:222645 P:0 E:3 | fdc:1156999 ckpt:1156999
   ⚠️  UPC collision detected, falling back to row-level processing...
   📊 558,500 foods (5/s) | I:335352 U:0 S:223145 P:0 E:3 | fdc:1157669 ckpt:1157669
   ⚠️  UPC collision detected, falling back to row-level processing...
   📊 559,000 foods (5/s) | I:335355 U:0 S:223642 P:0 E:3 | fdc:1158365 ckpt:1158365
   ⚠️  UPC collision detected, falling back to row-level processing...
   📊 559,500 foods (5/s) | I:335358 U:0 S:224139 P:0 E:3 | fdc:1158949 ckpt:1158949
   ⚠️  UPC collision detected, falling back to row-level processing...
   📊 560,000 foods (5/s) | I:335358 U:0 S:224639 P:0 E:3 | fdc:1159497 ckpt:1159497
   ⚠️  UPC collision detected, falling back to row-level processing...
   📊 560,500 foods (5/s) | I:335358 U:0 S:225139 P:0 E:3 | fdc:1160065 ckpt:1160065
   ⚠️  UPC collision detected, falling back to row-level processing...
   📊 561,000 foods (5/s) | I:335384 U:0 S:225613 P:0 E:3 | fdc:1160586 ckpt:1160586
   ⚠️  UPC collision detected, falling back to row-level processing...
   📊 561,500 foods (5/s) | I:335548 U:0 S:225949 P:0 E:3 | fdc:1161100 ckpt:1161100
   📊 562,000 foods (5/s) | I:336048 U:0 S:225949 P:0 E:3 | fdc:1161608 ckpt:1161608
   📊 562,500 foods (5/s) | I:336548 U:0 S:225949 P:0 E:3 | fdc:1162108 ckpt:1162108
   📊 563,000 foods (5/s) | I:337048 U:0 S:225949 P:0 E:3 | fdc:1162609 ckpt:1162609
   📊 563,500 foods (5/s) | I:337548 U:0 S:225949 P:0 E:3 | fdc:1163114 ckpt:1163114
   ⚠️  UPC collision detected, falling back to row-level processing...
   📊 564,000 foods (5/s) | I:337876 U:0 S:226121 P:0 E:3 | fdc:1163614 ckpt:1163614
   ⚠️  UPC collision detected, falling back to row-level processing...
   📊 564,500 foods (5/s) | I:337877 U:0 S:226620 P:0 E:3 | fdc:1164117 ckpt:1164117
   ⚠️  UPC collision detected, falling back to row-level processing...
   📊 565,000 foods (5/s) | I:337877 U:0 S:227120 P:0 E:3 | fdc:1164617 ckpt:1164617
   ⚠️  UPC collision detected, falling back to row-level processing...
   📊 565,500 foods (5/s) | I:337877 U:0 S:227620 P:0 E:3 | fdc:1165117 ckpt:1165117
   ⚠️  UPC collision detected, falling back to row-level processing...
   📊 566,000 foods (5/s) | I:337877 U:0 S:228120 P:0 E:3 | fdc:1165617 ckpt:1165617
   ⚠️  UPC collision detected, falling back to row-level processing...
   📊 566,500 foods (5/s) | I:337877 U:0 S:228620 P:0 E:3 | fdc:1166117 ckpt:1166117
   ⚠️  UPC collision detected, falling back to row-level processing...
   📊 567,000 foods (5/s) | I:337877 U:0 S:229120 P:0 E:3 | fdc:1166617 ckpt:1166617
   ⚠️  UPC collision detected, falling back to row-level processing...
   📊 567,500 foods (5/s) | I:337877 U:0 S:229620 P:0 E:3 | fdc:1167117 ckpt:1167117
   ⚠️  UPC collision detected, falling back to row-level processing...
   📊 568,000 foods (5/s) | I:337877 U:0 S:230120 P:0 E:3 | fdc:1167617 ckpt:1167617
   ⚠️  UPC collision detected, falling back to row-level processing...
   📊 568,500 foods (5/s) | I:337877 U:0 S:230620 P:0 E:3 | fdc:1168117 ckpt:1168117
   ⚠️  UPC collision detected, falling back to row-level processing...
   📊 569,000 foods (5/s) | I:337877 U:0 S:231120 P:0 E:3 | fdc:1168617 ckpt:1168617
   ⚠️  UPC collision detected, falling back to row-level processing...
   📊 569,500 foods (5/s) | I:337877 U:0 S:231620 P:0 E:3 | fdc:1169123 ckpt:1169123
   ⚠️  UPC collision detected, falling back to row-level processing...
   📊 570,000 foods (5/s) | I:337877 U:0 S:232120 P:0 E:3 | fdc:1169623 ckpt:1169623
   ⚠️  UPC collision detected, falling back to row-level processing...
   📊 570,500 foods (5/s) | I:337877 U:0 S:232620 P:0 E:3 | fdc:1170123 ckpt:1170123
   ⚠️  UPC collision detected, falling back to row-level processing...
   📊 571,000 foods (5/s) | I:337881 U:0 S:233116 P:0 E:3 | fdc:1170623 ckpt:1170623
   📋 Deduplicated 8 intra-batch UPC duplicates
   ⚠️  UPC collision detected, falling back to row-level processing...
   📊 571,500 foods (5/s) | I:337896 U:0 S:233601 P:0 E:3 | fdc:1171126 ckpt:1171126
   ⚠️  UPC collision detected, falling back to row-level processing...
   📊 572,000 foods (5/s) | I:337896 U:0 S:234101 P:0 E:3 | fdc:1171658 ckpt:1171658
   ⚠️  UPC collision detected, falling back to row-level processing...
   📊 572,500 foods (5/s) | I:337896 U:0 S:234601 P:0 E:3 | fdc:1172183 ckpt:1172183
   ⚠️  UPC collision detected, falling back to row-level processing...
   📊 573,000 foods (5/s) | I:337896 U:0 S:235101 P:0 E:3 | fdc:1172695 ckpt:1172695
   ⚠️  UPC collision detected, falling back to row-level processing...
   📊 573,500 foods (5/s) | I:337896 U:0 S:235601 P:0 E:3 | fdc:1173205 ckpt:1173205
   ⚠️  UPC collision detected, falling back to row-level processing...
   📊 574,000 foods (5/s) | I:337896 U:0 S:236101 P:0 E:3 | fdc:1173711 ckpt:1173711
   ⚠️  UPC collision detected, falling back to row-level processing...
   📊 574,500 foods (5/s) | I:337896 U:0 S:236601 P:0 E:3 | fdc:1174220 ckpt:1174220
   ⚠️  UPC collision detected, falling back to row-level processing...
   📊 575,000 foods (5/s) | I:337896 U:0 S:237101 P:0 E:3 | fdc:1174730 ckpt:1174730
   ⚠️  UPC collision detected, falling back to row-level processing...
   📊 575,500 foods (5/s) | I:337896 U:0 S:237601 P:0 E:3 | fdc:1175238 ckpt:1175238
   ⚠️  UPC collision detected, falling back to row-level processing...
   📊 576,000 foods (5/s) | I:337896 U:0 S:238101 P:0 E:3 | fdc:1175741 ckpt:1175741
   ⚠️  UPC collision detected, falling back to row-level processing...
   📊 576,500 foods (5/s) | I:337896 U:0 S:238601 P:0 E:3 | fdc:1176241 ckpt:1176241
   ⚠️  UPC collision detected, falling back to row-level processing...
   📊 577,000 foods (5/s) | I:337896 U:0 S:239101 P:0 E:3 | fdc:1176741 ckpt:1176741
   ⚠️  UPC collision detected, falling back to row-level processing...
   📊 577,500 foods (5/s) | I:337896 U:0 S:239601 P:0 E:3 | fdc:1177241 ckpt:1177241
   ⚠️  UPC collision detected, falling back to row-level processing...
   📊 578,000 foods (5/s) | I:337896 U:0 S:240101 P:0 E:3 | fdc:1177743 ckpt:1177743
   ⚠️  UPC collision detected, falling back to row-level processing...
   📊 578,500 foods (5/s) | I:337896 U:0 S:240601 P:0 E:3 | fdc:1178244 ckpt:1178244
   ⚠️  UPC collision detected, falling back to row-level processing...
   📊 579,000 foods (5/s) | I:337896 U:0 S:241101 P:0 E:3 | fdc:1178745 ckpt:1178745
   ⚠️  UPC collision detected, falling back to row-level processing...
   📊 579,500 foods (5/s) | I:337896 U:0 S:241601 P:0 E:3 | fdc:1179262 ckpt:1179262
   ⚠️  UPC collision detected, falling back to row-level processing...
   📊 580,000 foods (5/s) | I:337896 U:0 S:242101 P:0 E:3 | fdc:1179771 ckpt:1179771
   ⚠️  UPC collision detected, falling back to row-level processing...
   📊 580,500 foods (5/s) | I:337899 U:0 S:242598 P:0 E:3 | fdc:1180272 ckpt:1180272
   ⚠️  UPC collision detected, falling back to row-level processing...
   📊 581,000 foods (5/s) | I:337899 U:0 S:243098 P:0 E:3 | fdc:1180780 ckpt:1180780
   ⚠️  UPC collision detected, falling back to row-level processing...
   📊 581,500 foods (5/s) | I:337899 U:0 S:243598 P:0 E:3 | fdc:1181282 ckpt:1181282
   ⚠️  UPC collision detected, falling back to row-level processing...
   📊 582,000 foods (5/s) | I:337900 U:0 S:244097 P:0 E:3 | fdc:1181784 ckpt:1181784
   ⚠️  UPC collision detected, falling back to row-level processing...
   📊 582,500 foods (5/s) | I:337901 U:0 S:244596 P:0 E:3 | fdc:1182289 ckpt:1182289
   ⚠️  UPC collision detected, falling back to row-level processing...
   📊 583,000 foods (5/s) | I:337901 U:0 S:245096 P:0 E:3 | fdc:1182792 ckpt:1182792
   ⚠️  UPC collision detected, falling back to row-level processing...
   📊 583,500 foods (5/s) | I:337901 U:0 S:245596 P:0 E:3 | fdc:1183295 ckpt:1183295
   ⚠️  UPC collision detected, falling back to row-level processing...
   📊 584,000 foods (5/s) | I:337901 U:0 S:246096 P:0 E:3 | fdc:1183795 ckpt:1183795
   ⚠️  UPC collision detected, falling back to row-level processing...
   📊 584,500 foods (5/s) | I:337901 U:0 S:246596 P:0 E:3 | fdc:1184296 ckpt:1184296
   ⚠️  UPC collision detected, falling back to row-level processing...
   📊 585,000 foods (5/s) | I:337901 U:0 S:247096 P:0 E:3 | fdc:1184798 ckpt:1184798
   ⚠️  UPC collision detected, falling back to row-level processing...
   📊 585,500 foods (5/s) | I:337901 U:0 S:247596 P:0 E:3 | fdc:1185315 ckpt:1185315
   ⚠️  UPC collision detected, falling back to row-level processing...
   📊 586,000 foods (5/s) | I:337901 U:0 S:248096 P:0 E:3 | fdc:1185843 ckpt:1185843
   ⚠️  UPC collision detected, falling back to row-level processing...
   📊 586,500 foods (5/s) | I:337901 U:0 S:248596 P:0 E:3 | fdc:1186346 ckpt:1186346
   ⚠️  UPC collision detected, falling back to row-level processing...
   📊 587,000 foods (5/s) | I:337902 U:0 S:249095 P:0 E:3 | fdc:1186887 ckpt:1186887
   ⚠️  UPC collision detected, falling back to row-level processing...
   📊 587,500 foods (5/s) | I:337902 U:0 S:249595 P:0 E:3 | fdc:1187389 ckpt:1187389
   ⚠️  UPC collision detected, falling back to row-level processing...
   📊 588,000 foods (5/s) | I:337903 U:0 S:250094 P:0 E:3 | fdc:1187890 ckpt:1187890
   ⚠️  UPC collision detected, falling back to row-level processing...
   📊 588,500 foods (5/s) | I:337903 U:0 S:250594 P:0 E:3 | fdc:1188400 ckpt:1188400
   ⚠️  UPC collision detected, falling back to row-level processing...
   📊 589,000 foods (5/s) | I:337903 U:0 S:251094 P:0 E:3 | fdc:1188901 ckpt:1188901
   ⚠️  UPC collision detected, falling back to row-level processing...
   📊 589,500 foods (5/s) | I:337903 U:0 S:251594 P:0 E:3 | fdc:1189407 ckpt:1189407
   ⚠️  UPC collision detected, falling back to row-level processing...
   📊 590,000 foods (5/s) | I:337903 U:0 S:252094 P:0 E:3 | fdc:1189932 ckpt:1189932
   ⚠️  UPC collision detected, falling back to row-level processing...
   📊 590,500 foods (5/s) | I:337903 U:0 S:252594 P:0 E:3 | fdc:1190435 ckpt:1190435
   ⚠️  UPC collision detected, falling back to row-level processing...
   📊 591,000 foods (5/s) | I:337903 U:0 S:253094 P:0 E:3 | fdc:1190936 ckpt:1190936
   ⚠️  UPC collision detected, falling back to row-level processing...
   📊 591,500 foods (5/s) | I:337903 U:0 S:253594 P:0 E:3 | fdc:1191441 ckpt:1191441
   ⚠️  UPC collision detected, falling back to row-level processing...
   📊 592,000 foods (5/s) | I:337903 U:0 S:254094 P:0 E:3 | fdc:1191946 ckpt:1191946
   ⚠️  UPC collision detected, falling back to row-level processing...
   📊 592,500 foods (5/s) | I:337903 U:0 S:254594 P:0 E:3 | fdc:1192449 ckpt:1192449
   ⚠️  UPC collision detected, falling back to row-level processing...
   📊 593,000 foods (5/s) | I:337903 U:0 S:255094 P:0 E:3 | fdc:1192957 ckpt:1192957
   ⚠️  UPC collision detected, falling back to row-level processing...
   📊 593,500 foods (5/s) | I:337903 U:0 S:255594 P:0 E:3 | fdc:1193462 ckpt:1193462
   ⚠️  UPC collision detected, falling back to row-level processing...
   📊 594,000 foods (5/s) | I:337903 U:0 S:256094 P:0 E:3 | fdc:1193964 ckpt:1193964
   ⚠️  UPC collision detected, falling back to row-level processing...
   📊 594,500 foods (5/s) | I:337903 U:0 S:256594 P:0 E:3 | fdc:1194467 ckpt:1194467
   ⚠️  UPC collision detected, falling back to row-level processing...
   📊 595,000 foods (5/s) | I:337903 U:0 S:257094 P:0 E:3 | fdc:1194985 ckpt:1194985
   ⚠️  UPC collision detected, falling back to row-level processing...
   📊 595,500 foods (5/s) | I:337903 U:0 S:257594 P:0 E:3 | fdc:1195490 ckpt:1195490
   ⚠️  UPC collision detected, falling back to row-level processing...
   📊 596,000 foods (5/s) | I:337903 U:0 S:258094 P:0 E:3 | fdc:1195991 ckpt:1195991
   ⚠️  UPC collision detected, falling back to row-level processing...
   📊 596,500 foods (5/s) | I:337903 U:0 S:258594 P:0 E:3 | fdc:1196493 ckpt:1196493
   ⚠️  UPC collision detected, falling back to row-level processing...
   📊 597,000 foods (5/s) | I:337903 U:0 S:259094 P:0 E:3 | fdc:1196997 ckpt:1196997
   ⚠️  UPC collision detected, falling back to row-level processing...
   📊 597,500 foods (5/s) | I:337904 U:0 S:259593 P:0 E:3 | fdc:1197497 ckpt:1197497
   ⚠️  UPC collision detected, falling back to row-level processing...
   📊 598,000 foods (5/s) | I:337907 U:0 S:260090 P:0 E:3 | fdc:1198001 ckpt:1198001
   ⚠️  UPC collision detected, falling back to row-level processing...
   📊 598,500 foods (5/s) | I:337907 U:0 S:260590 P:0 E:3 | fdc:1198506 ckpt:1198506
   ⚠️  UPC collision detected, falling back to row-level processing...
   📊 599,000 foods (5/s) | I:337908 U:0 S:261089 P:0 E:3 | fdc:1199010 ckpt:1199010
   ⚠️  UPC collision detected, falling back to row-level processing...
   📊 599,500 foods (5/s) | I:337908 U:0 S:261589 P:0 E:3 | fdc:1199510 ckpt:1199510
   ⚠️  UPC collision detected, falling back to row-level processing...
   📊 600,000 foods (5/s) | I:337908 U:0 S:262089 P:0 E:3 | fdc:1200011 ckpt:1200011
   ⚠️  UPC collision detected, falling back to row-level processing...
   📊 600,500 foods (5/s) | I:337908 U:0 S:262589 P:0 E:3 | fdc:1200511 ckpt:1200511
   ⚠️  UPC collision detected, falling back to row-level processing...
   📊 601,000 foods (5/s) | I:337908 U:0 S:263089 P:0 E:3 | fdc:1201011 ckpt:1201011
   ⚠️  UPC collision detected, falling back to row-level processing...
   📊 601,500 foods (5/s) | I:337908 U:0 S:263589 P:0 E:3 | fdc:1201512 ckpt:1201512
   ⚠️  UPC collision detected, falling back to row-level processing...
   📊 602,000 foods (5/s) | I:337908 U:0 S:264089 P:0 E:3 | fdc:1202012 ckpt:1202012
   ⚠️  UPC collision detected, falling back to row-level processing...
   📊 602,500 foods (5/s) | I:337908 U:0 S:264589 P:0 E:3 | fdc:1202515 ckpt:1202515
   ⚠️  UPC collision detected, falling back to row-level processing...
   📊 603,000 foods (5/s) | I:337908 U:0 S:265089 P:0 E:3 | fdc:1203016 ckpt:1203016
   ⚠️  UPC collision detected, falling back to row-level processing...
   📊 603,500 foods (5/s) | I:337908 U:0 S:265589 P:0 E:3 | fdc:1203516 ckpt:1203516
   ⚠️  UPC collision detected, falling back to row-level processing...
   📊 604,000 foods (5/s) | I:337908 U:0 S:266089 P:0 E:3 | fdc:1204030 ckpt:1204030
   ⚠️  UPC collision detected, falling back to row-level processing...
   📊 604,500 foods (5/s) | I:337908 U:0 S:266589 P:0 E:3 | fdc:1204532 ckpt:1204532
   ⚠️  UPC collision detected, falling back to row-level processing...
   📊 605,000 foods (5/s) | I:337908 U:0 S:267089 P:0 E:3 | fdc:1205033 ckpt:1205033
   ⚠️  UPC collision detected, falling back to row-level processing...
   📊 605,500 foods (5/s) | I:337908 U:0 S:267589 P:0 E:3 | fdc:1205535 ckpt:1205535
   ⚠️  UPC collision detected, falling back to row-level processing...
   📊 606,000 foods (5/s) | I:337908 U:0 S:268089 P:0 E:3 | fdc:1206036 ckpt:1206036
   ⚠️  UPC collision detected, falling back to row-level processing...
   📊 606,500 foods (5/s) | I:337908 U:0 S:268589 P:0 E:3 | fdc:1206537 ckpt:1206537
   ⚠️  UPC collision detected, falling back to row-level processing...
   📊 607,000 foods (5/s) | I:337908 U:0 S:269089 P:0 E:3 | fdc:1207040 ckpt:1207040
   ⚠️  UPC collision detected, falling back to row-level processing...
   📊 607,500 foods (5/s) | I:337908 U:0 S:269589 P:0 E:3 | fdc:1207541 ckpt:1207541
   ⚠️  UPC collision detected, falling back to row-level processing...
   📊 608,000 foods (5/s) | I:337908 U:0 S:270089 P:0 E:3 | fdc:1208044 ckpt:1208044
   ⚠️  UPC collision detected, falling back to row-level processing...
   📊 608,500 foods (5/s) | I:337908 U:0 S:270589 P:0 E:3 | fdc:1208547 ckpt:1208547
   ⚠️  UPC collision detected, falling back to row-level processing...
   📊 609,000 foods (5/s) | I:337908 U:0 S:271089 P:0 E:3 | fdc:1209050 ckpt:1209050
   ⚠️  UPC collision detected, falling back to row-level processing...
   📊 609,500 foods (5/s) | I:337908 U:0 S:271589 P:0 E:3 | fdc:1209550 ckpt:1209550
   ⚠️  UPC collision detected, falling back to row-level processing...
   📊 610,000 foods (5/s) | I:337908 U:0 S:272089 P:0 E:3 | fdc:1210051 ckpt:1210051
   ⚠️  UPC collision detected, falling back to row-level processing...
   📊 610,500 foods (5/s) | I:337908 U:0 S:272589 P:0 E:3 | fdc:1210551 ckpt:1210551
   ⚠️  UPC collision detected, falling back to row-level processing...
   📊 611,000 foods (5/s) | I:337908 U:0 S:273089 P:0 E:3 | fdc:1211051 ckpt:1211051
   ⚠️  UPC collision detected, falling back to row-level processing...
   📊 611,500 foods (5/s) | I:337908 U:0 S:273589 P:0 E:3 | fdc:1211551 ckpt:1211551
   ⚠️  UPC collision detected, falling back to row-level processing...
   📊 612,000 foods (5/s) | I:337908 U:0 S:274089 P:0 E:3 | fdc:1212053 ckpt:1212053
   ⚠️  UPC collision detected, falling back to row-level processing...
   📊 612,500 foods (5/s) | I:337908 U:0 S:274589 P:0 E:3 | fdc:1212553 ckpt:1212553
   ⚠️  UPC collision detected, falling back to row-level processing...
   📊 613,000 foods (5/s) | I:337908 U:0 S:275089 P:0 E:3 | fdc:1213053 ckpt:1213053
   ⚠️  UPC collision detected, falling back to row-level processing...
   📊 613,500 foods (5/s) | I:337908 U:0 S:275589 P:0 E:3 | fdc:1213553 ckpt:1213553
   ⚠️  UPC collision detected, falling back to row-level processing...
   📊 614,000 foods (5/s) | I:337908 U:0 S:276089 P:0 E:3 | fdc:1214056 ckpt:1214056
   ⚠️  UPC collision detected, falling back to row-level processing...
   📊 614,500 foods (5/s) | I:337908 U:0 S:276589 P:0 E:3 | fdc:1214558 ckpt:1214558
   ⚠️  UPC collision detected, falling back to row-level processing...
   📊 615,000 foods (5/s) | I:337908 U:0 S:277089 P:0 E:3 | fdc:1215059 ckpt:1215059
   ⚠️  UPC collision detected, falling back to row-level processing...
   📊 615,500 foods (5/s) | I:337908 U:0 S:277589 P:0 E:3 | fdc:1215561 ckpt:1215561
   ⚠️  UPC collision detected, falling back to row-level processing...
   📊 616,000 foods (5/s) | I:337908 U:0 S:278089 P:0 E:3 | fdc:1216063 ckpt:1216063
   ⚠️  UPC collision detected, falling back to row-level processing...
   📊 616,500 foods (5/s) | I:337908 U:0 S:278589 P:0 E:3 | fdc:1216571 ckpt:1216571
   ⚠️  UPC collision detected, falling back to row-level processing...
   📊 617,000 foods (5/s) | I:337908 U:0 S:279089 P:0 E:3 | fdc:1217081 ckpt:1217081
   ⚠️  UPC collision detected, falling back to row-level processing...
   📊 617,500 foods (5/s) | I:337908 U:0 S:279589 P:0 E:3 | fdc:1217596 ckpt:1217596
   ⚠️  UPC collision detected, falling back to row-level processing...
   📊 618,000 foods (5/s) | I:337908 U:0 S:280089 P:0 E:3 | fdc:1218110 ckpt:1218110
   ⚠️  UPC collision detected, falling back to row-level processing...
   📊 618,500 foods (5/s) | I:337908 U:0 S:280589 P:0 E:3 | fdc:1218616 ckpt:1218616
   ⚠️  UPC collision detected, falling back to row-level processing...
   📊 619,000 foods (5/s) | I:337908 U:0 S:281089 P:0 E:3 | fdc:1219119 ckpt:1219119
   ⚠️  UPC collision detected, falling back to row-level processing...
   📊 619,500 foods (5/s) | I:337908 U:0 S:281589 P:0 E:3 | fdc:1219619 ckpt:1219619
   ⚠️  UPC collision detected, falling back to row-level processing...
   📊 620,000 foods (5/s) | I:337908 U:0 S:282089 P:0 E:3 | fdc:1220130 ckpt:1220130
   ⚠️  UPC collision detected, falling back to row-level processing...
   📊 620,500 foods (5/s) | I:337908 U:0 S:282589 P:0 E:3 | fdc:1220633 ckpt:1220633
   ⚠️  UPC collision detected, falling back to row-level processing...
   📊 621,000 foods (5/s) | I:337908 U:0 S:283089 P:0 E:3 | fdc:1221133 ckpt:1221133
   ⚠️  UPC collision detected, falling back to row-level processing...
   📊 621,500 foods (5/s) | I:337908 U:0 S:283589 P:0 E:3 | fdc:1221643 ckpt:1221643
   ⚠️  UPC collision detected, falling back to row-level processing...
   📊 622,000 foods (5/s) | I:337908 U:0 S:284089 P:0 E:3 | fdc:1222146 ckpt:1222146
   ⚠️  UPC collision detected, falling back to row-level processing...
   📊 622,500 foods (5/s) | I:337908 U:0 S:284589 P:0 E:3 | fdc:1222649 ckpt:1222649
   ⚠️  UPC collision detected, falling back to row-level processing...
   📊 623,000 foods (5/s) | I:337908 U:0 S:285089 P:0 E:3 | fdc:1223153 ckpt:1223153
   ⚠️  UPC collision detected, falling back to row-level processing...
   📊 623,500 foods (5/s) | I:337908 U:0 S:285589 P:0 E:3 | fdc:1223655 ckpt:1223655
   ⚠️  UPC collision detected, falling back to row-level processing...
   📊 624,000 foods (5/s) | I:337908 U:0 S:286089 P:0 E:3 | fdc:1224157 ckpt:1224157
   ⚠️  UPC collision detected, falling back to row-level processing...
   📊 624,500 foods (5/s) | I:337908 U:0 S:286589 P:0 E:3 | fdc:1224669 ckpt:1224669
   ⚠️  UPC collision detected, falling back to row-level processing...
   📊 625,000 foods (5/s) | I:337908 U:0 S:287089 P:0 E:3 | fdc:1225171 ckpt:1225171
   ⚠️  UPC collision detected, falling back to row-level processing...
   📊 625,500 foods (5/s) | I:337908 U:0 S:287589 P:0 E:3 | fdc:1225671 ckpt:1225671
   ⚠️  UPC collision detected, falling back to row-level processing...
   📊 626,000 foods (5/s) | I:337908 U:0 S:288089 P:0 E:3 | fdc:1226171 ckpt:1226171
   ⚠️  UPC collision detected, falling back to row-level processing...
   📊 626,500 foods (5/s) | I:337908 U:0 S:288589 P:0 E:3 | fdc:1226673 ckpt:1226673
   ⚠️  UPC collision detected, falling back to row-level processing...
   📊 627,000 foods (5/s) | I:337908 U:0 S:289089 P:0 E:3 | fdc:1227173 ckpt:1227173
   ⚠️  UPC collision detected, falling back to row-level processing...
   📊 627,500 foods (5/s) | I:337908 U:0 S:289589 P:0 E:3 | fdc:1227684 ckpt:1227684
   ⚠️  UPC collision detected, falling back to row-level processing...
   📊 628,000 foods (5/s) | I:337908 U:0 S:290089 P:0 E:3 | fdc:1228185 ckpt:1228185
   ⚠️  UPC collision detected, falling back to row-level processing...
   📊 628,500 foods (5/s) | I:337909 U:0 S:290588 P:0 E:3 | fdc:1228685 ckpt:1228685
   ⚠️  UPC collision detected, falling back to row-level processing...
   📊 629,000 foods (5/s) | I:337909 U:0 S:291088 P:0 E:3 | fdc:1229185 ckpt:1229185
   ⚠️  UPC collision detected, falling back to row-level processing...
   📊 629,500 foods (5/s) | I:337910 U:0 S:291587 P:0 E:3 | fdc:1229685 ckpt:1229685
   ⚠️  UPC collision detected, falling back to row-level processing...
   📊 630,000 foods (5/s) | I:337910 U:0 S:292087 P:0 E:3 | fdc:1230185 ckpt:1230185
   ⚠️  UPC collision detected, falling back to row-level processing...
   📊 630,500 foods (5/s) | I:337910 U:0 S:292587 P:0 E:3 | fdc:1230688 ckpt:1230688
   ⚠️  UPC collision detected, falling back to row-level processing...
   📊 631,000 foods (5/s) | I:337910 U:0 S:293087 P:0 E:3 | fdc:1231197 ckpt:1231197
   ⚠️  UPC collision detected, falling back to row-level processing...
   📊 631,500 foods (5/s) | I:337910 U:0 S:293587 P:0 E:3 | fdc:1231697 ckpt:1231697
   ⚠️  UPC collision detected, falling back to row-level processing...
   📊 632,000 foods (5/s) | I:337910 U:0 S:294087 P:0 E:3 | fdc:1232198 ckpt:1232198
   ⚠️  UPC collision detected, falling back to row-level processing...
   📊 632,500 foods (5/s) | I:337910 U:0 S:294587 P:0 E:3 | fdc:1232698 ckpt:1232698
   ⚠️  UPC collision detected, falling back to row-level processing...
   📊 633,000 foods (5/s) | I:337910 U:0 S:295087 P:0 E:3 | fdc:1233199 ckpt:1233199
   ⚠️  UPC collision detected, falling back to row-level processing...
   📊 633,500 foods (5/s) | I:337910 U:0 S:295587 P:0 E:3 | fdc:1233701 ckpt:1233701
   ⚠️  UPC collision detected, falling back to row-level processing...
   📊 634,000 foods (5/s) | I:337911 U:0 S:296086 P:0 E:3 | fdc:1234218 ckpt:1234218
   ⚠️  UPC collision detected, falling back to row-level processing...
   📊 634,500 foods (5/s) | I:337911 U:0 S:296586 P:0 E:3 | fdc:1234720 ckpt:1234720
   ⚠️  UPC collision detected, falling back to row-level processing...
   📊 635,000 foods (5/s) | I:337911 U:0 S:297086 P:0 E:3 | fdc:1235224 ckpt:1235224
   ⚠️  UPC collision detected, falling back to row-level processing...
   📊 635,500 foods (5/s) | I:337911 U:0 S:297586 P:0 E:3 | fdc:1235725 ckpt:1235725
   ⚠️  UPC collision detected, falling back to row-level processing...
   📊 636,000 foods (5/s) | I:337911 U:0 S:298086 P:0 E:3 | fdc:1236225 ckpt:1236225
   ⚠️  UPC collision detected, falling back to row-level processing...
   📊 636,500 foods (5/s) | I:337911 U:0 S:298586 P:0 E:3 | fdc:1236725 ckpt:1236725
   ⚠️  UPC collision detected, falling back to row-level processing...
   📊 637,000 foods (5/s) | I:337911 U:0 S:299086 P:0 E:3 | fdc:1237225 ckpt:1237225
   ⚠️  UPC collision detected, falling back to row-level processing...
   📊 637,500 foods (5/s) | I:337911 U:0 S:299586 P:0 E:3 | fdc:1237725 ckpt:1237725
   ⚠️  UPC collision detected, falling back to row-level processing...
   📊 638,000 foods (5/s) | I:337911 U:0 S:300086 P:0 E:3 | fdc:1238225 ckpt:1238225
   ⚠️  UPC collision detected, falling back to row-level processing...
   📊 638,500 foods (5/s) | I:337911 U:0 S:300586 P:0 E:3 | fdc:1238728 ckpt:1238728
   ⚠️  UPC collision detected, falling back to row-level processing...
   📊 639,000 foods (5/s) | I:337911 U:0 S:301086 P:0 E:3 | fdc:1239229 ckpt:1239229
   ⚠️  UPC collision detected, falling back to row-level processing...
   📊 639,500 foods (5/s) | I:337911 U:0 S:301586 P:0 E:3 | fdc:1239733 ckpt:1239733
   ⚠️  UPC collision detected, falling back to row-level processing...
   📊 640,000 foods (5/s) | I:337911 U:0 S:302086 P:0 E:3 | fdc:1240303 ckpt:1240303
   ⚠️  UPC collision detected, falling back to row-level processing...
   📊 640,500 foods (5/s) | I:337911 U:0 S:302586 P:0 E:3 | fdc:1240804 ckpt:1240804
   ⚠️  UPC collision detected, falling back to row-level processing...
   📊 641,000 foods (5/s) | I:337911 U:0 S:303086 P:0 E:3 | fdc:1241305 ckpt:1241305
   ⚠️  UPC collision detected, falling back to row-level processing...
   📊 641,500 foods (5/s) | I:337911 U:0 S:303586 P:0 E:3 | fdc:1241805 ckpt:1241805
   ⚠️  Transient error (attempt 1/6): TypeError: fetch failed
   ⏳ Retrying in 1s...
   ⚠️  UPC collision detected, falling back to row-level processing...
   📊 642,000 foods (5/s) | I:337911 U:0 S:304086 P:0 E:3 | fdc:1242306 ckpt:1242306
   ⚠️  UPC collision detected, falling back to row-level processing...
   📊 642,500 foods (5/s) | I:337911 U:0 S:304586 P:0 E:3 | fdc:1242807 ckpt:1242807
   ⚠️  UPC collision detected, falling back to row-level processing...
   📊 643,000 foods (5/s) | I:337911 U:0 S:305086 P:0 E:3 | fdc:1243307 ckpt:1243307
   ⚠️  UPC collision detected, falling back to row-level processing...
   📊 643,500 foods (5/s) | I:337912 U:0 S:305585 P:0 E:3 | fdc:1243807 ckpt:1243807
   ⚠️  UPC collision detected, falling back to row-level processing...
   📊 644,000 foods (5/s) | I:337912 U:0 S:306085 P:0 E:3 | fdc:1244307 ckpt:1244307
   ⚠️  UPC collision detected, falling back to row-level processing...
   📊 644,500 foods (5/s) | I:337912 U:0 S:306585 P:0 E:3 | fdc:1244807 ckpt:1244807
   ⚠️  UPC collision detected, falling back to row-level processing...
   📊 645,000 foods (5/s) | I:337912 U:0 S:307085 P:0 E:3 | fdc:1245307 ckpt:1245307
   ⚠️  UPC collision detected, falling back to row-level processing...
   📊 645,500 foods (5/s) | I:337912 U:0 S:307585 P:0 E:3 | fdc:1245807 ckpt:1245807
   ⚠️  UPC collision detected, falling back to row-level processing...
   📊 646,000 foods (5/s) | I:337912 U:0 S:308085 P:0 E:3 | fdc:1246307 ckpt:1246307
   ⚠️  UPC collision detected, falling back to row-level processing...
   📊 646,500 foods (5/s) | I:337912 U:0 S:308585 P:0 E:3 | fdc:1246808 ckpt:1246808
   ⚠️  UPC collision detected, falling back to row-level processing...
   📊 647,000 foods (5/s) | I:337912 U:0 S:309085 P:0 E:3 | fdc:1247309 ckpt:1247309
   ⚠️  UPC collision detected, falling back to row-level processing...
   📊 647,500 foods (5/s) | I:337912 U:0 S:309585 P:0 E:3 | fdc:1247813 ckpt:1247813
   ⚠️  UPC collision detected, falling back to row-level processing...
   📊 648,000 foods (5/s) | I:337912 U:0 S:310085 P:0 E:3 | fdc:1248313 ckpt:1248313
   ⚠️  UPC collision detected, falling back to row-level processing...
   📊 648,500 foods (5/s) | I:337912 U:0 S:310585 P:0 E:3 | fdc:1248814 ckpt:1248814
   ⚠️  UPC collision detected, falling back to row-level processing...
   📊 649,000 foods (5/s) | I:337912 U:0 S:311085 P:0 E:3 | fdc:1249314 ckpt:1249314
   ⚠️  UPC collision detected, falling back to row-level processing...
   📊 649,500 foods (5/s) | I:337912 U:0 S:311585 P:0 E:3 | fdc:1249814 ckpt:1249814
   ⚠️  UPC collision detected, falling back to row-level processing...
   📊 650,000 foods (5/s) | I:337912 U:0 S:312085 P:0 E:3 | fdc:1250314 ckpt:1250314
   ⚠️  UPC collision detected, falling back to row-level processing...
   📊 650,500 foods (5/s) | I:337912 U:0 S:312585 P:0 E:3 | fdc:1250814 ckpt:1250814
   ⚠️  UPC collision detected, falling back to row-level processing...
   📊 651,000 foods (5/s) | I:337912 U:0 S:313085 P:0 E:3 | fdc:1251314 ckpt:1251314
   ⚠️  UPC collision detected, falling back to row-level processing...
   📊 651,500 foods (5/s) | I:337912 U:0 S:313585 P:0 E:3 | fdc:1251814 ckpt:1251814
   ⚠️  UPC collision detected, falling back to row-level processing...
   📊 652,000 foods (5/s) | I:337912 U:0 S:314085 P:0 E:3 | fdc:1252315 ckpt:1252315
   ⚠️  UPC collision detected, falling back to row-level processing...
   📊 652,500 foods (5/s) | I:337912 U:0 S:314585 P:0 E:3 | fdc:1252815 ckpt:1252815
   ⚠️  UPC collision detected, falling back to row-level processing...
   📊 653,000 foods (5/s) | I:337913 U:0 S:315084 P:0 E:3 | fdc:1253315 ckpt:1253315
   ⚠️  UPC collision detected, falling back to row-level processing...
   📊 653,500 foods (5/s) | I:337913 U:0 S:315584 P:0 E:3 | fdc:1253823 ckpt:1253823
   ⚠️  UPC collision detected, falling back to row-level processing...
   📊 654,000 foods (5/s) | I:337913 U:0 S:316084 P:0 E:3 | fdc:1254323 ckpt:1254323
   ⚠️  UPC collision detected, falling back to row-level processing...
   📊 654,500 foods (5/s) | I:337913 U:0 S:316584 P:0 E:3 | fdc:1254824 ckpt:1254824
   ⚠️  UPC collision detected, falling back to row-level processing...
   📊 655,000 foods (5/s) | I:337913 U:0 S:317084 P:0 E:3 | fdc:1255332 ckpt:1255332
   ⚠️  UPC collision detected, falling back to row-level processing...
   📊 655,500 foods (5/s) | I:337913 U:0 S:317584 P:0 E:3 | fdc:1255832 ckpt:1255832
   ⚠️  UPC collision detected, falling back to row-level processing...
   📊 656,000 foods (5/s) | I:337913 U:0 S:318084 P:0 E:3 | fdc:1256332 ckpt:1256332
   ⚠️  UPC collision detected, falling back to row-level processing...
   📊 656,500 foods (5/s) | I:337913 U:0 S:318584 P:0 E:3 | fdc:1256832 ckpt:1256832
   ⚠️  UPC collision detected, falling back to row-level processing...
   📊 657,000 foods (5/s) | I:337913 U:0 S:319084 P:0 E:3 | fdc:1257332 ckpt:1257332
   ⚠️  UPC collision detected, falling back to row-level processing...
   📊 657,500 foods (5/s) | I:337913 U:0 S:319584 P:0 E:3 | fdc:1257832 ckpt:1257832
   ⚠️  UPC collision detected, falling back to row-level processing...
   📊 658,000 foods (5/s) | I:337913 U:0 S:320084 P:0 E:3 | fdc:1258332 ckpt:1258332
   ⚠️  UPC collision detected, falling back to row-level processing...
   📊 658,500 foods (5/s) | I:337913 U:0 S:320584 P:0 E:3 | fdc:1258832 ckpt:1258832
   ⚠️  UPC collision detected, falling back to row-level processing...
   📊 659,000 foods (5/s) | I:337913 U:0 S:321084 P:0 E:3 | fdc:1259332 ckpt:1259332
   ⚠️  UPC collision detected, falling back to row-level processing...
   📊 659,500 foods (5/s) | I:337913 U:0 S:321584 P:0 E:3 | fdc:1259832 ckpt:1259832
   ⚠️  UPC collision detected, falling back to row-level processing...
   📊 660,000 foods (5/s) | I:337913 U:0 S:322084 P:0 E:3 | fdc:1260332 ckpt:1260332
   ⚠️  UPC collision detected, falling back to row-level processing...
   📊 660,500 foods (5/s) | I:337913 U:0 S:322584 P:0 E:3 | fdc:1260833 ckpt:1260833
   ⚠️  UPC collision detected, falling back to row-level processing...
   📊 661,000 foods (5/s) | I:337913 U:0 S:323084 P:0 E:3 | fdc:1261333 ckpt:1261333
   ⚠️  UPC collision detected, falling back to row-level processing...
   📊 661,500 foods (5/s) | I:337913 U:0 S:323584 P:0 E:3 | fdc:1261833 ckpt:1261833
   ⚠️  UPC collision detected, falling back to row-level processing...
   📊 662,000 foods (5/s) | I:337913 U:0 S:324084 P:0 E:3 | fdc:1262333 ckpt:1262333
   ⚠️  UPC collision detected, falling back to row-level processing...
   📊 662,500 foods (5/s) | I:337913 U:0 S:324584 P:0 E:3 | fdc:1262833 ckpt:1262833
   ⚠️  UPC collision detected, falling back to row-level processing...
   📊 663,000 foods (5/s) | I:337913 U:0 S:325084 P:0 E:3 | fdc:1263334 ckpt:1263334
   ⚠️  UPC collision detected, falling back to row-level processing...
   📊 663,500 foods (5/s) | I:337913 U:0 S:325584 P:0 E:3 | fdc:1263836 ckpt:1263836
   ⚠️  UPC collision detected, falling back to row-level processing...
   📊 664,000 foods (5/s) | I:337913 U:0 S:326084 P:0 E:3 | fdc:1264336 ckpt:1264336
   ⚠️  UPC collision detected, falling back to row-level processing...
   📊 664,500 foods (5/s) | I:337913 U:0 S:326584 P:0 E:3 | fdc:1264838 ckpt:1264838
   ⚠️  UPC collision detected, falling back to row-level processing...
   📊 665,000 foods (5/s) | I:337913 U:0 S:327084 P:0 E:3 | fdc:1265338 ckpt:1265338
   ⚠️  UPC collision detected, falling back to row-level processing...
   📊 665,500 foods (5/s) | I:337913 U:0 S:327584 P:0 E:3 | fdc:1265840 ckpt:1265840
   ⚠️  UPC collision detected, falling back to row-level processing...
   📊 666,000 foods (5/s) | I:337913 U:0 S:328084 P:0 E:3 | fdc:1266342 ckpt:1266342
   ⚠️  UPC collision detected, falling back to row-level processing...
   📊 666,500 foods (5/s) | I:337913 U:0 S:328584 P:0 E:3 | fdc:1266847 ckpt:1266847
   ⚠️  UPC collision detected, falling back to row-level processing...
   📊 667,000 foods (5/s) | I:337913 U:0 S:329084 P:0 E:3 | fdc:1267347 ckpt:1267347
   ⚠️  UPC collision detected, falling back to row-level processing...
   📊 667,500 foods (5/s) | I:337913 U:0 S:329584 P:0 E:3 | fdc:1267847 ckpt:1267847
   ⚠️  UPC collision detected, falling back to row-level processing...
   📊 668,000 foods (5/s) | I:337914 U:0 S:330083 P:0 E:3 | fdc:1268347 ckpt:1268347
   ⚠️  UPC collision detected, falling back to row-level processing...
   📊 668,500 foods (5/s) | I:337915 U:0 S:330582 P:0 E:3 | fdc:1268854 ckpt:1268854
   ⚠️  UPC collision detected, falling back to row-level processing...
   📊 669,000 foods (5/s) | I:337915 U:0 S:331082 P:0 E:3 | fdc:1269354 ckpt:1269354
   ⚠️  UPC collision detected, falling back to row-level processing...
   📊 669,500 foods (5/s) | I:337915 U:0 S:331582 P:0 E:3 | fdc:1269854 ckpt:1269854
   ⚠️  UPC collision detected, falling back to row-level processing...
   📊 670,000 foods (5/s) | I:337915 U:0 S:332082 P:0 E:3 | fdc:1270355 ckpt:1270355
   ⚠️  UPC collision detected, falling back to row-level processing...
   📊 670,500 foods (5/s) | I:337915 U:0 S:332582 P:0 E:3 | fdc:1270855 ckpt:1270855
   ⚠️  UPC collision detected, falling back to row-level processing...
   📊 671,000 foods (5/s) | I:337915 U:0 S:333082 P:0 E:3 | fdc:1271355 ckpt:1271355
   ⚠️  UPC collision detected, falling back to row-level processing...
   📊 671,500 foods (5/s) | I:337915 U:0 S:333582 P:0 E:3 | fdc:1271856 ckpt:1271856
   ⚠️  UPC collision detected, falling back to row-level processing...
   📊 672,000 foods (5/s) | I:337915 U:0 S:334082 P:0 E:3 | fdc:1272365 ckpt:1272365
   ⚠️  UPC collision detected, falling back to row-level processing...
   📊 672,500 foods (5/s) | I:337915 U:0 S:334582 P:0 E:3 | fdc:1272866 ckpt:1272866
   ⚠️  UPC collision detected, falling back to row-level processing...
   📊 673,000 foods (5/s) | I:337915 U:0 S:335082 P:0 E:3 | fdc:1273366 ckpt:1273366
   ⚠️  UPC collision detected, falling back to row-level processing...
   📊 673,500 foods (5/s) | I:337915 U:0 S:335582 P:0 E:3 | fdc:1273866 ckpt:1273866
   ⚠️  UPC collision detected, falling back to row-level processing...
   📊 674,000 foods (5/s) | I:337915 U:0 S:336082 P:0 E:3 | fdc:1274367 ckpt:1274367
   ⚠️  UPC collision detected, falling back to row-level processing...
   📊 674,500 foods (5/s) | I:337915 U:0 S:336582 P:0 E:3 | fdc:1274869 ckpt:1274869
   ⚠️  UPC collision detected, falling back to row-level processing...
   📊 675,000 foods (5/s) | I:337915 U:0 S:337082 P:0 E:3 | fdc:1275371 ckpt:1275371
   ⚠️  UPC collision detected, falling back to row-level processing...
   📊 675,500 foods (5/s) | I:337915 U:0 S:337582 P:0 E:3 | fdc:1275871 ckpt:1275871
   ⚠️  UPC collision detected, falling back to row-level processing...
   📊 676,000 foods (5/s) | I:337915 U:0 S:338082 P:0 E:3 | fdc:1276371 ckpt:1276371
   ⚠️  UPC collision detected, falling back to row-level processing...
   📊 676,500 foods (5/s) | I:337915 U:0 S:338582 P:0 E:3 | fdc:1276874 ckpt:1276874
   ⚠️  UPC collision detected, falling back to row-level processing...
   📊 677,000 foods (5/s) | I:337915 U:0 S:339082 P:0 E:3 | fdc:1277376 ckpt:1277376
   ⚠️  UPC collision detected, falling back to row-level processing...
   📊 677,500 foods (5/s) | I:337915 U:0 S:339582 P:0 E:3 | fdc:1277876 ckpt:1277876
   ⚠️  UPC collision detected, falling back to row-level processing...
   📊 678,000 foods (5/s) | I:337915 U:0 S:340082 P:0 E:3 | fdc:1278376 ckpt:1278376
   ⚠️  UPC collision detected, falling back to row-level processing...
   📊 678,500 foods (5/s) | I:337915 U:0 S:340582 P:0 E:3 | fdc:1278876 ckpt:1278876
   ⚠️  UPC collision detected, falling back to row-level processing...
   📊 679,000 foods (5/s) | I:337915 U:0 S:341082 P:0 E:3 | fdc:1279377 ckpt:1279377
   ⚠️  UPC collision detected, falling back to row-level processing...
   📊 679,500 foods (5/s) | I:337915 U:0 S:341582 P:0 E:3 | fdc:1279879 ckpt:1279879
   ⚠️  UPC collision detected, falling back to row-level processing...
   📊 680,000 foods (5/s) | I:337915 U:0 S:342082 P:0 E:3 | fdc:1280381 ckpt:1280381
   ⚠️  UPC collision detected, falling back to row-level processing...
   📊 680,500 foods (5/s) | I:337915 U:0 S:342582 P:0 E:3 | fdc:1280885 ckpt:1280885
   ⚠️  UPC collision detected, falling back to row-level processing...
   📊 681,000 foods (5/s) | I:337915 U:0 S:343082 P:0 E:3 | fdc:1281386 ckpt:1281386
   ⚠️  UPC collision detected, falling back to row-level processing...
   📊 681,500 foods (5/s) | I:337915 U:0 S:343582 P:0 E:3 | fdc:1281887 ckpt:1281887
   ⚠️  UPC collision detected, falling back to row-level processing...
   📊 682,000 foods (5/s) | I:337915 U:0 S:344082 P:0 E:3 | fdc:1282387 ckpt:1282387
   ⚠️  UPC collision detected, falling back to row-level processing...
   📊 682,500 foods (5/s) | I:337915 U:0 S:344582 P:0 E:3 | fdc:1282887 ckpt:1282887
   ⚠️  UPC collision detected, falling back to row-level processing...
   📊 683,000 foods (5/s) | I:337915 U:0 S:345082 P:0 E:3 | fdc:1283390 ckpt:1283390
   ⚠️  UPC collision detected, falling back to row-level processing...
   📊 683,500 foods (5/s) | I:337916 U:0 S:345581 P:0 E:3 | fdc:1283891 ckpt:1283891
   ⚠️  UPC collision detected, falling back to row-level processing...
   📊 684,000 foods (5/s) | I:337917 U:0 S:346080 P:0 E:3 | fdc:1284392 ckpt:1284392
   ⚠️  UPC collision detected, falling back to row-level processing...
   📊 684,500 foods (5/s) | I:337917 U:0 S:346580 P:0 E:3 | fdc:1284908 ckpt:1284908
   ⚠️  UPC collision detected, falling back to row-level processing...
   📊 685,000 foods (5/s) | I:337917 U:0 S:347080 P:0 E:3 | fdc:1285416 ckpt:1285416
   ⚠️  UPC collision detected, falling back to row-level processing...
   📊 685,500 foods (5/s) | I:337917 U:0 S:347580 P:0 E:3 | fdc:1285917 ckpt:1285917
   ⚠️  UPC collision detected, falling back to row-level processing...
   📊 686,000 foods (5/s) | I:337917 U:0 S:348080 P:0 E:3 | fdc:1286420 ckpt:1286420
   ⚠️  UPC collision detected, falling back to row-level processing...
   📊 686,500 foods (5/s) | I:337917 U:0 S:348580 P:0 E:3 | fdc:1286920 ckpt:1286920
   ⚠️  UPC collision detected, falling back to row-level processing...
   📊 687,000 foods (5/s) | I:337917 U:0 S:349080 P:0 E:3 | fdc:1287423 ckpt:1287423
   ⚠️  UPC collision detected, falling back to row-level processing...
   📊 687,500 foods (5/s) | I:337917 U:0 S:349580 P:0 E:3 | fdc:1287923 ckpt:1287923
   ⚠️  UPC collision detected, falling back to row-level processing...
   📊 688,000 foods (5/s) | I:337917 U:0 S:350080 P:0 E:3 | fdc:1288430 ckpt:1288430
   ⚠️  UPC collision detected, falling back to row-level processing...
   📊 688,500 foods (5/s) | I:337917 U:0 S:350580 P:0 E:3 | fdc:1288962 ckpt:1288962
   ⚠️  UPC collision detected, falling back to row-level processing...
   📊 689,000 foods (5/s) | I:337917 U:0 S:351080 P:0 E:3 | fdc:1289465 ckpt:1289465
   ⚠️  UPC collision detected, falling back to row-level processing...
   📊 689,500 foods (5/s) | I:337917 U:0 S:351580 P:0 E:3 | fdc:1289966 ckpt:1289966
   ⚠️  UPC collision detected, falling back to row-level processing...
   📊 690,000 foods (5/s) | I:337917 U:0 S:352080 P:0 E:3 | fdc:1290466 ckpt:1290466
   ⚠️  UPC collision detected, falling back to row-level processing...
   📊 690,500 foods (5/s) | I:337917 U:0 S:352580 P:0 E:3 | fdc:1290970 ckpt:1290970
   ⚠️  UPC collision detected, falling back to row-level processing...
   📊 691,000 foods (5/s) | I:337917 U:0 S:353080 P:0 E:3 | fdc:1291480 ckpt:1291480
   ⚠️  UPC collision detected, falling back to row-level processing...
   📊 691,500 foods (5/s) | I:337917 U:0 S:353580 P:0 E:3 | fdc:1291991 ckpt:1291991
   ⚠️  UPC collision detected, falling back to row-level processing...
   📊 692,000 foods (5/s) | I:337917 U:0 S:354080 P:0 E:3 | fdc:1292502 ckpt:1292502
   ⚠️  UPC collision detected, falling back to row-level processing...
   📊 692,500 foods (5/s) | I:337917 U:0 S:354580 P:0 E:3 | fdc:1293007 ckpt:1293007
   ⚠️  UPC collision detected, falling back to row-level processing...
   📊 693,000 foods (5/s) | I:337917 U:0 S:355080 P:0 E:3 | fdc:1293512 ckpt:1293512
   ⚠️  UPC collision detected, falling back to row-level processing...
   📊 693,500 foods (5/s) | I:337919 U:0 S:355578 P:0 E:3 | fdc:1294018 ckpt:1294018
   ⚠️  UPC collision detected, falling back to row-level processing...
   📊 694,000 foods (5/s) | I:337920 U:0 S:356077 P:0 E:3 | fdc:1294543 ckpt:1294543
   ⚠️  UPC collision detected, falling back to row-level processing...
   📊 694,500 foods (5/s) | I:337920 U:0 S:356577 P:0 E:3 | fdc:1295060 ckpt:1295060
   ⚠️  UPC collision detected, falling back to row-level processing...
   📊 695,000 foods (5/s) | I:337924 U:0 S:357073 P:0 E:3 | fdc:1295570 ckpt:1295570
   ⚠️  UPC collision detected, falling back to row-level processing...
   📊 695,500 foods (5/s) | I:337925 U:0 S:357572 P:0 E:3 | fdc:1296078 ckpt:1296078
   ⚠️  UPC collision detected, falling back to row-level processing...
   📊 696,000 foods (5/s) | I:337925 U:0 S:358072 P:0 E:3 | fdc:1296579 ckpt:1296579
   ⚠️  UPC collision detected, falling back to row-level processing...
   📊 696,500 foods (5/s) | I:337927 U:0 S:358570 P:0 E:3 | fdc:1297080 ckpt:1297080
   ⚠️  UPC collision detected, falling back to row-level processing...
   📊 697,000 foods (5/s) | I:337928 U:0 S:359069 P:0 E:3 | fdc:1297584 ckpt:1297584
   ⚠️  UPC collision detected, falling back to row-level processing...
   📊 697,500 foods (5/s) | I:337929 U:0 S:359568 P:0 E:3 | fdc:1298088 ckpt:1298088
   ⚠️  UPC collision detected, falling back to row-level processing...
   📊 698,000 foods (5/s) | I:337929 U:0 S:360068 P:0 E:3 | fdc:1298591 ckpt:1298591
   ⚠️  UPC collision detected, falling back to row-level processing...
   📊 698,500 foods (5/s) | I:337929 U:0 S:360568 P:0 E:3 | fdc:1299091 ckpt:1299091
   ⚠️  UPC collision detected, falling back to row-level processing...
   📊 699,000 foods (5/s) | I:337929 U:0 S:361068 P:0 E:3 | fdc:1299608 ckpt:1299608
   ⚠️  UPC collision detected, falling back to row-level processing...
   📊 699,500 foods (5/s) | I:337929 U:0 S:361568 P:0 E:3 | fdc:1300108 ckpt:1300108
   ⚠️  UPC collision detected, falling back to row-level processing...
   📊 700,000 foods (5/s) | I:337929 U:0 S:362068 P:0 E:3 | fdc:1300733 ckpt:1300733
   ⚠️  UPC collision detected, falling back to row-level processing...
   📊 700,500 foods (5/s) | I:337929 U:0 S:362568 P:0 E:3 | fdc:1301238 ckpt:1301238
   ⚠️  UPC collision detected, falling back to row-level processing...
   📊 701,000 foods (5/s) | I:337929 U:0 S:363068 P:0 E:3 | fdc:1301778 ckpt:1301778
   ⚠️  UPC collision detected, falling back to row-level processing...
   📊 701,500 foods (5/s) | I:337929 U:0 S:363568 P:0 E:3 | fdc:1302384 ckpt:1302384
   ⚠️  UPC collision detected, falling back to row-level processing...
   📊 702,000 foods (5/s) | I:337929 U:0 S:364068 P:0 E:3 | fdc:1302965 ckpt:1302965
   ⚠️  UPC collision detected, falling back to row-level processing...
   📊 702,500 foods (5/s) | I:337929 U:0 S:364568 P:0 E:3 | fdc:1303641 ckpt:1303641
   ⚠️  UPC collision detected, falling back to row-level processing...
   📊 703,000 foods (5/s) | I:337929 U:0 S:365068 P:0 E:3 | fdc:1304281 ckpt:1304281
   ⚠️  UPC collision detected, falling back to row-level processing...
   📊 703,500 foods (5/s) | I:337929 U:0 S:365568 P:0 E:3 | fdc:1304826 ckpt:1304826
   ⚠️  UPC collision detected, falling back to row-level processing...
   📊 704,000 foods (5/s) | I:337929 U:0 S:366068 P:0 E:3 | fdc:1305353 ckpt:1305353
   ⚠️  UPC collision detected, falling back to row-level processing...
   📊 704,500 foods (5/s) | I:337929 U:0 S:366568 P:0 E:3 | fdc:1305872 ckpt:1305872
   ⚠️  UPC collision detected, falling back to row-level processing...
   📊 705,000 foods (5/s) | I:337930 U:0 S:367067 P:0 E:3 | fdc:1306410 ckpt:1306410
   ⚠️  UPC collision detected, falling back to row-level processing...
   📊 705,500 foods (5/s) | I:337930 U:0 S:367567 P:0 E:3 | fdc:1306916 ckpt:1306916
   ⚠️  UPC collision detected, falling back to row-level processing...
   📊 706,000 foods (5/s) | I:337930 U:0 S:368067 P:0 E:3 | fdc:1307456 ckpt:1307456
   ⚠️  UPC collision detected, falling back to row-level processing...
   📊 706,500 foods (5/s) | I:337930 U:0 S:368567 P:0 E:3 | fdc:1307971 ckpt:1307971
   ⚠️  UPC collision detected, falling back to row-level processing...
   📊 707,000 foods (5/s) | I:337930 U:0 S:369067 P:0 E:3 | fdc:1308530 ckpt:1308530
   ⚠️  UPC collision detected, falling back to row-level processing...
   📊 707,500 foods (5/s) | I:337930 U:0 S:369567 P:0 E:3 | fdc:1309049 ckpt:1309049
   ⚠️  UPC collision detected, falling back to row-level processing...
   📊 708,000 foods (5/s) | I:337930 U:0 S:370067 P:0 E:3 | fdc:1309595 ckpt:1309595
   ⚠️  UPC collision detected, falling back to row-level processing...
   📊 708,500 foods (5/s) | I:337930 U:0 S:370567 P:0 E:3 | fdc:1310165 ckpt:1310165
   ⚠️  UPC collision detected, falling back to row-level processing...
   📊 709,000 foods (5/s) | I:337930 U:0 S:371067 P:0 E:3 | fdc:1310672 ckpt:1310672
   ⚠️  UPC collision detected, falling back to row-level processing...
   📊 709,500 foods (5/s) | I:337930 U:0 S:371567 P:0 E:3 | fdc:1311185 ckpt:1311185
   ⚠️  UPC collision detected, falling back to row-level processing...
   📊 710,000 foods (5/s) | I:337930 U:0 S:372067 P:0 E:3 | fdc:1311690 ckpt:1311690
   ⚠️  UPC collision detected, falling back to row-level processing...
   📊 710,500 foods (5/s) | I:337930 U:0 S:372567 P:0 E:3 | fdc:1312236 ckpt:1312236
   ⚠️  UPC collision detected, falling back to row-level processing...
   📊 711,000 foods (5/s) | I:337930 U:0 S:373067 P:0 E:3 | fdc:1312750 ckpt:1312750
   ⚠️  UPC collision detected, falling back to row-level processing...
   📊 711,500 foods (5/s) | I:337930 U:0 S:373567 P:0 E:3 | fdc:1313255 ckpt:1313255
   ⚠️  UPC collision detected, falling back to row-level processing...
   📊 712,000 foods (5/s) | I:337930 U:0 S:374067 P:0 E:3 | fdc:1313757 ckpt:1313757
   ⚠️  UPC collision detected, falling back to row-level processing...
   📊 712,500 foods (5/s) | I:337930 U:0 S:374567 P:0 E:3 | fdc:1314257 ckpt:1314257
   ⚠️  UPC collision detected, falling back to row-level processing...
   📊 713,000 foods (5/s) | I:337930 U:0 S:375067 P:0 E:3 | fdc:1314757 ckpt:1314757
   ⚠️  UPC collision detected, falling back to row-level processing...
   📊 713,500 foods (5/s) | I:337930 U:0 S:375567 P:0 E:3 | fdc:1315260 ckpt:1315260
   ⚠️  UPC collision detected, falling back to row-level processing...
   📊 714,000 foods (5/s) | I:337930 U:0 S:376067 P:0 E:3 | fdc:1315760 ckpt:1315760
   ⚠️  UPC collision detected, falling back to row-level processing...
   📊 714,500 foods (5/s) | I:337930 U:0 S:376567 P:0 E:3 | fdc:1316262 ckpt:1316262
   ⚠️  UPC collision detected, falling back to row-level processing...
   📊 715,000 foods (5/s) | I:337930 U:0 S:377067 P:0 E:3 | fdc:1316795 ckpt:1316795
   ⚠️  UPC collision detected, falling back to row-level processing...
   📊 715,500 foods (5/s) | I:337930 U:0 S:377567 P:0 E:3 | fdc:1317315 ckpt:1317315
   ⚠️  UPC collision detected, falling back to row-level processing...
   📊 716,000 foods (5/s) | I:337930 U:0 S:378067 P:0 E:3 | fdc:1317826 ckpt:1317826
   ⚠️  UPC collision detected, falling back to row-level processing...
   📊 716,500 foods (5/s) | I:337930 U:0 S:378567 P:0 E:3 | fdc:1318330 ckpt:1318330
   ⚠️  UPC collision detected, falling back to row-level processing...
   📊 717,000 foods (5/s) | I:337930 U:0 S:379067 P:0 E:3 | fdc:1318840 ckpt:1318840
   ⚠️  UPC collision detected, falling back to row-level processing...
   📊 717,500 foods (5/s) | I:337930 U:0 S:379567 P:0 E:3 | fdc:1319360 ckpt:1319360
   ⚠️  UPC collision detected, falling back to row-level processing...
   📊 718,000 foods (5/s) | I:337930 U:0 S:380067 P:0 E:3 | fdc:1319894 ckpt:1319894
   ⚠️  UPC collision detected, falling back to row-level processing...
   📊 718,500 foods (5/s) | I:337930 U:0 S:380567 P:0 E:3 | fdc:1320397 ckpt:1320397
   ⚠️  UPC collision detected, falling back to row-level processing...
   📊 719,000 foods (5/s) | I:337930 U:0 S:381067 P:0 E:3 | fdc:1320898 ckpt:1320898
   ⚠️  UPC collision detected, falling back to row-level processing...
   📊 719,500 foods (5/s) | I:337930 U:0 S:381567 P:0 E:3 | fdc:1321398 ckpt:1321398
   ⚠️  UPC collision detected, falling back to row-level processing...
   📊 720,000 foods (5/s) | I:337930 U:0 S:382067 P:0 E:3 | fdc:1321899 ckpt:1321899
   ⚠️  UPC collision detected, falling back to row-level processing...
   📊 720,500 foods (5/s) | I:337930 U:0 S:382567 P:0 E:3 | fdc:1322404 ckpt:1322404
   ⚠️  UPC collision detected, falling back to row-level processing...
   📊 721,000 foods (5/s) | I:337930 U:0 S:383067 P:0 E:3 | fdc:1322906 ckpt:1322906
   ⚠️  UPC collision detected, falling back to row-level processing...
   📊 721,500 foods (5/s) | I:337930 U:0 S:383567 P:0 E:3 | fdc:1323411 ckpt:1323411
   ⚠️  UPC collision detected, falling back to row-level processing...
   📊 722,000 foods (5/s) | I:337930 U:0 S:384067 P:0 E:3 | fdc:1323912 ckpt:1323912
   ⚠️  UPC collision detected, falling back to row-level processing...
   📊 722,500 foods (5/s) | I:337930 U:0 S:384567 P:0 E:3 | fdc:1324414 ckpt:1324414
   ⚠️  UPC collision detected, falling back to row-level processing...
   📊 723,000 foods (5/s) | I:337930 U:0 S:385067 P:0 E:3 | fdc:1324917 ckpt:1324917
   ⚠️  UPC collision detected, falling back to row-level processing...
   📊 723,500 foods (5/s) | I:337930 U:0 S:385567 P:0 E:3 | fdc:1325419 ckpt:1325419
   ⚠️  UPC collision detected, falling back to row-level processing...
   📊 724,000 foods (5/s) | I:337930 U:0 S:386067 P:0 E:3 | fdc:1325923 ckpt:1325923
   ⚠️  UPC collision detected, falling back to row-level processing...
   📊 724,500 foods (5/s) | I:337930 U:0 S:386567 P:0 E:3 | fdc:1326431 ckpt:1326431
   ⚠️  UPC collision detected, falling back to row-level processing...
   📊 725,000 foods (5/s) | I:337930 U:0 S:387067 P:0 E:3 | fdc:1326934 ckpt:1326934
   ⚠️  UPC collision detected, falling back to row-level processing...
   📊 725,500 foods (5/s) | I:337930 U:0 S:387567 P:0 E:3 | fdc:1327441 ckpt:1327441
   ⚠️  UPC collision detected, falling back to row-level processing...
   📊 726,000 foods (5/s) | I:337930 U:0 S:388067 P:0 E:3 | fdc:1327952 ckpt:1327952
   ⚠️  UPC collision detected, falling back to row-level processing...
   📊 726,500 foods (5/s) | I:337930 U:0 S:388567 P:0 E:3 | fdc:1328475 ckpt:1328475
   ⚠️  UPC collision detected, falling back to row-level processing...
   📊 727,000 foods (5/s) | I:337930 U:0 S:389067 P:0 E:3 | fdc:1329001 ckpt:1329001
   ⚠️  UPC collision detected, falling back to row-level processing...
   📊 727,500 foods (5/s) | I:337930 U:0 S:389567 P:0 E:3 | fdc:1329511 ckpt:1329511
   ⚠️  UPC collision detected, falling back to row-level processing...
   📊 728,000 foods (5/s) | I:337930 U:0 S:390067 P:0 E:3 | fdc:1330044 ckpt:1330044
   ⚠️  UPC collision detected, falling back to row-level processing...
   📊 728,500 foods (5/s) | I:337930 U:0 S:390567 P:0 E:3 | fdc:1330546 ckpt:1330546
   ⚠️  UPC collision detected, falling back to row-level processing...
   📊 729,000 foods (5/s) | I:337930 U:0 S:391067 P:0 E:3 | fdc:1331058 ckpt:1331058
   ⚠️  UPC collision detected, falling back to row-level processing...
   📊 729,500 foods (5/s) | I:337930 U:0 S:391567 P:0 E:3 | fdc:1331576 ckpt:1331576
   ⚠️  UPC collision detected, falling back to row-level processing...
   📊 730,000 foods (5/s) | I:337930 U:0 S:392067 P:0 E:3 | fdc:1332113 ckpt:1332113
   ⚠️  UPC collision detected, falling back to row-level processing...
   📊 730,500 foods (5/s) | I:337930 U:0 S:392567 P:0 E:3 | fdc:1332637 ckpt:1332637
   ⚠️  UPC collision detected, falling back to row-level processing...
   📊 731,000 foods (5/s) | I:337930 U:0 S:393067 P:0 E:3 | fdc:1333250 ckpt:1333250
   ⚠️  UPC collision detected, falling back to row-level processing...
   📊 731,500 foods (5/s) | I:337930 U:0 S:393567 P:0 E:3 | fdc:1333846 ckpt:1333846
   ⚠️  UPC collision detected, falling back to row-level processing...
   📊 732,000 foods (5/s) | I:337933 U:0 S:394064 P:0 E:3 | fdc:1334672 ckpt:1334672
   ⚠️  UPC collision detected, falling back to row-level processing...
   📊 732,500 foods (5/s) | I:337933 U:0 S:394564 P:0 E:3 | fdc:1335357 ckpt:1335357
   ⚠️  UPC collision detected, falling back to row-level processing...
   📊 733,000 foods (5/s) | I:337933 U:0 S:395064 P:0 E:3 | fdc:1335920 ckpt:1335920
   ⚠️  UPC collision detected, falling back to row-level processing...
   📊 733,500 foods (5/s) | I:337933 U:0 S:395564 P:0 E:3 | fdc:1336955 ckpt:1336955
   ⚠️  UPC collision detected, falling back to row-level processing...
   📊 734,000 foods (5/s) | I:337933 U:0 S:396064 P:0 E:3 | fdc:1337531 ckpt:1337531
   ⚠️  UPC collision detected, falling back to row-level processing...
   📊 734,500 foods (5/s) | I:337933 U:0 S:396564 P:0 E:3 | fdc:1338181 ckpt:1338181
   ⚠️  UPC collision detected, falling back to row-level processing...
   📊 735,000 foods (5/s) | I:337933 U:0 S:397064 P:0 E:3 | fdc:1339099 ckpt:1339099
   ⚠️  UPC collision detected, falling back to row-level processing...
   📊 735,500 foods (5/s) | I:337933 U:0 S:397564 P:0 E:3 | fdc:1339750 ckpt:1339750
   ⚠️  UPC collision detected, falling back to row-level processing...
   📊 736,000 foods (5/s) | I:337933 U:0 S:398064 P:0 E:3 | fdc:1340368 ckpt:1340368
   ⚠️  UPC collision detected, falling back to row-level processing...
   📊 736,500 foods (5/s) | I:337933 U:0 S:398564 P:0 E:3 | fdc:1340897 ckpt:1340897
   ⚠️  UPC collision detected, falling back to row-level processing...
   📊 737,000 foods (5/s) | I:337933 U:0 S:399064 P:0 E:3 | fdc:1341458 ckpt:1341458
   ⚠️  UPC collision detected, falling back to row-level processing...
   📊 737,500 foods (5/s) | I:337933 U:0 S:399564 P:0 E:3 | fdc:1342069 ckpt:1342069
   ⚠️  UPC collision detected, falling back to row-level processing...
   📊 738,000 foods (5/s) | I:337933 U:0 S:400064 P:0 E:3 | fdc:1342644 ckpt:1342644
   ⚠️  UPC collision detected, falling back to row-level processing...
   📊 738,500 foods (5/s) | I:337933 U:0 S:400564 P:0 E:3 | fdc:1343378 ckpt:1343378
   ⚠️  UPC collision detected, falling back to row-level processing...
   📊 739,000 foods (5/s) | I:337933 U:0 S:401064 P:0 E:3 | fdc:1344214 ckpt:1344214
   ⚠️  UPC collision detected, falling back to row-level processing...
   📊 739,500 foods (5/s) | I:337933 U:0 S:401564 P:0 E:3 | fdc:1344723 ckpt:1344723
   ⚠️  UPC collision detected, falling back to row-level processing...
   📊 740,000 foods (5/s) | I:337933 U:0 S:402064 P:0 E:3 | fdc:1345228 ckpt:1345228
   ⚠️  UPC collision detected, falling back to row-level processing...
   📊 740,500 foods (5/s) | I:337933 U:0 S:402564 P:0 E:3 | fdc:1345730 ckpt:1345730
   ⚠️  UPC collision detected, falling back to row-level processing...
   📊 741,000 foods (5/s) | I:337933 U:0 S:403064 P:0 E:3 | fdc:1346236 ckpt:1346236
   ⚠️  UPC collision detected, falling back to row-level processing...
   📊 741,500 foods (5/s) | I:337933 U:0 S:403564 P:0 E:3 | fdc:1346738 ckpt:1346738
   ⚠️  UPC collision detected, falling back to row-level processing...
   📊 742,000 foods (5/s) | I:337933 U:0 S:404064 P:0 E:3 | fdc:1347240 ckpt:1347240
   ⚠️  UPC collision detected, falling back to row-level processing...
   📊 742,500 foods (5/s) | I:337933 U:0 S:404564 P:0 E:3 | fdc:1347742 ckpt:1347742
   ⚠️  UPC collision detected, falling back to row-level processing...
   📊 743,000 foods (5/s) | I:337933 U:0 S:405064 P:0 E:3 | fdc:1348245 ckpt:1348245
   ⚠️  UPC collision detected, falling back to row-level processing...
   📊 743,500 foods (5/s) | I:337933 U:0 S:405564 P:0 E:3 | fdc:1348746 ckpt:1348746
   ⚠️  UPC collision detected, falling back to row-level processing...
   📊 744,000 foods (5/s) | I:337933 U:0 S:406064 P:0 E:3 | fdc:1349246 ckpt:1349246
   ⚠️  UPC collision detected, falling back to row-level processing...
   📊 744,500 foods (5/s) | I:337933 U:0 S:406564 P:0 E:3 | fdc:1349749 ckpt:1349749
   ⚠️  UPC collision detected, falling back to row-level processing...
   📊 745,000 foods (5/s) | I:337933 U:0 S:407064 P:0 E:3 | fdc:1350250 ckpt:1350250
   ⚠️  UPC collision detected, falling back to row-level processing...
   📊 745,500 foods (5/s) | I:337933 U:0 S:407564 P:0 E:3 | fdc:1350768 ckpt:1350768
   ⚠️  UPC collision detected, falling back to row-level processing...
   📊 746,000 foods (5/s) | I:337933 U:0 S:408064 P:0 E:3 | fdc:1351606 ckpt:1351606
   ⚠️  UPC collision detected, falling back to row-level processing...
   📊 746,500 foods (5/s) | I:337933 U:0 S:408564 P:0 E:3 | fdc:1352143 ckpt:1352143
   ⚠️  UPC collision detected, falling back to row-level processing...
   📊 747,000 foods (5/s) | I:337933 U:0 S:409064 P:0 E:3 | fdc:1352798 ckpt:1352798
   ⚠️  UPC collision detected, falling back to row-level processing...
   📊 747,500 foods (5/s) | I:337933 U:0 S:409564 P:0 E:3 | fdc:1353425 ckpt:1353425
   ⚠️  UPC collision detected, falling back to row-level processing...
   📊 748,000 foods (5/s) | I:337933 U:0 S:410064 P:0 E:3 | fdc:1353927 ckpt:1353927
   ⚠️  UPC collision detected, falling back to row-level processing...
   📊 748,500 foods (5/s) | I:337933 U:0 S:410564 P:0 E:3 | fdc:1354444 ckpt:1354444
   ⚠️  UPC collision detected, falling back to row-level processing...
   📊 749,000 foods (5/s) | I:337933 U:0 S:411064 P:0 E:3 | fdc:1354996 ckpt:1354996
   ⚠️  UPC collision detected, falling back to row-level processing...
   📊 749,500 foods (5/s) | I:337933 U:0 S:411564 P:0 E:3 | fdc:1355500 ckpt:1355500
   ⚠️  UPC collision detected, falling back to row-level processing...
   📊 750,000 foods (5/s) | I:337933 U:0 S:412064 P:0 E:3 | fdc:1356004 ckpt:1356004
   ⚠️  UPC collision detected, falling back to row-level processing...
   📊 750,500 foods (5/s) | I:337933 U:0 S:412564 P:0 E:3 | fdc:1356511 ckpt:1356511
   ⚠️  UPC collision detected, falling back to row-level processing...
   📊 751,000 foods (5/s) | I:337933 U:0 S:413064 P:0 E:3 | fdc:1357018 ckpt:1357018
   ⚠️  UPC collision detected, falling back to row-level processing...
   📊 751,500 foods (5/s) | I:337933 U:0 S:413564 P:0 E:3 | fdc:1357522 ckpt:1357522
   ⚠️  UPC collision detected, falling back to row-level processing...
   📊 752,000 foods (5/s) | I:337933 U:0 S:414064 P:0 E:3 | fdc:1358024 ckpt:1358024
   ⚠️  UPC collision detected, falling back to row-level processing...
   📊 752,500 foods (5/s) | I:337933 U:0 S:414564 P:0 E:3 | fdc:1358530 ckpt:1358530
   ⚠️  UPC collision detected, falling back to row-level processing...
   📊 753,000 foods (5/s) | I:337933 U:0 S:415064 P:0 E:3 | fdc:1359032 ckpt:1359032
   ⚠️  UPC collision detected, falling back to row-level processing...
   📊 753,500 foods (5/s) | I:337933 U:0 S:415564 P:0 E:3 | fdc:1359536 ckpt:1359536
   ⚠️  UPC collision detected, falling back to row-level processing...
   📊 754,000 foods (5/s) | I:337933 U:0 S:416064 P:0 E:3 | fdc:1360040 ckpt:1360040
   ⚠️  UPC collision detected, falling back to row-level processing...
   📊 754,500 foods (5/s) | I:337933 U:0 S:416564 P:0 E:3 | fdc:1360546 ckpt:1360546
   ⚠️  UPC collision detected, falling back to row-level processing...
   📊 755,000 foods (5/s) | I:337933 U:0 S:417064 P:0 E:3 | fdc:1361046 ckpt:1361046
   ⚠️  UPC collision detected, falling back to row-level processing...
   📊 755,500 foods (5/s) | I:337933 U:0 S:417564 P:0 E:3 | fdc:1361548 ckpt:1361548
   ⚠️  UPC collision detected, falling back to row-level processing...
   📊 756,000 foods (5/s) | I:337933 U:0 S:418064 P:0 E:3 | fdc:1362054 ckpt:1362054
   ⚠️  UPC collision detected, falling back to row-level processing...
   📊 756,500 foods (5/s) | I:337933 U:0 S:418564 P:0 E:3 | fdc:1362559 ckpt:1362559
   ⚠️  UPC collision detected, falling back to row-level processing...
   📊 757,000 foods (5/s) | I:337933 U:0 S:419064 P:0 E:3 | fdc:1363062 ckpt:1363062
   ⚠️  UPC collision detected, falling back to row-level processing...
   📊 757,500 foods (5/s) | I:337933 U:0 S:419564 P:0 E:3 | fdc:1363567 ckpt:1363567
   ⚠️  UPC collision detected, falling back to row-level processing...
   📊 758,000 foods (5/s) | I:337933 U:0 S:420064 P:0 E:3 | fdc:1364071 ckpt:1364071
   ⚠️  UPC collision detected, falling back to row-level processing...
   📊 758,500 foods (5/s) | I:337933 U:0 S:420564 P:0 E:3 | fdc:1364571 ckpt:1364571
   ⚠️  UPC collision detected, falling back to row-level processing...
   📊 759,000 foods (5/s) | I:337933 U:0 S:421064 P:0 E:3 | fdc:1365076 ckpt:1365076
   ⚠️  UPC collision detected, falling back to row-level processing...
   📊 759,500 foods (5/s) | I:337933 U:0 S:421564 P:0 E:3 | fdc:1365578 ckpt:1365578
   ⚠️  UPC collision detected, falling back to row-level processing...
   📊 760,000 foods (5/s) | I:337933 U:0 S:422064 P:0 E:3 | fdc:1366079 ckpt:1366079
   ⚠️  UPC collision detected, falling back to row-level processing...
   📊 760,500 foods (5/s) | I:337933 U:0 S:422564 P:0 E:3 | fdc:1366584 ckpt:1366584
   ⚠️  UPC collision detected, falling back to row-level processing...
   📊 761,000 foods (5/s) | I:337933 U:0 S:423064 P:0 E:3 | fdc:1367091 ckpt:1367091
   ⚠️  Transient error (attempt 1/6): TypeError: fetch failed
   ⏳ Retrying in 1s...
   ⚠️  UPC collision detected, falling back to row-level processing...
   📊 761,500 foods (5/s) | I:337933 U:0 S:423564 P:0 E:3 | fdc:1367601 ckpt:1367601
   ⚠️  UPC collision detected, falling back to row-level processing...
   📊 762,000 foods (5/s) | I:337933 U:0 S:424064 P:0 E:3 | fdc:1368105 ckpt:1368105
   ⚠️  UPC collision detected, falling back to row-level processing...
   📊 762,500 foods (5/s) | I:337933 U:0 S:424564 P:0 E:3 | fdc:1368610 ckpt:1368610
   ⚠️  UPC collision detected, falling back to row-level processing...
   📊 763,000 foods (5/s) | I:337933 U:0 S:425064 P:0 E:3 | fdc:1369114 ckpt:1369114
   ⚠️  UPC collision detected, falling back to row-level processing...
   📊 763,500 foods (5/s) | I:337933 U:0 S:425564 P:0 E:3 | fdc:1369630 ckpt:1369630
   ⚠️  UPC collision detected, falling back to row-level processing...
   📊 764,000 foods (5/s) | I:337933 U:0 S:426064 P:0 E:3 | fdc:1370172 ckpt:1370172
   ⚠️  UPC collision detected, falling back to row-level processing...
   📊 764,500 foods (5/s) | I:337933 U:0 S:426564 P:0 E:3 | fdc:1370742 ckpt:1370742
   ⚠️  UPC collision detected, falling back to row-level processing...
   📊 765,000 foods (5/s) | I:337933 U:0 S:427064 P:0 E:3 | fdc:1371369 ckpt:1371369
   ⚠️  UPC collision detected, falling back to row-level processing...
   📊 765,500 foods (5/s) | I:337933 U:0 S:427564 P:0 E:3 | fdc:1371986 ckpt:1371986
   ⚠️  UPC collision detected, falling back to row-level processing...
   📊 766,000 foods (5/s) | I:337933 U:0 S:428064 P:0 E:3 | fdc:1372588 ckpt:1372588
   ⚠️  UPC collision detected, falling back to row-level processing...
   📊 766,500 foods (5/s) | I:337933 U:0 S:428564 P:0 E:3 | fdc:1373101 ckpt:1373101
   ⚠️  UPC collision detected, falling back to row-level processing...
   📊 767,000 foods (5/s) | I:337933 U:0 S:429064 P:0 E:3 | fdc:1373639 ckpt:1373639
   ⚠️  UPC collision detected, falling back to row-level processing...
   📊 767,500 foods (5/s) | I:337933 U:0 S:429564 P:0 E:3 | fdc:1374143 ckpt:1374143
   ⚠️  UPC collision detected, falling back to row-level processing...
   📊 768,000 foods (5/s) | I:337933 U:0 S:430064 P:0 E:3 | fdc:1374647 ckpt:1374647
   ⚠️  UPC collision detected, falling back to row-level processing...
   📊 768,500 foods (5/s) | I:337933 U:0 S:430564 P:0 E:3 | fdc:1375156 ckpt:1375156
   ⚠️  UPC collision detected, falling back to row-level processing...
   📊 769,000 foods (5/s) | I:337933 U:0 S:431064 P:0 E:3 | fdc:1375662 ckpt:1375662
   ⚠️  UPC collision detected, falling back to row-level processing...
   📊 769,500 foods (5/s) | I:337933 U:0 S:431564 P:0 E:3 | fdc:1376170 ckpt:1376170
   ⚠️  UPC collision detected, falling back to row-level processing...
   📊 770,000 foods (5/s) | I:337933 U:0 S:432064 P:0 E:3 | fdc:1376689 ckpt:1376689
   ⚠️  UPC collision detected, falling back to row-level processing...
   📊 770,500 foods (5/s) | I:337933 U:0 S:432564 P:0 E:3 | fdc:1377211 ckpt:1377211
   ⚠️  UPC collision detected, falling back to row-level processing...
   📊 771,000 foods (5/s) | I:337933 U:0 S:433064 P:0 E:3 | fdc:1377722 ckpt:1377722
   ⚠️  UPC collision detected, falling back to row-level processing...
   📊 771,500 foods (5/s) | I:337933 U:0 S:433564 P:0 E:3 | fdc:1378243 ckpt:1378243
   ⚠️  UPC collision detected, falling back to row-level processing...
   📊 772,000 foods (5/s) | I:337933 U:0 S:434064 P:0 E:3 | fdc:1378764 ckpt:1378764
   ⚠️  UPC collision detected, falling back to row-level processing...
   📊 772,500 foods (5/s) | I:337933 U:0 S:434564 P:0 E:3 | fdc:1379276 ckpt:1379276
   ⚠️  UPC collision detected, falling back to row-level processing...
   📊 773,000 foods (5/s) | I:337933 U:0 S:435064 P:0 E:3 | fdc:1379788 ckpt:1379788
   ⚠️  UPC collision detected, falling back to row-level processing...
   📊 773,500 foods (5/s) | I:337933 U:0 S:435564 P:0 E:3 | fdc:1380293 ckpt:1380293
   ⚠️  UPC collision detected, falling back to row-level processing...
   📊 774,000 foods (5/s) | I:337933 U:0 S:436064 P:0 E:3 | fdc:1380813 ckpt:1380813
   ⚠️  UPC collision detected, falling back to row-level processing...
   📊 774,500 foods (5/s) | I:337933 U:0 S:436564 P:0 E:3 | fdc:1381317 ckpt:1381317
   ⚠️  UPC collision detected, falling back to row-level processing...
   📊 775,000 foods (5/s) | I:337933 U:0 S:437064 P:0 E:3 | fdc:1381827 ckpt:1381827
   ⚠️  UPC collision detected, falling back to row-level processing...
   📊 775,500 foods (5/s) | I:337933 U:0 S:437564 P:0 E:3 | fdc:1382358 ckpt:1382358
   ⚠️  UPC collision detected, falling back to row-level processing...
   📊 776,000 foods (5/s) | I:337933 U:0 S:438064 P:0 E:3 | fdc:1382866 ckpt:1382866
   ⚠️  UPC collision detected, falling back to row-level processing...
   📊 776,500 foods (5/s) | I:337933 U:0 S:438564 P:0 E:3 | fdc:1383377 ckpt:1383377
   ⚠️  UPC collision detected, falling back to row-level processing...
   📊 777,000 foods (5/s) | I:337933 U:0 S:439064 P:0 E:3 | fdc:1383882 ckpt:1383882
   ⚠️  UPC collision detected, falling back to row-level processing...
   📊 777,500 foods (5/s) | I:337933 U:0 S:439564 P:0 E:3 | fdc:1384392 ckpt:1384392
   ⚠️  UPC collision detected, falling back to row-level processing...
   📊 778,000 foods (5/s) | I:337933 U:0 S:440064 P:0 E:3 | fdc:1384903 ckpt:1384903
   ⚠️  UPC collision detected, falling back to row-level processing...
   📊 778,500 foods (5/s) | I:337933 U:0 S:440564 P:0 E:3 | fdc:1385422 ckpt:1385422
   ⚠️  UPC collision detected, falling back to row-level processing...
   📊 779,000 foods (5/s) | I:337933 U:0 S:441064 P:0 E:3 | fdc:1385925 ckpt:1385925
   ⚠️  UPC collision detected, falling back to row-level processing...
   📊 779,500 foods (5/s) | I:337933 U:0 S:441564 P:0 E:3 | fdc:1386443 ckpt:1386443
   ⚠️  UPC collision detected, falling back to row-level processing...
   📊 780,000 foods (5/s) | I:337933 U:0 S:442064 P:0 E:3 | fdc:1386967 ckpt:1386967
   ⚠️  UPC collision detected, falling back to row-level processing...
   📊 780,500 foods (5/s) | I:337933 U:0 S:442564 P:0 E:3 | fdc:1387476 ckpt:1387476
   ⚠️  UPC collision detected, falling back to row-level processing...
   📊 781,000 foods (5/s) | I:337933 U:0 S:443064 P:0 E:3 | fdc:1387981 ckpt:1387981
   ⚠️  UPC collision detected, falling back to row-level processing...
   📊 781,500 foods (5/s) | I:337933 U:0 S:443564 P:0 E:3 | fdc:1388495 ckpt:1388495
   ⚠️  UPC collision detected, falling back to row-level processing...
   📊 782,000 foods (5/s) | I:337933 U:0 S:444064 P:0 E:3 | fdc:1389008 ckpt:1389008
   ⚠️  UPC collision detected, falling back to row-level processing...
   📊 782,500 foods (5/s) | I:337933 U:0 S:444564 P:0 E:3 | fdc:1389518 ckpt:1389518
   ⚠️  UPC collision detected, falling back to row-level processing...
   📊 783,000 foods (5/s) | I:337933 U:0 S:445064 P:0 E:3 | fdc:1390038 ckpt:1390038
   ⚠️  UPC collision detected, falling back to row-level processing...
   📊 783,500 foods (5/s) | I:337933 U:0 S:445564 P:0 E:3 | fdc:1390549 ckpt:1390549
   ⚠️  UPC collision detected, falling back to row-level processing...
   📊 784,000 foods (5/s) | I:337933 U:0 S:446064 P:0 E:3 | fdc:1391053 ckpt:1391053
   ⚠️  UPC collision detected, falling back to row-level processing...
   📊 784,500 foods (5/s) | I:337933 U:0 S:446564 P:0 E:3 | fdc:1391567 ckpt:1391567
   ⚠️  UPC collision detected, falling back to row-level processing...
   📊 785,000 foods (5/s) | I:337933 U:0 S:447064 P:0 E:3 | fdc:1392074 ckpt:1392074
   ⚠️  UPC collision detected, falling back to row-level processing...
   📊 785,500 foods (5/s) | I:337933 U:0 S:447564 P:0 E:3 | fdc:1392594 ckpt:1392594
   ⚠️  UPC collision detected, falling back to row-level processing...
   📊 786,000 foods (5/s) | I:337933 U:0 S:448064 P:0 E:3 | fdc:1393099 ckpt:1393099
   ⚠️  UPC collision detected, falling back to row-level processing...
   📊 786,500 foods (5/s) | I:337933 U:0 S:448564 P:0 E:3 | fdc:1393603 ckpt:1393603
   ⚠️  UPC collision detected, falling back to row-level processing...
   📊 787,000 foods (5/s) | I:337933 U:0 S:449064 P:0 E:3 | fdc:1394127 ckpt:1394127
   ⚠️  UPC collision detected, falling back to row-level processing...
   📊 787,500 foods (5/s) | I:337933 U:0 S:449564 P:0 E:3 | fdc:1394635 ckpt:1394635
   ⚠️  UPC collision detected, falling back to row-level processing...
   📊 788,000 foods (5/s) | I:337933 U:0 S:450064 P:0 E:3 | fdc:1395139 ckpt:1395139
   ⚠️  UPC collision detected, falling back to row-level processing...
   📊 788,500 foods (5/s) | I:337933 U:0 S:450564 P:0 E:3 | fdc:1395656 ckpt:1395656
   ⚠️  UPC collision detected, falling back to row-level processing...
   📊 789,000 foods (5/s) | I:337933 U:0 S:451064 P:0 E:3 | fdc:1396168 ckpt:1396168
   ⚠️  UPC collision detected, falling back to row-level processing...
   📊 789,500 foods (5/s) | I:337933 U:0 S:451564 P:0 E:3 | fdc:1396670 ckpt:1396670
   ⚠️  UPC collision detected, falling back to row-level processing...
   📊 790,000 foods (5/s) | I:337933 U:0 S:452064 P:0 E:3 | fdc:1397205 ckpt:1397205
   ⚠️  UPC collision detected, falling back to row-level processing...
   📊 790,500 foods (5/s) | I:337933 U:0 S:452564 P:0 E:3 | fdc:1397774 ckpt:1397774
   ⚠️  UPC collision detected, falling back to row-level processing...
   📊 791,000 foods (5/s) | I:337933 U:0 S:453064 P:0 E:3 | fdc:1398306 ckpt:1398306
   ⚠️  UPC collision detected, falling back to row-level processing...
   📊 791,500 foods (5/s) | I:337933 U:0 S:453564 P:0 E:3 | fdc:1398826 ckpt:1398826
   ⚠️  UPC collision detected, falling back to row-level processing...
   📊 792,000 foods (5/s) | I:337933 U:0 S:454064 P:0 E:3 | fdc:1399338 ckpt:1399338
   ⚠️  UPC collision detected, falling back to row-level processing...
   📊 792,500 foods (5/s) | I:337933 U:0 S:454564 P:0 E:3 | fdc:1399872 ckpt:1399872
   ⚠️  UPC collision detected, falling back to row-level processing...
   📊 793,000 foods (5/s) | I:337933 U:0 S:455064 P:0 E:3 | fdc:1400469 ckpt:1400469
   ⚠️  UPC collision detected, falling back to row-level processing...
   📊 793,500 foods (5/s) | I:337933 U:0 S:455564 P:0 E:3 | fdc:1400990 ckpt:1400990
   ⚠️  UPC collision detected, falling back to row-level processing...
   📊 794,000 foods (5/s) | I:337933 U:0 S:456064 P:0 E:3 | fdc:1401578 ckpt:1401578
   ⚠️  UPC collision detected, falling back to row-level processing...
   📊 794,500 foods (5/s) | I:337933 U:0 S:456564 P:0 E:3 | fdc:1402126 ckpt:1402126
   ⚠️  UPC collision detected, falling back to row-level processing...
   📊 795,000 foods (5/s) | I:337933 U:0 S:457064 P:0 E:3 | fdc:1402693 ckpt:1402693
   ⚠️  UPC collision detected, falling back to row-level processing...
   📊 795,500 foods (5/s) | I:337933 U:0 S:457564 P:0 E:3 | fdc:1403249 ckpt:1403249
   ⚠️  UPC collision detected, falling back to row-level processing...
   📊 796,000 foods (5/s) | I:337933 U:0 S:458064 P:0 E:3 | fdc:1403812 ckpt:1403812
   ⚠️  UPC collision detected, falling back to row-level processing...
   📊 796,500 foods (5/s) | I:337933 U:0 S:458564 P:0 E:3 | fdc:1404326 ckpt:1404326
   ⚠️  UPC collision detected, falling back to row-level processing...
   📊 797,000 foods (5/s) | I:337933 U:0 S:459064 P:0 E:3 | fdc:1404833 ckpt:1404833
   ⚠️  UPC collision detected, falling back to row-level processing...
   📊 797,500 foods (5/s) | I:337933 U:0 S:459564 P:0 E:3 | fdc:1405339 ckpt:1405339
   ⚠️  UPC collision detected, falling back to row-level processing...
   📊 798,000 foods (5/s) | I:337933 U:0 S:460064 P:0 E:3 | fdc:1405845 ckpt:1405845
   ⚠️  UPC collision detected, falling back to row-level processing...
   📊 798,500 foods (5/s) | I:337933 U:0 S:460564 P:0 E:3 | fdc:1406349 ckpt:1406349
   ⚠️  UPC collision detected, falling back to row-level processing...
   📊 799,000 foods (5/s) | I:337933 U:0 S:461064 P:0 E:3 | fdc:1406910 ckpt:1406910
   ⚠️  UPC collision detected, falling back to row-level processing...
   📊 799,500 foods (5/s) | I:337933 U:0 S:461564 P:0 E:3 | fdc:1407429 ckpt:1407429
   ⚠️  UPC collision detected, falling back to row-level processing...
   📊 800,000 foods (5/s) | I:337933 U:0 S:462064 P:0 E:3 | fdc:1407942 ckpt:1407942
   ⚠️  UPC collision detected, falling back to row-level processing...
   📊 800,500 foods (5/s) | I:337933 U:0 S:462564 P:0 E:3 | fdc:1408453 ckpt:1408453
   ⚠️  UPC collision detected, falling back to row-level processing...
   📊 801,000 foods (5/s) | I:337933 U:0 S:463064 P:0 E:3 | fdc:1408958 ckpt:1408958
   ⚠️  UPC collision detected, falling back to row-level processing...
   📊 801,500 foods (5/s) | I:337933 U:0 S:463564 P:0 E:3 | fdc:1409480 ckpt:1409480
   ⚠️  UPC collision detected, falling back to row-level processing...
   📊 802,000 foods (5/s) | I:337933 U:0 S:464064 P:0 E:3 | fdc:1410003 ckpt:1410003
   ⚠️  UPC collision detected, falling back to row-level processing...
   📊 802,500 foods (5/s) | I:337933 U:0 S:464564 P:0 E:3 | fdc:1410570 ckpt:1410570
   ⚠️  UPC collision detected, falling back to row-level processing...
   📊 803,000 foods (5/s) | I:337933 U:0 S:465064 P:0 E:3 | fdc:1411091 ckpt:1411091
   ⚠️  UPC collision detected, falling back to row-level processing...
   📊 803,500 foods (5/s) | I:337937 U:0 S:465560 P:0 E:3 | fdc:1411668 ckpt:1411668
   ⚠️  UPC collision detected, falling back to row-level processing...
   📊 804,000 foods (5/s) | I:337938 U:0 S:466059 P:0 E:3 | fdc:1412173 ckpt:1412173
   ⚠️  UPC collision detected, falling back to row-level processing...
   📊 804,500 foods (5/s) | I:337941 U:0 S:466556 P:0 E:3 | fdc:1412676 ckpt:1412676
   ⚠️  UPC collision detected, falling back to row-level processing...
   📊 805,000 foods (5/s) | I:337943 U:0 S:467054 P:0 E:3 | fdc:1413176 ckpt:1413176
   ⚠️  UPC collision detected, falling back to row-level processing...
   📊 805,500 foods (5/s) | I:337944 U:0 S:467553 P:0 E:3 | fdc:1413684 ckpt:1413684
   ⚠️  UPC collision detected, falling back to row-level processing...
   📊 806,000 foods (5/s) | I:337946 U:0 S:468051 P:0 E:3 | fdc:1414185 ckpt:1414185
   ⚠️  UPC collision detected, falling back to row-level processing...
   📊 806,500 foods (5/s) | I:337946 U:0 S:468551 P:0 E:3 | fdc:1414687 ckpt:1414687
   ⚠️  UPC collision detected, falling back to row-level processing...
   📊 807,000 foods (5/s) | I:337950 U:0 S:469047 P:0 E:3 | fdc:1415199 ckpt:1415199
   ⚠️  UPC collision detected, falling back to row-level processing...
   📊 807,500 foods (5/s) | I:337957 U:0 S:469540 P:0 E:3 | fdc:1415712 ckpt:1415712
   ⚠️  UPC collision detected, falling back to row-level processing...
   📊 808,000 foods (5/s) | I:337959 U:0 S:470038 P:0 E:3 | fdc:1416232 ckpt:1416232
   ⚠️  UPC collision detected, falling back to row-level processing...
   📊 808,500 foods (5/s) | I:337962 U:0 S:470535 P:0 E:3 | fdc:1416750 ckpt:1416750
   ⚠️  UPC collision detected, falling back to row-level processing...
   📊 809,000 foods (5/s) | I:337967 U:0 S:471030 P:0 E:3 | fdc:1417260 ckpt:1417260
   ⚠️  UPC collision detected, falling back to row-level processing...
   📊 809,500 foods (5/s) | I:337976 U:0 S:471521 P:0 E:3 | fdc:1417763 ckpt:1417763
   ⚠️  UPC collision detected, falling back to row-level processing...
   📊 810,000 foods (5/s) | I:337981 U:0 S:472016 P:0 E:3 | fdc:1418266 ckpt:1418266
   ⚠️  UPC collision detected, falling back to row-level processing...
   📊 810,500 foods (5/s) | I:337983 U:0 S:472514 P:0 E:3 | fdc:1418785 ckpt:1418785
   ⚠️  UPC collision detected, falling back to row-level processing...
   📊 811,000 foods (5/s) | I:337987 U:0 S:473010 P:0 E:3 | fdc:1419292 ckpt:1419292
   ⚠️  UPC collision detected, falling back to row-level processing...
   📊 811,500 foods (5/s) | I:337987 U:0 S:473510 P:0 E:3 | fdc:1419793 ckpt:1419793
   ⚠️  UPC collision detected, falling back to row-level processing...
   📊 812,000 foods (5/s) | I:337990 U:0 S:474007 P:0 E:3 | fdc:1420293 ckpt:1420293
   ⚠️  UPC collision detected, falling back to row-level processing...
   📊 812,500 foods (5/s) | I:337991 U:0 S:474506 P:0 E:3 | fdc:1420803 ckpt:1420803
   ⚠️  UPC collision detected, falling back to row-level processing...
   📊 813,000 foods (5/s) | I:337991 U:0 S:475006 P:0 E:3 | fdc:1421310 ckpt:1421310
   ⚠️  UPC collision detected, falling back to row-level processing...
   📊 813,500 foods (5/s) | I:337991 U:0 S:475506 P:0 E:3 | fdc:1421812 ckpt:1421812
   ⚠️  UPC collision detected, falling back to row-level processing...
   📊 814,000 foods (5/s) | I:337996 U:0 S:476001 P:0 E:3 | fdc:1422316 ckpt:1422316
   ⚠️  UPC collision detected, falling back to row-level processing...
   📊 814,500 foods (5/s) | I:337998 U:0 S:476499 P:0 E:3 | fdc:1422818 ckpt:1422818
   ⚠️  UPC collision detected, falling back to row-level processing...
   📊 815,000 foods (5/s) | I:337999 U:0 S:476998 P:0 E:3 | fdc:1423318 ckpt:1423318
   ⚠️  UPC collision detected, falling back to row-level processing...
   📊 815,500 foods (5/s) | I:338001 U:0 S:477496 P:0 E:3 | fdc:1423820 ckpt:1423820
   ⚠️  UPC collision detected, falling back to row-level processing...
   📊 816,000 foods (5/s) | I:338003 U:0 S:477994 P:0 E:3 | fdc:1424322 ckpt:1424322
   ⚠️  UPC collision detected, falling back to row-level processing...
   📊 816,500 foods (5/s) | I:338005 U:0 S:478492 P:0 E:3 | fdc:1424823 ckpt:1424823
   ⚠️  UPC collision detected, falling back to row-level processing...
   📊 817,000 foods (5/s) | I:338006 U:0 S:478991 P:0 E:3 | fdc:1425333 ckpt:1425333
   ⚠️  UPC collision detected, falling back to row-level processing...
   📊 817,500 foods (5/s) | I:338007 U:0 S:479490 P:0 E:3 | fdc:1425839 ckpt:1425839
   ⚠️  UPC collision detected, falling back to row-level processing...
   📊 818,000 foods (5/s) | I:338011 U:0 S:479986 P:0 E:3 | fdc:1426339 ckpt:1426339
   ⚠️  UPC collision detected, falling back to row-level processing...
   📊 818,500 foods (5/s) | I:338013 U:0 S:480484 P:0 E:3 | fdc:1426845 ckpt:1426845
   ⚠️  UPC collision detected, falling back to row-level processing...
   📊 819,000 foods (5/s) | I:338017 U:0 S:480980 P:0 E:3 | fdc:1427355 ckpt:1427355
   ⚠️  UPC collision detected, falling back to row-level processing...
   📊 819,500 foods (5/s) | I:338027 U:0 S:481470 P:0 E:3 | fdc:1427866 ckpt:1427866
   ⚠️  UPC collision detected, falling back to row-level processing...
   📊 820,000 foods (5/s) | I:338030 U:0 S:481967 P:0 E:3 | fdc:1428394 ckpt:1428394
   ⚠️  UPC collision detected, falling back to row-level processing...
   📊 820,500 foods (5/s) | I:338031 U:0 S:482466 P:0 E:3 | fdc:1428911 ckpt:1428911
   ⚠️  UPC collision detected, falling back to row-level processing...
   📊 821,000 foods (5/s) | I:338031 U:0 S:482966 P:0 E:3 | fdc:1429414 ckpt:1429414
   ⚠️  UPC collision detected, falling back to row-level processing...
   📊 821,500 foods (5/s) | I:338033 U:0 S:483464 P:0 E:3 | fdc:1429914 ckpt:1429914
   ⚠️  UPC collision detected, falling back to row-level processing...
   📊 822,000 foods (5/s) | I:338034 U:0 S:483963 P:0 E:3 | fdc:1430417 ckpt:1430417
   ⚠️  UPC collision detected, falling back to row-level processing...
   📊 822,500 foods (5/s) | I:338035 U:0 S:484462 P:0 E:3 | fdc:1430918 ckpt:1430918
   ⚠️  UPC collision detected, falling back to row-level processing...
   📊 823,000 foods (5/s) | I:338036 U:0 S:484961 P:0 E:3 | fdc:1431421 ckpt:1431421
   ⚠️  UPC collision detected, falling back to row-level processing...
   📊 823,500 foods (5/s) | I:338038 U:0 S:485459 P:0 E:3 | fdc:1431926 ckpt:1431926
   ⚠️  UPC collision detected, falling back to row-level processing...
   📊 824,000 foods (5/s) | I:338039 U:0 S:485958 P:0 E:3 | fdc:1432432 ckpt:1432432
   ⚠️  UPC collision detected, falling back to row-level processing...
   📊 824,500 foods (5/s) | I:338040 U:0 S:486457 P:0 E:3 | fdc:1432944 ckpt:1432944
   ⚠️  UPC collision detected, falling back to row-level processing...
   📊 825,000 foods (5/s) | I:338043 U:0 S:486954 P:0 E:3 | fdc:1433448 ckpt:1433448
   ⚠️  UPC collision detected, falling back to row-level processing...
   📊 825,500 foods (5/s) | I:338045 U:0 S:487452 P:0 E:3 | fdc:1433951 ckpt:1433951
   ⚠️  UPC collision detected, falling back to row-level processing...
   📊 826,000 foods (5/s) | I:338052 U:0 S:487945 P:0 E:3 | fdc:1434464 ckpt:1434464
   ⚠️  UPC collision detected, falling back to row-level processing...
   📊 826,500 foods (5/s) | I:338052 U:0 S:488445 P:0 E:3 | fdc:1435112 ckpt:1435112
   ⚠️  UPC collision detected, falling back to row-level processing...
   📊 827,000 foods (5/s) | I:338052 U:0 S:488945 P:0 E:3 | fdc:1435632 ckpt:1435632
   ⚠️  UPC collision detected, falling back to row-level processing...
   📊 827,500 foods (5/s) | I:338052 U:0 S:489445 P:0 E:3 | fdc:1436336 ckpt:1436336
   ⚠️  UPC collision detected, falling back to row-level processing...
   📊 828,000 foods (5/s) | I:338056 U:0 S:489941 P:0 E:3 | fdc:1436893 ckpt:1436893
   ⚠️  UPC collision detected, falling back to row-level processing...
   📊 828,500 foods (5/s) | I:338059 U:0 S:490438 P:0 E:3 | fdc:1437409 ckpt:1437409
   ⚠️  UPC collision detected, falling back to row-level processing...
   📊 829,000 foods (5/s) | I:338062 U:0 S:490935 P:0 E:3 | fdc:1437911 ckpt:1437911
   ⚠️  UPC collision detected, falling back to row-level processing...
   📊 829,500 foods (5/s) | I:338073 U:0 S:491424 P:0 E:3 | fdc:1438422 ckpt:1438422
   ⚠️  UPC collision detected, falling back to row-level processing...
   📊 830,000 foods (5/s) | I:338074 U:0 S:491923 P:0 E:3 | fdc:1438924 ckpt:1438924
   ⚠️  UPC collision detected, falling back to row-level processing...
   📊 830,500 foods (5/s) | I:338074 U:0 S:492423 P:0 E:3 | fdc:1439429 ckpt:1439429
   ⚠️  UPC collision detected, falling back to row-level processing...
   📊 831,000 foods (5/s) | I:338074 U:0 S:492923 P:0 E:3 | fdc:1439932 ckpt:1439932
   ⚠️  UPC collision detected, falling back to row-level processing...
   📊 831,500 foods (5/s) | I:338074 U:0 S:493423 P:0 E:3 | fdc:1440436 ckpt:1440436
   ⚠️  UPC collision detected, falling back to row-level processing...
   📊 832,000 foods (5/s) | I:338075 U:0 S:493922 P:0 E:3 | fdc:1440940 ckpt:1440940
   ⚠️  UPC collision detected, falling back to row-level processing...
   📊 832,500 foods (5/s) | I:338076 U:0 S:494421 P:0 E:3 | fdc:1441444 ckpt:1441444
   ⚠️  UPC collision detected, falling back to row-level processing...
   📊 833,000 foods (5/s) | I:338076 U:0 S:494921 P:0 E:3 | fdc:1441948 ckpt:1441948
   ⚠️  UPC collision detected, falling back to row-level processing...
   📊 833,500 foods (5/s) | I:338076 U:0 S:495421 P:0 E:3 | fdc:1442453 ckpt:1442453
   ⚠️  UPC collision detected, falling back to row-level processing...
   📊 834,000 foods (5/s) | I:338076 U:0 S:495921 P:0 E:3 | fdc:1442978 ckpt:1442978
   ⚠️  UPC collision detected, falling back to row-level processing...
   📊 834,500 foods (5/s) | I:338077 U:0 S:496420 P:0 E:3 | fdc:1443481 ckpt:1443481
   ⚠️  UPC collision detected, falling back to row-level processing...
   📊 835,000 foods (5/s) | I:338077 U:0 S:496920 P:0 E:3 | fdc:1443982 ckpt:1443982
   ⚠️  UPC collision detected, falling back to row-level processing...
   📊 835,500 foods (5/s) | I:338077 U:0 S:497420 P:0 E:3 | fdc:1444483 ckpt:1444483
   ⚠️  UPC collision detected, falling back to row-level processing...
   📊 836,000 foods (5/s) | I:338077 U:0 S:497920 P:0 E:3 | fdc:1444988 ckpt:1444988
   ⚠️  UPC collision detected, falling back to row-level processing...
   📊 836,500 foods (5/s) | I:338077 U:0 S:498420 P:0 E:3 | fdc:1445494 ckpt:1445494
   ⚠️  UPC collision detected, falling back to row-level processing...
   📊 837,000 foods (5/s) | I:338077 U:0 S:498920 P:0 E:3 | fdc:1446003 ckpt:1446003
   ⚠️  UPC collision detected, falling back to row-level processing...
   📊 837,500 foods (5/s) | I:338077 U:0 S:499420 P:0 E:3 | fdc:1446508 ckpt:1446508
   ⚠️  UPC collision detected, falling back to row-level processing...
   📊 838,000 foods (5/s) | I:338077 U:0 S:499920 P:0 E:3 | fdc:1447010 ckpt:1447010
   ⚠️  UPC collision detected, falling back to row-level processing...
   📊 838,500 foods (5/s) | I:338077 U:0 S:500420 P:0 E:3 | fdc:1447515 ckpt:1447515
   ⚠️  UPC collision detected, falling back to row-level processing...
   📊 839,000 foods (5/s) | I:338077 U:0 S:500920 P:0 E:3 | fdc:1448019 ckpt:1448019
   ⚠️  UPC collision detected, falling back to row-level processing...
   📊 839,500 foods (5/s) | I:338077 U:0 S:501420 P:0 E:3 | fdc:1448522 ckpt:1448522
   ⚠️  UPC collision detected, falling back to row-level processing...
   📊 840,000 foods (5/s) | I:338077 U:0 S:501920 P:0 E:3 | fdc:1449022 ckpt:1449022
   ⚠️  UPC collision detected, falling back to row-level processing...
   📊 840,500 foods (5/s) | I:338077 U:0 S:502420 P:0 E:3 | fdc:1449522 ckpt:1449522
   ⚠️  UPC collision detected, falling back to row-level processing...
   📊 841,000 foods (5/s) | I:338077 U:0 S:502920 P:0 E:3 | fdc:1450022 ckpt:1450022
   ⚠️  UPC collision detected, falling back to row-level processing...
   📊 841,500 foods (5/s) | I:338077 U:0 S:503420 P:0 E:3 | fdc:1450528 ckpt:1450528
   ⚠️  UPC collision detected, falling back to row-level processing...
   📊 842,000 foods (5/s) | I:338077 U:0 S:503920 P:0 E:3 | fdc:1451029 ckpt:1451029
   ⚠️  UPC collision detected, falling back to row-level processing...
   📊 842,500 foods (5/s) | I:338077 U:0 S:504420 P:0 E:3 | fdc:1451529 ckpt:1451529
   ⚠️  UPC collision detected, falling back to row-level processing...
   📊 843,000 foods (5/s) | I:338077 U:0 S:504920 P:0 E:3 | fdc:1452032 ckpt:1452032
   ⚠️  UPC collision detected, falling back to row-level processing...
   📊 843,500 foods (5/s) | I:338243 U:0 S:505254 P:0 E:3 | fdc:1452534 ckpt:1452534
   📊 844,000 foods (5/s) | I:338743 U:0 S:505254 P:0 E:3 | fdc:1453046 ckpt:1453046
   📊 844,500 foods (5/s) | I:339243 U:0 S:505254 P:0 E:3 | fdc:1453547 ckpt:1453547
   📊 845,000 foods (5/s) | I:339743 U:0 S:505254 P:0 E:3 | fdc:1454048 ckpt:1454048
   📊 845,500 foods (5/s) | I:340243 U:0 S:505254 P:0 E:3 | fdc:1454550 ckpt:1454550
   📊 846,000 foods (5/s) | I:340743 U:0 S:505254 P:0 E:3 | fdc:1455053 ckpt:1455053
   ⚠️  UPC collision detected, falling back to row-level processing...
   📊 846,500 foods (5/s) | I:340979 U:0 S:505518 P:0 E:3 | fdc:1455553 ckpt:1455553
   ⚠️  UPC collision detected, falling back to row-level processing...
   📊 847,000 foods (5/s) | I:340979 U:0 S:506018 P:0 E:3 | fdc:1456053 ckpt:1456053
   ⚠️  UPC collision detected, falling back to row-level processing...
   📊 847,500 foods (5/s) | I:340979 U:0 S:506518 P:0 E:3 | fdc:1456553 ckpt:1456553
   ⚠️  UPC collision detected, falling back to row-level processing...
   📊 848,000 foods (5/s) | I:340979 U:0 S:507018 P:0 E:3 | fdc:1457053 ckpt:1457053
   ⚠️  UPC collision detected, falling back to row-level processing...
   📊 848,500 foods (5/s) | I:340979 U:0 S:507518 P:0 E:3 | fdc:1457555 ckpt:1457555
   ⚠️  UPC collision detected, falling back to row-level processing...
   📊 849,000 foods (5/s) | I:340979 U:0 S:508018 P:0 E:3 | fdc:1458055 ckpt:1458055
   ⚠️  UPC collision detected, falling back to row-level processing...
   📊 849,500 foods (5/s) | I:340979 U:0 S:508518 P:0 E:3 | fdc:1458555 ckpt:1458555
   ⚠️  UPC collision detected, falling back to row-level processing...
   📊 850,000 foods (5/s) | I:340979 U:0 S:509018 P:0 E:3 | fdc:1459055 ckpt:1459055
   ⚠️  UPC collision detected, falling back to row-level processing...
   📊 850,500 foods (5/s) | I:340979 U:0 S:509518 P:0 E:3 | fdc:1459556 ckpt:1459556
   ⚠️  UPC collision detected, falling back to row-level processing...
   📊 851,000 foods (5/s) | I:340979 U:0 S:510018 P:0 E:3 | fdc:1460057 ckpt:1460057
   ⚠️  UPC collision detected, falling back to row-level processing...
   📊 851,500 foods (5/s) | I:340979 U:0 S:510518 P:0 E:3 | fdc:1460558 ckpt:1460558
   ⚠️  UPC collision detected, falling back to row-level processing...
   📊 852,000 foods (5/s) | I:340979 U:0 S:511018 P:0 E:3 | fdc:1461059 ckpt:1461059
   ⚠️  UPC collision detected, falling back to row-level processing...
   📊 852,500 foods (5/s) | I:340979 U:0 S:511518 P:0 E:3 | fdc:1461559 ckpt:1461559
   ⚠️  UPC collision detected, falling back to row-level processing...
   📊 853,000 foods (5/s) | I:340979 U:0 S:512018 P:0 E:3 | fdc:1462059 ckpt:1462059
   ⚠️  UPC collision detected, falling back to row-level processing...
   📊 853,500 foods (5/s) | I:340979 U:0 S:512518 P:0 E:3 | fdc:1462559 ckpt:1462559
   ⚠️  UPC collision detected, falling back to row-level processing...
   📊 854,000 foods (5/s) | I:340984 U:0 S:513013 P:0 E:3 | fdc:1463062 ckpt:1463062
   ⚠️  UPC collision detected, falling back to row-level processing...
   📊 854,500 foods (5/s) | I:340984 U:0 S:513513 P:0 E:3 | fdc:1463593 ckpt:1463593
   ⚠️  UPC collision detected, falling back to row-level processing...
   📊 855,000 foods (5/s) | I:340984 U:0 S:514013 P:0 E:3 | fdc:1464117 ckpt:1464117
   ⚠️  UPC collision detected, falling back to row-level processing...
   📊 855,500 foods (5/s) | I:340984 U:0 S:514513 P:0 E:3 | fdc:1464621 ckpt:1464621
   ⚠️  UPC collision detected, falling back to row-level processing...
   📊 856,000 foods (5/s) | I:340984 U:0 S:515013 P:0 E:3 | fdc:1465138 ckpt:1465138
   ⚠️  UPC collision detected, falling back to row-level processing...
   📊 856,500 foods (5/s) | I:340984 U:0 S:515513 P:0 E:3 | fdc:1465644 ckpt:1465644
   ⚠️  UPC collision detected, falling back to row-level processing...
   📊 857,000 foods (5/s) | I:340984 U:0 S:516013 P:0 E:3 | fdc:1466150 ckpt:1466150
   ⚠️  UPC collision detected, falling back to row-level processing...
   📊 857,500 foods (5/s) | I:340984 U:0 S:516513 P:0 E:3 | fdc:1466663 ckpt:1466663
   ⚠️  UPC collision detected, falling back to row-level processing...
   📊 858,000 foods (5/s) | I:340984 U:0 S:517013 P:0 E:3 | fdc:1467173 ckpt:1467173
   ⚠️  UPC collision detected, falling back to row-level processing...
   📊 858,500 foods (5/s) | I:340984 U:0 S:517513 P:0 E:3 | fdc:1467678 ckpt:1467678
   ⚠️  UPC collision detected, falling back to row-level processing...
   📊 859,000 foods (5/s) | I:340984 U:0 S:518013 P:0 E:3 | fdc:1468181 ckpt:1468181
   ⚠️  UPC collision detected, falling back to row-level processing...
   📊 859,500 foods (5/s) | I:340984 U:0 S:518513 P:0 E:3 | fdc:1468681 ckpt:1468681
   ⚠️  UPC collision detected, falling back to row-level processing...
   📊 860,000 foods (5/s) | I:340984 U:0 S:519013 P:0 E:3 | fdc:1469184 ckpt:1469184
   ⚠️  UPC collision detected, falling back to row-level processing...
   📊 860,500 foods (5/s) | I:340984 U:0 S:519513 P:0 E:3 | fdc:1469686 ckpt:1469686
   ⚠️  UPC collision detected, falling back to row-level processing...
   📊 861,000 foods (5/s) | I:340984 U:0 S:520013 P:0 E:3 | fdc:1470187 ckpt:1470187
   ⚠️  UPC collision detected, falling back to row-level processing...
   📊 861,500 foods (5/s) | I:340984 U:0 S:520513 P:0 E:3 | fdc:1470687 ckpt:1470687
   ⚠️  UPC collision detected, falling back to row-level processing...
   📊 862,000 foods (5/s) | I:340984 U:0 S:521013 P:0 E:3 | fdc:1471206 ckpt:1471206
   ⚠️  UPC collision detected, falling back to row-level processing...
   📊 862,500 foods (5/s) | I:340984 U:0 S:521513 P:0 E:3 | fdc:1471715 ckpt:1471715
   ⚠️  UPC collision detected, falling back to row-level processing...
   📊 863,000 foods (5/s) | I:340984 U:0 S:522013 P:0 E:3 | fdc:1472217 ckpt:1472217
   ⚠️  UPC collision detected, falling back to row-level processing...
   📊 863,500 foods (5/s) | I:340984 U:0 S:522513 P:0 E:3 | fdc:1472724 ckpt:1472724
   ⚠️  UPC collision detected, falling back to row-level processing...
   📊 864,000 foods (5/s) | I:340984 U:0 S:523013 P:0 E:3 | fdc:1473226 ckpt:1473226
   ⚠️  UPC collision detected, falling back to row-level processing...
   📊 864,500 foods (5/s) | I:340984 U:0 S:523513 P:0 E:3 | fdc:1473729 ckpt:1473729
   ⚠️  UPC collision detected, falling back to row-level processing...
   📊 865,000 foods (5/s) | I:340984 U:0 S:524013 P:0 E:3 | fdc:1474230 ckpt:1474230
   ⚠️  UPC collision detected, falling back to row-level processing...
   📊 865,500 foods (5/s) | I:340984 U:0 S:524513 P:0 E:3 | fdc:1474737 ckpt:1474737
   ⚠️  UPC collision detected, falling back to row-level processing...
   📊 866,000 foods (5/s) | I:340984 U:0 S:525013 P:0 E:3 | fdc:1475240 ckpt:1475240
   ⚠️  UPC collision detected, falling back to row-level processing...
   📊 866,500 foods (5/s) | I:340984 U:0 S:525513 P:0 E:3 | fdc:1475740 ckpt:1475740
   ⚠️  UPC collision detected, falling back to row-level processing...
   📊 867,000 foods (5/s) | I:340984 U:0 S:526013 P:0 E:3 | fdc:1476241 ckpt:1476241
   ⚠️  UPC collision detected, falling back to row-level processing...
   📊 867,500 foods (5/s) | I:340984 U:0 S:526513 P:0 E:3 | fdc:1476743 ckpt:1476743
   ⚠️  UPC collision detected, falling back to row-level processing...
   📊 868,000 foods (5/s) | I:340984 U:0 S:527013 P:0 E:3 | fdc:1477243 ckpt:1477243
   ⚠️  UPC collision detected, falling back to row-level processing...
   📊 868,500 foods (5/s) | I:340984 U:0 S:527513 P:0 E:3 | fdc:1477786 ckpt:1477786
   ⚠️  UPC collision detected, falling back to row-level processing...
   📊 869,000 foods (5/s) | I:340984 U:0 S:528013 P:0 E:3 | fdc:1478291 ckpt:1478291
   ⚠️  UPC collision detected, falling back to row-level processing...
   📊 869,500 foods (5/s) | I:340984 U:0 S:528513 P:0 E:3 | fdc:1478832 ckpt:1478832
   ⚠️  UPC collision detected, falling back to row-level processing...
   📊 870,000 foods (5/s) | I:340984 U:0 S:529013 P:0 E:3 | fdc:1479333 ckpt:1479333
   ⚠️  UPC collision detected, falling back to row-level processing...
   📊 870,500 foods (5/s) | I:340984 U:0 S:529513 P:0 E:3 | fdc:1479835 ckpt:1479835
   ⚠️  UPC collision detected, falling back to row-level processing...
   📊 871,000 foods (5/s) | I:340984 U:0 S:530013 P:0 E:3 | fdc:1480344 ckpt:1480344
   ⚠️  UPC collision detected, falling back to row-level processing...
   📊 871,500 foods (5/s) | I:340984 U:0 S:530513 P:0 E:3 | fdc:1480846 ckpt:1480846
   ⚠️  UPC collision detected, falling back to row-level processing...
   📊 872,000 foods (5/s) | I:340984 U:0 S:531013 P:0 E:3 | fdc:1481351 ckpt:1481351
   ⚠️  UPC collision detected, falling back to row-level processing...
   📊 872,500 foods (5/s) | I:340984 U:0 S:531513 P:0 E:3 | fdc:1481875 ckpt:1481875
   ⚠️  UPC collision detected, falling back to row-level processing...
   📊 873,000 foods (5/s) | I:340984 U:0 S:532013 P:0 E:3 | fdc:1482380 ckpt:1482380
   ⚠️  UPC collision detected, falling back to row-level processing...
   📊 873,500 foods (5/s) | I:340984 U:0 S:532513 P:0 E:3 | fdc:1482881 ckpt:1482881
   ⚠️  UPC collision detected, falling back to row-level processing...
   📊 874,000 foods (5/s) | I:340984 U:0 S:533013 P:0 E:3 | fdc:1483386 ckpt:1483386
   ⚠️  UPC collision detected, falling back to row-level processing...
   📊 874,500 foods (5/s) | I:340984 U:0 S:533513 P:0 E:3 | fdc:1483891 ckpt:1483891
   ⚠️  UPC collision detected, falling back to row-level processing...
   📊 875,000 foods (5/s) | I:340984 U:0 S:534013 P:0 E:3 | fdc:1484394 ckpt:1484394
   ⚠️  UPC collision detected, falling back to row-level processing...
   📊 875,500 foods (5/s) | I:340984 U:0 S:534513 P:0 E:3 | fdc:1484902 ckpt:1484902
   ⚠️  UPC collision detected, falling back to row-level processing...
   📊 876,000 foods (5/s) | I:340984 U:0 S:535013 P:0 E:3 | fdc:1485406 ckpt:1485406
   ⚠️  UPC collision detected, falling back to row-level processing...
   📊 876,500 foods (5/s) | I:340984 U:0 S:535513 P:0 E:3 | fdc:1485908 ckpt:1485908
   ⚠️  UPC collision detected, falling back to row-level processing...
   📊 877,000 foods (5/s) | I:340984 U:0 S:536013 P:0 E:3 | fdc:1486412 ckpt:1486412
   ⚠️  UPC collision detected, falling back to row-level processing...
   📊 877,500 foods (5/s) | I:340984 U:0 S:536513 P:0 E:3 | fdc:1486925 ckpt:1486925
   ⚠️  UPC collision detected, falling back to row-level processing...
   📊 878,000 foods (5/s) | I:340984 U:0 S:537013 P:0 E:3 | fdc:1487437 ckpt:1487437
   ⚠️  UPC collision detected, falling back to row-level processing...
   📊 878,500 foods (5/s) | I:340984 U:0 S:537513 P:0 E:3 | fdc:1487937 ckpt:1487937
   ⚠️  UPC collision detected, falling back to row-level processing...
   📊 879,000 foods (5/s) | I:340984 U:0 S:538013 P:0 E:3 | fdc:1488440 ckpt:1488440
   ⚠️  UPC collision detected, falling back to row-level processing...
   📊 879,500 foods (5/s) | I:340984 U:0 S:538513 P:0 E:3 | fdc:1488944 ckpt:1488944
   ⚠️  UPC collision detected, falling back to row-level processing...
   📊 880,000 foods (5/s) | I:340984 U:0 S:539013 P:0 E:3 | fdc:1489444 ckpt:1489444
   ⚠️  UPC collision detected, falling back to row-level processing...
   📊 880,500 foods (5/s) | I:340984 U:0 S:539513 P:0 E:3 | fdc:1489948 ckpt:1489948
   ⚠️  UPC collision detected, falling back to row-level processing...
   📊 881,000 foods (5/s) | I:340985 U:0 S:540012 P:0 E:3 | fdc:1490453 ckpt:1490453
   ⚠️  UPC collision detected, falling back to row-level processing...
   📊 881,500 foods (5/s) | I:340986 U:0 S:540511 P:0 E:3 | fdc:1490957 ckpt:1490957
   ⚠️  UPC collision detected, falling back to row-level processing...
   📊 882,000 foods (5/s) | I:340986 U:0 S:541011 P:0 E:3 | fdc:1491457 ckpt:1491457
   ⚠️  UPC collision detected, falling back to row-level processing...
   📊 882,500 foods (5/s) | I:340986 U:0 S:541511 P:0 E:3 | fdc:1491958 ckpt:1491958
   ⚠️  UPC collision detected, falling back to row-level processing...
   📊 883,000 foods (5/s) | I:340986 U:0 S:542011 P:0 E:3 | fdc:1492458 ckpt:1492458
   ⚠️  UPC collision detected, falling back to row-level processing...
   📊 883,500 foods (5/s) | I:340986 U:0 S:542511 P:0 E:3 | fdc:1492958 ckpt:1492958
   ⚠️  UPC collision detected, falling back to row-level processing...
   📊 884,000 foods (5/s) | I:340986 U:0 S:543011 P:0 E:3 | fdc:1493459 ckpt:1493459
   ⚠️  UPC collision detected, falling back to row-level processing...
   📊 884,500 foods (5/s) | I:340986 U:0 S:543511 P:0 E:3 | fdc:1493959 ckpt:1493959
   ⚠️  UPC collision detected, falling back to row-level processing...
   📊 885,000 foods (5/s) | I:340986 U:0 S:544011 P:0 E:3 | fdc:1494462 ckpt:1494462
   ⚠️  UPC collision detected, falling back to row-level processing...
   📊 885,500 foods (5/s) | I:340986 U:0 S:544511 P:0 E:3 | fdc:1494962 ckpt:1494962
   ⚠️  UPC collision detected, falling back to row-level processing...
   📊 886,000 foods (5/s) | I:340986 U:0 S:545011 P:0 E:3 | fdc:1495463 ckpt:1495463
   ⚠️  UPC collision detected, falling back to row-level processing...
   📊 886,500 foods (5/s) | I:340986 U:0 S:545511 P:0 E:3 | fdc:1495977 ckpt:1495977
   ⚠️  UPC collision detected, falling back to row-level processing...
   📊 887,000 foods (5/s) | I:340986 U:0 S:546011 P:0 E:3 | fdc:1496477 ckpt:1496477
   ⚠️  UPC collision detected, falling back to row-level processing...
   📊 887,500 foods (5/s) | I:340986 U:0 S:546511 P:0 E:3 | fdc:1496980 ckpt:1496980
   ⚠️  UPC collision detected, falling back to row-level processing...
   📊 888,000 foods (5/s) | I:340986 U:0 S:547011 P:0 E:3 | fdc:1497481 ckpt:1497481
   ⚠️  UPC collision detected, falling back to row-level processing...
   📊 888,500 foods (5/s) | I:340986 U:0 S:547511 P:0 E:3 | fdc:1497983 ckpt:1497983
   ⚠️  UPC collision detected, falling back to row-level processing...
   📊 889,000 foods (5/s) | I:340986 U:0 S:548011 P:0 E:3 | fdc:1498483 ckpt:1498483
   ⚠️  UPC collision detected, falling back to row-level processing...
   📊 889,500 foods (5/s) | I:340986 U:0 S:548511 P:0 E:3 | fdc:1498985 ckpt:1498985
   ⚠️  UPC collision detected, falling back to row-level processing...
   📊 890,000 foods (5/s) | I:340986 U:0 S:549011 P:0 E:3 | fdc:1499488 ckpt:1499488
   ⚠️  UPC collision detected, falling back to row-level processing...
   📊 890,500 foods (5/s) | I:340986 U:0 S:549511 P:0 E:3 | fdc:1499991 ckpt:1499991
   ⚠️  UPC collision detected, falling back to row-level processing...
   📊 891,000 foods (5/s) | I:340986 U:0 S:550011 P:0 E:3 | fdc:1500494 ckpt:1500494
   ⚠️  UPC collision detected, falling back to row-level processing...
   📊 891,500 foods (5/s) | I:340986 U:0 S:550511 P:0 E:3 | fdc:1500994 ckpt:1500994
   ⚠️  UPC collision detected, falling back to row-level processing...
   📊 892,000 foods (5/s) | I:340986 U:0 S:551011 P:0 E:3 | fdc:1501497 ckpt:1501497
   ⚠️  UPC collision detected, falling back to row-level processing...
   📊 892,500 foods (5/s) | I:340986 U:0 S:551511 P:0 E:3 | fdc:1501998 ckpt:1501998
   ⚠️  UPC collision detected, falling back to row-level processing...
   📊 893,000 foods (5/s) | I:340986 U:0 S:552011 P:0 E:3 | fdc:1502498 ckpt:1502498
   ⚠️  UPC collision detected, falling back to row-level processing...
   📊 893,500 foods (5/s) | I:340986 U:0 S:552511 P:0 E:3 | fdc:1502999 ckpt:1502999
   ⚠️  UPC collision detected, falling back to row-level processing...
   📊 894,000 foods (5/s) | I:340986 U:0 S:553011 P:0 E:3 | fdc:1503499 ckpt:1503499
   ⚠️  UPC collision detected, falling back to row-level processing...
   📊 894,500 foods (5/s) | I:340986 U:0 S:553511 P:0 E:3 | fdc:1504001 ckpt:1504001
   ⚠️  UPC collision detected, falling back to row-level processing...
   📊 895,000 foods (5/s) | I:340986 U:0 S:554011 P:0 E:3 | fdc:1504501 ckpt:1504501
   ⚠️  UPC collision detected, falling back to row-level processing...
   📊 895,500 foods (5/s) | I:340986 U:0 S:554511 P:0 E:3 | fdc:1505001 ckpt:1505001
   ⚠️  UPC collision detected, falling back to row-level processing...
   📊 896,000 foods (5/s) | I:340986 U:0 S:555011 P:0 E:3 | fdc:1505501 ckpt:1505501
   ⚠️  UPC collision detected, falling back to row-level processing...
   📊 896,500 foods (5/s) | I:340986 U:0 S:555511 P:0 E:3 | fdc:1506005 ckpt:1506005
   ⚠️  UPC collision detected, falling back to row-level processing...
   📊 897,000 foods (5/s) | I:340986 U:0 S:556011 P:0 E:3 | fdc:1506506 ckpt:1506506
   ⚠️  UPC collision detected, falling back to row-level processing...
   📊 897,500 foods (5/s) | I:340986 U:0 S:556511 P:0 E:3 | fdc:1507008 ckpt:1507008
   ⚠️  UPC collision detected, falling back to row-level processing...
   📊 898,000 foods (5/s) | I:340986 U:0 S:557011 P:0 E:3 | fdc:1507510 ckpt:1507510
   ⚠️  UPC collision detected, falling back to row-level processing...
   📊 898,500 foods (5/s) | I:340986 U:0 S:557511 P:0 E:3 | fdc:1508010 ckpt:1508010
   ⚠️  UPC collision detected, falling back to row-level processing...
   📊 899,000 foods (5/s) | I:340986 U:0 S:558011 P:0 E:3 | fdc:1508520 ckpt:1508520
   ⚠️  UPC collision detected, falling back to row-level processing...
   📊 899,500 foods (5/s) | I:340986 U:0 S:558511 P:0 E:3 | fdc:1509020 ckpt:1509020
   ⚠️  UPC collision detected, falling back to row-level processing...
   📊 900,000 foods (5/s) | I:340986 U:0 S:559011 P:0 E:3 | fdc:1509543 ckpt:1509543
   ⚠️  Transient error (attempt 1/6): TypeError: fetch failed
   ⏳ Retrying in 1s...
   ⚠️  UPC collision detected, falling back to row-level processing...
   📊 900,500 foods (5/s) | I:340986 U:0 S:559511 P:0 E:3 | fdc:1510057 ckpt:1510057
   ⚠️  UPC collision detected, falling back to row-level processing...
   📊 901,000 foods (5/s) | I:340986 U:0 S:560011 P:0 E:3 | fdc:1510559 ckpt:1510559
   ⚠️  UPC collision detected, falling back to row-level processing...
   📊 901,500 foods (5/s) | I:340986 U:0 S:560511 P:0 E:3 | fdc:1511065 ckpt:1511065
   ⚠️  UPC collision detected, falling back to row-level processing...
   📊 902,000 foods (5/s) | I:340986 U:0 S:561011 P:0 E:3 | fdc:1511568 ckpt:1511568
   ⚠️  UPC collision detected, falling back to row-level processing...
   📊 902,500 foods (5/s) | I:340986 U:0 S:561511 P:0 E:3 | fdc:1512079 ckpt:1512079
   ⚠️  UPC collision detected, falling back to row-level processing...
   📊 903,000 foods (5/s) | I:340986 U:0 S:562011 P:0 E:3 | fdc:1512582 ckpt:1512582
   ⚠️  UPC collision detected, falling back to row-level processing...
   📊 903,500 foods (5/s) | I:340986 U:0 S:562511 P:0 E:3 | fdc:1513083 ckpt:1513083
   ⚠️  UPC collision detected, falling back to row-level processing...
   📊 904,000 foods (5/s) | I:340986 U:0 S:563011 P:0 E:3 | fdc:1513593 ckpt:1513593
   ⚠️  UPC collision detected, falling back to row-level processing...
   📊 904,500 foods (5/s) | I:340986 U:0 S:563511 P:0 E:3 | fdc:1514096 ckpt:1514096
   ⚠️  UPC collision detected, falling back to row-level processing...
   📊 905,000 foods (5/s) | I:340986 U:0 S:564011 P:0 E:3 | fdc:1514598 ckpt:1514598
   ⚠️  UPC collision detected, falling back to row-level processing...
   📊 905,500 foods (5/s) | I:340986 U:0 S:564511 P:0 E:3 | fdc:1515103 ckpt:1515103
   ⚠️  UPC collision detected, falling back to row-level processing...
   📊 906,000 foods (5/s) | I:340986 U:0 S:565011 P:0 E:3 | fdc:1515605 ckpt:1515605
   ⚠️  UPC collision detected, falling back to row-level processing...
   📊 906,500 foods (5/s) | I:340986 U:0 S:565511 P:0 E:3 | fdc:1516106 ckpt:1516106
   ⚠️  UPC collision detected, falling back to row-level processing...
   📊 907,000 foods (5/s) | I:340987 U:0 S:566010 P:0 E:3 | fdc:1516607 ckpt:1516607
   ⚠️  UPC collision detected, falling back to row-level processing...
   📊 907,500 foods (5/s) | I:340987 U:0 S:566510 P:0 E:3 | fdc:1517121 ckpt:1517121
   ⚠️  UPC collision detected, falling back to row-level processing...
   📊 908,000 foods (5/s) | I:340987 U:0 S:567010 P:0 E:3 | fdc:1517621 ckpt:1517621
   ⚠️  UPC collision detected, falling back to row-level processing...
   📊 908,500 foods (5/s) | I:340987 U:0 S:567510 P:0 E:3 | fdc:1518121 ckpt:1518121
   ⚠️  UPC collision detected, falling back to row-level processing...
   📊 909,000 foods (5/s) | I:340987 U:0 S:568010 P:0 E:3 | fdc:1518622 ckpt:1518622
   ⚠️  UPC collision detected, falling back to row-level processing...
   📊 909,500 foods (5/s) | I:340987 U:0 S:568510 P:0 E:3 | fdc:1519123 ckpt:1519123
   ⚠️  UPC collision detected, falling back to row-level processing...
   📊 910,000 foods (5/s) | I:340987 U:0 S:569010 P:0 E:3 | fdc:1519634 ckpt:1519634
   ⚠️  UPC collision detected, falling back to row-level processing...
   📊 910,500 foods (5/s) | I:340987 U:0 S:569510 P:0 E:3 | fdc:1520134 ckpt:1520134
   ⚠️  UPC collision detected, falling back to row-level processing...
   📊 911,000 foods (5/s) | I:340987 U:0 S:570010 P:0 E:3 | fdc:1520635 ckpt:1520635
   ⚠️  UPC collision detected, falling back to row-level processing...
   📊 911,500 foods (5/s) | I:340987 U:0 S:570510 P:0 E:3 | fdc:1521135 ckpt:1521135
   ⚠️  UPC collision detected, falling back to row-level processing...
   📊 912,000 foods (5/s) | I:340987 U:0 S:571010 P:0 E:3 | fdc:1521635 ckpt:1521635
   ⚠️  UPC collision detected, falling back to row-level processing...
   📊 912,500 foods (5/s) | I:340987 U:0 S:571510 P:0 E:3 | fdc:1522135 ckpt:1522135
   ⚠️  UPC collision detected, falling back to row-level processing...
   📊 913,000 foods (5/s) | I:340987 U:0 S:572010 P:0 E:3 | fdc:1522637 ckpt:1522637
   ⚠️  UPC collision detected, falling back to row-level processing...
   📊 913,500 foods (5/s) | I:340987 U:0 S:572510 P:0 E:3 | fdc:1523148 ckpt:1523148
   ⚠️  UPC collision detected, falling back to row-level processing...
   📊 914,000 foods (5/s) | I:340987 U:0 S:573010 P:0 E:3 | fdc:1523648 ckpt:1523648
   ⚠️  Transient error (attempt 1/6): TypeError: fetch failed
   ⏳ Retrying in 1s...
   ⚠️  UPC collision detected, falling back to row-level processing...
   📊 914,500 foods (5/s) | I:340987 U:0 S:573510 P:0 E:3 | fdc:1524149 ckpt:1524149
   ⚠️  UPC collision detected, falling back to row-level processing...
   📊 915,000 foods (5/s) | I:340987 U:0 S:574010 P:0 E:3 | fdc:1524649 ckpt:1524649
   ⚠️  UPC collision detected, falling back to row-level processing...
   📊 915,500 foods (5/s) | I:340987 U:0 S:574510 P:0 E:3 | fdc:1525149 ckpt:1525149
   ⚠️  UPC collision detected, falling back to row-level processing...
   📊 916,000 foods (5/s) | I:340987 U:0 S:575010 P:0 E:3 | fdc:1525652 ckpt:1525652
   ⚠️  UPC collision detected, falling back to row-level processing...
   📊 916,500 foods (5/s) | I:340987 U:0 S:575510 P:0 E:3 | fdc:1526168 ckpt:1526168
   ⚠️  UPC collision detected, falling back to row-level processing...
   📊 917,000 foods (5/s) | I:340987 U:0 S:576010 P:0 E:3 | fdc:1526671 ckpt:1526671
   ⚠️  UPC collision detected, falling back to row-level processing...
   📊 917,500 foods (5/s) | I:340987 U:0 S:576510 P:0 E:3 | fdc:1527173 ckpt:1527173
   ⚠️  UPC collision detected, falling back to row-level processing...
   📊 918,000 foods (5/s) | I:340987 U:0 S:577010 P:0 E:3 | fdc:1527675 ckpt:1527675
   ⚠️  UPC collision detected, falling back to row-level processing...
   📊 918,500 foods (5/s) | I:340987 U:0 S:577510 P:0 E:3 | fdc:1528176 ckpt:1528176
   ⚠️  UPC collision detected, falling back to row-level processing...
   📊 919,000 foods (5/s) | I:340987 U:0 S:578010 P:0 E:3 | fdc:1528676 ckpt:1528676
   ⚠️  UPC collision detected, falling back to row-level processing...
   📊 919,500 foods (5/s) | I:340987 U:0 S:578510 P:0 E:3 | fdc:1529176 ckpt:1529176
   ⚠️  UPC collision detected, falling back to row-level processing...
   📊 920,000 foods (5/s) | I:340987 U:0 S:579010 P:0 E:3 | fdc:1529676 ckpt:1529676
   ⚠️  UPC collision detected, falling back to row-level processing...
   📊 920,500 foods (5/s) | I:340987 U:0 S:579510 P:0 E:3 | fdc:1530176 ckpt:1530176
   ⚠️  UPC collision detected, falling back to row-level processing...
   📊 921,000 foods (5/s) | I:340987 U:0 S:580010 P:0 E:3 | fdc:1530677 ckpt:1530677
   ⚠️  UPC collision detected, falling back to row-level processing...
   📊 921,500 foods (5/s) | I:340987 U:0 S:580510 P:0 E:3 | fdc:1531179 ckpt:1531179
   ⚠️  UPC collision detected, falling back to row-level processing...
   📊 922,000 foods (5/s) | I:340987 U:0 S:581010 P:0 E:3 | fdc:1531684 ckpt:1531684
   ⚠️  UPC collision detected, falling back to row-level processing...
   📊 922,500 foods (5/s) | I:340987 U:0 S:581510 P:0 E:3 | fdc:1532254 ckpt:1532254
   ⚠️  UPC collision detected, falling back to row-level processing...
   📊 923,000 foods (5/s) | I:340988 U:0 S:582009 P:0 E:3 | fdc:1532755 ckpt:1532755
   ⚠️  UPC collision detected, falling back to row-level processing...
   📊 923,500 foods (5/s) | I:340988 U:0 S:582509 P:0 E:3 | fdc:1533256 ckpt:1533256
   ⚠️  UPC collision detected, falling back to row-level processing...
   📊 924,000 foods (5/s) | I:340988 U:0 S:583009 P:0 E:3 | fdc:1533756 ckpt:1533756
   ⚠️  UPC collision detected, falling back to row-level processing...
   📊 924,500 foods (5/s) | I:340988 U:0 S:583509 P:0 E:3 | fdc:1534256 ckpt:1534256
   ⚠️  UPC collision detected, falling back to row-level processing...
   📊 925,000 foods (5/s) | I:340988 U:0 S:584009 P:0 E:3 | fdc:1534758 ckpt:1534758
   ⚠️  UPC collision detected, falling back to row-level processing...
   📊 925,500 foods (5/s) | I:340989 U:0 S:584508 P:0 E:3 | fdc:1535258 ckpt:1535258
   ⚠️  UPC collision detected, falling back to row-level processing...
   📊 926,000 foods (5/s) | I:340989 U:0 S:585008 P:0 E:3 | fdc:1535758 ckpt:1535758
   ⚠️  UPC collision detected, falling back to row-level processing...
   📊 926,500 foods (5/s) | I:340989 U:0 S:585508 P:0 E:3 | fdc:1536258 ckpt:1536258
   ⚠️  UPC collision detected, falling back to row-level processing...
   📊 927,000 foods (5/s) | I:340990 U:0 S:586007 P:0 E:3 | fdc:1536758 ckpt:1536758
   ⚠️  UPC collision detected, falling back to row-level processing...
   📊 927,500 foods (5/s) | I:340990 U:0 S:586507 P:0 E:3 | fdc:1537258 ckpt:1537258
   ⚠️  UPC collision detected, falling back to row-level processing...
   📊 928,000 foods (5/s) | I:340990 U:0 S:587007 P:0 E:3 | fdc:1537758 ckpt:1537758
   ⚠️  UPC collision detected, falling back to row-level processing...
   📊 928,500 foods (5/s) | I:340990 U:0 S:587507 P:0 E:3 | fdc:1538258 ckpt:1538258
   ⚠️  UPC collision detected, falling back to row-level processing...
   📊 929,000 foods (5/s) | I:340990 U:0 S:588007 P:0 E:3 | fdc:1538759 ckpt:1538759
   ⚠️  UPC collision detected, falling back to row-level processing...
   📊 929,500 foods (5/s) | I:340990 U:0 S:588507 P:0 E:3 | fdc:1539262 ckpt:1539262
   ⚠️  UPC collision detected, falling back to row-level processing...
   📊 930,000 foods (5/s) | I:340990 U:0 S:589007 P:0 E:3 | fdc:1539766 ckpt:1539766
   ⚠️  UPC collision detected, falling back to row-level processing...
   📊 930,500 foods (5/s) | I:340990 U:0 S:589507 P:0 E:3 | fdc:1540266 ckpt:1540266
   ⚠️  UPC collision detected, falling back to row-level processing...
   📊 931,000 foods (5/s) | I:340990 U:0 S:590007 P:0 E:3 | fdc:1540767 ckpt:1540767
   ⚠️  UPC collision detected, falling back to row-level processing...
   📊 931,500 foods (5/s) | I:340990 U:0 S:590507 P:0 E:3 | fdc:1541267 ckpt:1541267
   ⚠️  UPC collision detected, falling back to row-level processing...
   📊 932,000 foods (5/s) | I:340990 U:0 S:591007 P:0 E:3 | fdc:1541767 ckpt:1541767
   ⚠️  UPC collision detected, falling back to row-level processing...
   📊 932,500 foods (5/s) | I:340990 U:0 S:591507 P:0 E:3 | fdc:1542267 ckpt:1542267
   ⚠️  UPC collision detected, falling back to row-level processing...
   📊 933,000 foods (5/s) | I:340990 U:0 S:592007 P:0 E:3 | fdc:1542767 ckpt:1542767
   ⚠️  UPC collision detected, falling back to row-level processing...
   📊 933,500 foods (5/s) | I:340990 U:0 S:592507 P:0 E:3 | fdc:1543267 ckpt:1543267
   ⚠️  UPC collision detected, falling back to row-level processing...
   📊 934,000 foods (5/s) | I:340990 U:0 S:593007 P:0 E:3 | fdc:1543767 ckpt:1543767
   ⚠️  UPC collision detected, falling back to row-level processing...
   📊 934,500 foods (5/s) | I:340990 U:0 S:593507 P:0 E:3 | fdc:1544268 ckpt:1544268
   ⚠️  UPC collision detected, falling back to row-level processing...
   📊 935,000 foods (5/s) | I:340990 U:0 S:594007 P:0 E:3 | fdc:1544768 ckpt:1544768
   ⚠️  UPC collision detected, falling back to row-level processing...
   📊 935,500 foods (5/s) | I:340990 U:0 S:594507 P:0 E:3 | fdc:1545269 ckpt:1545269
   ⚠️  UPC collision detected, falling back to row-level processing...
   📊 936,000 foods (5/s) | I:340990 U:0 S:595007 P:0 E:3 | fdc:1545777 ckpt:1545777
   ⚠️  UPC collision detected, falling back to row-level processing...
   📊 936,500 foods (5/s) | I:340990 U:0 S:595507 P:0 E:3 | fdc:1546277 ckpt:1546277
   ⚠️  UPC collision detected, falling back to row-level processing...
   📊 937,000 foods (5/s) | I:340990 U:0 S:596007 P:0 E:3 | fdc:1546778 ckpt:1546778
   ⚠️  UPC collision detected, falling back to row-level processing...
   📊 937,500 foods (5/s) | I:340990 U:0 S:596507 P:0 E:3 | fdc:1547286 ckpt:1547286
   ⚠️  UPC collision detected, falling back to row-level processing...
   📊 938,000 foods (5/s) | I:340990 U:0 S:597007 P:0 E:3 | fdc:1547786 ckpt:1547786
   ⚠️  UPC collision detected, falling back to row-level processing...
   📊 938,500 foods (5/s) | I:340990 U:0 S:597507 P:0 E:3 | fdc:1548286 ckpt:1548286
   ⚠️  UPC collision detected, falling back to row-level processing...
   📊 939,000 foods (5/s) | I:340990 U:0 S:598007 P:0 E:3 | fdc:1548786 ckpt:1548786
   ⚠️  UPC collision detected, falling back to row-level processing...
   📊 939,500 foods (5/s) | I:340990 U:0 S:598507 P:0 E:3 | fdc:1549286 ckpt:1549286
   ⚠️  UPC collision detected, falling back to row-level processing...
   📊 940,000 foods (5/s) | I:340990 U:0 S:599007 P:0 E:3 | fdc:1549786 ckpt:1549786
   ⚠️  UPC collision detected, falling back to row-level processing...
   📊 940,500 foods (5/s) | I:340990 U:0 S:599507 P:0 E:3 | fdc:1550286 ckpt:1550286
   ⚠️  UPC collision detected, falling back to row-level processing...
   📊 941,000 foods (5/s) | I:340990 U:0 S:600007 P:0 E:3 | fdc:1550786 ckpt:1550786
   ⚠️  UPC collision detected, falling back to row-level processing...
   📊 941,500 foods (5/s) | I:340990 U:0 S:600507 P:0 E:3 | fdc:1551286 ckpt:1551286
   ⚠️  UPC collision detected, falling back to row-level processing...
   📊 942,000 foods (5/s) | I:340990 U:0 S:601007 P:0 E:3 | fdc:1551786 ckpt:1551786
   ⚠️  UPC collision detected, falling back to row-level processing...
   📊 942,500 foods (5/s) | I:340990 U:0 S:601507 P:0 E:3 | fdc:1552286 ckpt:1552286
   ⚠️  UPC collision detected, falling back to row-level processing...
   📊 943,000 foods (5/s) | I:340990 U:0 S:602007 P:0 E:3 | fdc:1552786 ckpt:1552786
   ⚠️  UPC collision detected, falling back to row-level processing...
   📊 943,500 foods (5/s) | I:340990 U:0 S:602507 P:0 E:3 | fdc:1553287 ckpt:1553287
   ⚠️  UPC collision detected, falling back to row-level processing...
   📊 944,000 foods (5/s) | I:340990 U:0 S:603007 P:0 E:3 | fdc:1553787 ckpt:1553787
   ⚠️  UPC collision detected, falling back to row-level processing...
   📊 944,500 foods (5/s) | I:340990 U:0 S:603507 P:0 E:3 | fdc:1554287 ckpt:1554287
   ⚠️  UPC collision detected, falling back to row-level processing...
   📊 945,000 foods (5/s) | I:340990 U:0 S:604007 P:0 E:3 | fdc:1554787 ckpt:1554787
   ⚠️  UPC collision detected, falling back to row-level processing...
   📊 945,500 foods (5/s) | I:340990 U:0 S:604507 P:0 E:3 | fdc:1555287 ckpt:1555287
   ⚠️  UPC collision detected, falling back to row-level processing...
   📊 946,000 foods (5/s) | I:340991 U:0 S:605006 P:0 E:3 | fdc:1555791 ckpt:1555791
   ⚠️  UPC collision detected, falling back to row-level processing...
   📊 946,500 foods (5/s) | I:340991 U:0 S:605506 P:0 E:3 | fdc:1556291 ckpt:1556291
   ⚠️  UPC collision detected, falling back to row-level processing...
   📊 947,000 foods (5/s) | I:340991 U:0 S:606006 P:0 E:3 | fdc:1556793 ckpt:1556793
   ⚠️  UPC collision detected, falling back to row-level processing...
   📊 947,500 foods (5/s) | I:340991 U:0 S:606506 P:0 E:3 | fdc:1557293 ckpt:1557293
   ⚠️  UPC collision detected, falling back to row-level processing...
   📊 948,000 foods (5/s) | I:340991 U:0 S:607006 P:0 E:3 | fdc:1557795 ckpt:1557795
   ⚠️  UPC collision detected, falling back to row-level processing...
   📊 948,500 foods (5/s) | I:340992 U:0 S:607505 P:0 E:3 | fdc:1558297 ckpt:1558297
   ⚠️  UPC collision detected, falling back to row-level processing...
   📊 949,000 foods (5/s) | I:340992 U:0 S:608005 P:0 E:3 | fdc:1558801 ckpt:1558801
   ⚠️  UPC collision detected, falling back to row-level processing...
   📊 949,500 foods (5/s) | I:340992 U:0 S:608505 P:0 E:3 | fdc:1559302 ckpt:1559302
   ⚠️  UPC collision detected, falling back to row-level processing...
   📊 950,000 foods (5/s) | I:340992 U:0 S:609005 P:0 E:3 | fdc:1559802 ckpt:1559802
   ⚠️  UPC collision detected, falling back to row-level processing...
   📊 950,500 foods (5/s) | I:340992 U:0 S:609505 P:0 E:3 | fdc:1560302 ckpt:1560302
   ⚠️  UPC collision detected, falling back to row-level processing...
   📊 951,000 foods (5/s) | I:340992 U:0 S:610005 P:0 E:3 | fdc:1560808 ckpt:1560808
   ⚠️  UPC collision detected, falling back to row-level processing...
   📊 951,500 foods (5/s) | I:340992 U:0 S:610505 P:0 E:3 | fdc:1561309 ckpt:1561309
   ⚠️  UPC collision detected, falling back to row-level processing...
   📊 952,000 foods (5/s) | I:340992 U:0 S:611005 P:0 E:3 | fdc:1561809 ckpt:1561809
   ⚠️  UPC collision detected, falling back to row-level processing...
   📊 952,500 foods (5/s) | I:340992 U:0 S:611505 P:0 E:3 | fdc:1562310 ckpt:1562310
   ⚠️  UPC collision detected, falling back to row-level processing...
   📊 953,000 foods (5/s) | I:340992 U:0 S:612005 P:0 E:3 | fdc:1562810 ckpt:1562810
   ⚠️  UPC collision detected, falling back to row-level processing...
   📊 953,500 foods (5/s) | I:340992 U:0 S:612505 P:0 E:3 | fdc:1563310 ckpt:1563310
   ⚠️  UPC collision detected, falling back to row-level processing...
   📊 954,000 foods (5/s) | I:340992 U:0 S:613005 P:0 E:3 | fdc:1563811 ckpt:1563811
   ⚠️  UPC collision detected, falling back to row-level processing...
   📊 954,500 foods (5/s) | I:340992 U:0 S:613505 P:0 E:3 | fdc:1564320 ckpt:1564320
   ⚠️  UPC collision detected, falling back to row-level processing...
   📊 955,000 foods (5/s) | I:340992 U:0 S:614005 P:0 E:3 | fdc:1564821 ckpt:1564821
   ⚠️  UPC collision detected, falling back to row-level processing...
   📊 955,500 foods (5/s) | I:340992 U:0 S:614505 P:0 E:3 | fdc:1565322 ckpt:1565322
   ⚠️  UPC collision detected, falling back to row-level processing...
   📊 956,000 foods (5/s) | I:340992 U:0 S:615005 P:0 E:3 | fdc:1565824 ckpt:1565824
   ⚠️  UPC collision detected, falling back to row-level processing...
   📊 956,500 foods (5/s) | I:340992 U:0 S:615505 P:0 E:3 | fdc:1566326 ckpt:1566326
   ⚠️  UPC collision detected, falling back to row-level processing...
   📊 957,000 foods (5/s) | I:340992 U:0 S:616005 P:0 E:3 | fdc:1566829 ckpt:1566829
   ⚠️  UPC collision detected, falling back to row-level processing...
   📊 957,500 foods (5/s) | I:340992 U:0 S:616505 P:0 E:3 | fdc:1567331 ckpt:1567331
   ⚠️  UPC collision detected, falling back to row-level processing...
   📊 958,000 foods (5/s) | I:340992 U:0 S:617005 P:0 E:3 | fdc:1567831 ckpt:1567831
   ⚠️  UPC collision detected, falling back to row-level processing...
   📊 958,500 foods (5/s) | I:340992 U:0 S:617505 P:0 E:3 | fdc:1568331 ckpt:1568331
   ⚠️  UPC collision detected, falling back to row-level processing...
   📊 959,000 foods (5/s) | I:340992 U:0 S:618005 P:0 E:3 | fdc:1568834 ckpt:1568834
   ⚠️  UPC collision detected, falling back to row-level processing...
   📊 959,500 foods (5/s) | I:340992 U:0 S:618505 P:0 E:3 | fdc:1569336 ckpt:1569336
   ⚠️  UPC collision detected, falling back to row-level processing...
   📊 960,000 foods (5/s) | I:340992 U:0 S:619005 P:0 E:3 | fdc:1569836 ckpt:1569836
   ⚠️  UPC collision detected, falling back to row-level processing...
   📊 960,500 foods (5/s) | I:340992 U:0 S:619505 P:0 E:3 | fdc:1570337 ckpt:1570337
   ⚠️  UPC collision detected, falling back to row-level processing...
   📊 961,000 foods (5/s) | I:340992 U:0 S:620005 P:0 E:3 | fdc:1570837 ckpt:1570837
   ⚠️  UPC collision detected, falling back to row-level processing...
   📊 961,500 foods (5/s) | I:340992 U:0 S:620505 P:0 E:3 | fdc:1571338 ckpt:1571338
   ⚠️  UPC collision detected, falling back to row-level processing...
   📊 962,000 foods (5/s) | I:340992 U:0 S:621005 P:0 E:3 | fdc:1571839 ckpt:1571839
   ⚠️  UPC collision detected, falling back to row-level processing...
   📊 962,500 foods (5/s) | I:340992 U:0 S:621505 P:0 E:3 | fdc:1572341 ckpt:1572341
   ⚠️  UPC collision detected, falling back to row-level processing...
   📊 963,000 foods (5/s) | I:340992 U:0 S:622005 P:0 E:3 | fdc:1572843 ckpt:1572843
   ⚠️  UPC collision detected, falling back to row-level processing...
   📊 963,500 foods (5/s) | I:340992 U:0 S:622505 P:0 E:3 | fdc:1573347 ckpt:1573347
   ⚠️  UPC collision detected, falling back to row-level processing...
   📊 964,000 foods (5/s) | I:340992 U:0 S:623005 P:0 E:3 | fdc:1573847 ckpt:1573847
   ⚠️  UPC collision detected, falling back to row-level processing...
   📊 964,500 foods (5/s) | I:340992 U:0 S:623505 P:0 E:3 | fdc:1574348 ckpt:1574348
   ⚠️  UPC collision detected, falling back to row-level processing...
   📊 965,000 foods (5/s) | I:340992 U:0 S:624005 P:0 E:3 | fdc:1574848 ckpt:1574848
   ⚠️  UPC collision detected, falling back to row-level processing...
   📊 965,500 foods (5/s) | I:340992 U:0 S:624505 P:0 E:3 | fdc:1575351 ckpt:1575351
   ⚠️  UPC collision detected, falling back to row-level processing...
   📊 966,000 foods (5/s) | I:340992 U:0 S:625005 P:0 E:3 | fdc:1575852 ckpt:1575852
   ⚠️  UPC collision detected, falling back to row-level processing...
   📊 966,500 foods (5/s) | I:340992 U:0 S:625505 P:0 E:3 | fdc:1576353 ckpt:1576353
   ⚠️  UPC collision detected, falling back to row-level processing...
   📊 967,000 foods (5/s) | I:340992 U:0 S:626005 P:0 E:3 | fdc:1576858 ckpt:1576858
   ⚠️  UPC collision detected, falling back to row-level processing...
   📊 967,500 foods (5/s) | I:340992 U:0 S:626505 P:0 E:3 | fdc:1577375 ckpt:1577375
   ⚠️  UPC collision detected, falling back to row-level processing...
   📊 968,000 foods (5/s) | I:340992 U:0 S:627005 P:0 E:3 | fdc:1577877 ckpt:1577877
   ⚠️  UPC collision detected, falling back to row-level processing...
   📊 968,500 foods (5/s) | I:340992 U:0 S:627505 P:0 E:3 | fdc:1578381 ckpt:1578381
   ⚠️  UPC collision detected, falling back to row-level processing...
   📊 969,000 foods (5/s) | I:340992 U:0 S:628005 P:0 E:3 | fdc:1578881 ckpt:1578881
   ⚠️  UPC collision detected, falling back to row-level processing...
   📊 969,500 foods (5/s) | I:340992 U:0 S:628505 P:0 E:3 | fdc:1579384 ckpt:1579384
   ⚠️  UPC collision detected, falling back to row-level processing...
   📊 970,000 foods (5/s) | I:340992 U:0 S:629005 P:0 E:3 | fdc:1579884 ckpt:1579884
   ⚠️  UPC collision detected, falling back to row-level processing...
   📊 970,500 foods (5/s) | I:340992 U:0 S:629505 P:0 E:3 | fdc:1580388 ckpt:1580388
   ⚠️  UPC collision detected, falling back to row-level processing...
   📊 971,000 foods (5/s) | I:340992 U:0 S:630005 P:0 E:3 | fdc:1580915 ckpt:1580915
   ⚠️  UPC collision detected, falling back to row-level processing...
   📊 971,500 foods (5/s) | I:340992 U:0 S:630505 P:0 E:3 | fdc:1581424 ckpt:1581424
   ⚠️  UPC collision detected, falling back to row-level processing...
   📊 972,000 foods (5/s) | I:340992 U:0 S:631005 P:0 E:3 | fdc:1581927 ckpt:1581927
   ⚠️  UPC collision detected, falling back to row-level processing...
   📊 972,500 foods (5/s) | I:340992 U:0 S:631505 P:0 E:3 | fdc:1582427 ckpt:1582427
   ⚠️  UPC collision detected, falling back to row-level processing...
   📊 973,000 foods (5/s) | I:340992 U:0 S:632005 P:0 E:3 | fdc:1582928 ckpt:1582928
   ⚠️  UPC collision detected, falling back to row-level processing...
   📊 973,500 foods (5/s) | I:340992 U:0 S:632505 P:0 E:3 | fdc:1583437 ckpt:1583437
   ⚠️  UPC collision detected, falling back to row-level processing...
   📊 974,000 foods (5/s) | I:340992 U:0 S:633005 P:0 E:3 | fdc:1583944 ckpt:1583944
   ⚠️  UPC collision detected, falling back to row-level processing...
   📊 974,500 foods (5/s) | I:340992 U:0 S:633505 P:0 E:3 | fdc:1584463 ckpt:1584463
   ⚠️  UPC collision detected, falling back to row-level processing...
   📊 975,000 foods (5/s) | I:340992 U:0 S:634005 P:0 E:3 | fdc:1584963 ckpt:1584963
   ⚠️  UPC collision detected, falling back to row-level processing...
   📊 975,500 foods (5/s) | I:340992 U:0 S:634505 P:0 E:3 | fdc:1585471 ckpt:1585471
   ⚠️  UPC collision detected, falling back to row-level processing...
   📊 976,000 foods (5/s) | I:340993 U:0 S:635004 P:0 E:3 | fdc:1585979 ckpt:1585979
   ⚠️  UPC collision detected, falling back to row-level processing...
   📊 976,500 foods (5/s) | I:340993 U:0 S:635504 P:0 E:3 | fdc:1586503 ckpt:1586503
   ⚠️  UPC collision detected, falling back to row-level processing...
   📊 977,000 foods (5/s) | I:340993 U:0 S:636004 P:0 E:3 | fdc:1587020 ckpt:1587020
   ⚠️  UPC collision detected, falling back to row-level processing...
   📊 977,500 foods (5/s) | I:340993 U:0 S:636504 P:0 E:3 | fdc:1587530 ckpt:1587530
   ⚠️  UPC collision detected, falling back to row-level processing...
   📊 978,000 foods (5/s) | I:340993 U:0 S:637004 P:0 E:3 | fdc:1588038 ckpt:1588038
   ⚠️  UPC collision detected, falling back to row-level processing...
   📊 978,500 foods (5/s) | I:340993 U:0 S:637504 P:0 E:3 | fdc:1588539 ckpt:1588539
   ⚠️  UPC collision detected, falling back to row-level processing...
   📊 979,000 foods (5/s) | I:340993 U:0 S:638004 P:0 E:3 | fdc:1589040 ckpt:1589040
   ⚠️  UPC collision detected, falling back to row-level processing...
   📊 979,500 foods (5/s) | I:340993 U:0 S:638504 P:0 E:3 | fdc:1589542 ckpt:1589542
   ⚠️  UPC collision detected, falling back to row-level processing...
   📊 980,000 foods (5/s) | I:340993 U:0 S:639004 P:0 E:3 | fdc:1590049 ckpt:1590049
   ⚠️  UPC collision detected, falling back to row-level processing...
   📊 980,500 foods (5/s) | I:340993 U:0 S:639504 P:0 E:3 | fdc:1590552 ckpt:1590552
   ⚠️  UPC collision detected, falling back to row-level processing...
   📊 981,000 foods (5/s) | I:340993 U:0 S:640004 P:0 E:3 | fdc:1591053 ckpt:1591053
   ⚠️  UPC collision detected, falling back to row-level processing...
   📊 981,500 foods (5/s) | I:340993 U:0 S:640504 P:0 E:3 | fdc:1591570 ckpt:1591570
   ⚠️  UPC collision detected, falling back to row-level processing...
   📊 982,000 foods (5/s) | I:340993 U:0 S:641004 P:0 E:3 | fdc:1592070 ckpt:1592070
   ⚠️  UPC collision detected, falling back to row-level processing...
   📊 982,500 foods (5/s) | I:340993 U:0 S:641504 P:0 E:3 | fdc:1592692 ckpt:1592692
   ⚠️  UPC collision detected, falling back to row-level processing...
   📊 983,000 foods (5/s) | I:340993 U:0 S:642004 P:0 E:3 | fdc:1593195 ckpt:1593195
   ⚠️  Transient error (attempt 1/6): TypeError: fetch failed
   ⏳ Retrying in 1s...
   ⚠️  UPC collision detected, falling back to row-level processing...
   📊 983,500 foods (5/s) | I:340993 U:0 S:642504 P:0 E:3 | fdc:1593728 ckpt:1593728
   ⚠️  UPC collision detected, falling back to row-level processing...
   📊 984,000 foods (5/s) | I:340993 U:0 S:643004 P:0 E:3 | fdc:1594319 ckpt:1594319
   ⚠️  UPC collision detected, falling back to row-level processing...
   📊 984,500 foods (5/s) | I:340993 U:0 S:643504 P:0 E:3 | fdc:1594877 ckpt:1594877
   ⚠️  UPC collision detected, falling back to row-level processing...
   📊 985,000 foods (5/s) | I:340993 U:0 S:644004 P:0 E:3 | fdc:1595592 ckpt:1595592
   ⚠️  UPC collision detected, falling back to row-level processing...
   📊 985,500 foods (5/s) | I:340993 U:0 S:644504 P:0 E:3 | fdc:1596233 ckpt:1596233
   ⚠️  UPC collision detected, falling back to row-level processing...
   📊 986,000 foods (5/s) | I:340993 U:0 S:645004 P:0 E:3 | fdc:1596788 ckpt:1596788
   ⚠️  Transient error (attempt 1/6): TypeError: fetch failed
   ⏳ Retrying in 1s...
   ⚠️  UPC collision detected, falling back to row-level processing...
   📊 986,500 foods (5/s) | I:340993 U:0 S:645504 P:0 E:3 | fdc:1597315 ckpt:1597315
   ⚠️  UPC collision detected, falling back to row-level processing...
   📊 987,000 foods (5/s) | I:340993 U:0 S:646004 P:0 E:3 | fdc:1597835 ckpt:1597835
   ⚠️  UPC collision detected, falling back to row-level processing...
   📊 987,500 foods (5/s) | I:340993 U:0 S:646504 P:0 E:3 | fdc:1598370 ckpt:1598370
   ⚠️  UPC collision detected, falling back to row-level processing...
   📊 988,000 foods (5/s) | I:340993 U:0 S:647004 P:0 E:3 | fdc:1598879 ckpt:1598879
   ⚠️  UPC collision detected, falling back to row-level processing...
   📊 988,500 foods (5/s) | I:340993 U:0 S:647504 P:0 E:3 | fdc:1599403 ckpt:1599403
   ⚠️  UPC collision detected, falling back to row-level processing...
   📊 989,000 foods (5/s) | I:340993 U:0 S:648004 P:0 E:3 | fdc:1599934 ckpt:1599934
   ⚠️  Transient error (attempt 1/6): TypeError: fetch failed
   ⏳ Retrying in 1s...
   ⚠️  UPC collision detected, falling back to row-level processing...
   📊 989,500 foods (5/s) | I:340993 U:0 S:648504 P:0 E:3 | fdc:1600471 ckpt:1600471
   ⚠️  UPC collision detected, falling back to row-level processing...
   📊 990,000 foods (5/s) | I:340993 U:0 S:649004 P:0 E:3 | fdc:1601005 ckpt:1601005
   ⚠️  UPC collision detected, falling back to row-level processing...
   📊 990,500 foods (5/s) | I:340993 U:0 S:649504 P:0 E:3 | fdc:1601522 ckpt:1601522
   ⚠️  UPC collision detected, falling back to row-level processing...
   📊 991,000 foods (5/s) | I:340993 U:0 S:650004 P:0 E:3 | fdc:1602114 ckpt:1602114
   ⚠️  UPC collision detected, falling back to row-level processing...
   📊 991,500 foods (5/s) | I:340993 U:0 S:650504 P:0 E:3 | fdc:1602636 ckpt:1602636
   ⚠️  UPC collision detected, falling back to row-level processing...
   📊 992,000 foods (5/s) | I:340993 U:0 S:651004 P:0 E:3 | fdc:1603149 ckpt:1603149
   ⚠️  UPC collision detected, falling back to row-level processing...
   📊 992,500 foods (5/s) | I:340993 U:0 S:651504 P:0 E:3 | fdc:1603650 ckpt:1603650
   ⚠️  UPC collision detected, falling back to row-level processing...
   📊 993,000 foods (5/s) | I:340993 U:0 S:652004 P:0 E:3 | fdc:1604162 ckpt:1604162
   ⚠️  UPC collision detected, falling back to row-level processing...
   📊 993,500 foods (5/s) | I:340993 U:0 S:652504 P:0 E:3 | fdc:1604712 ckpt:1604712
   ⚠️  UPC collision detected, falling back to row-level processing...
   📊 994,000 foods (5/s) | I:340993 U:0 S:653004 P:0 E:3 | fdc:1605218 ckpt:1605218
   ⚠️  UPC collision detected, falling back to row-level processing...
   📊 994,500 foods (5/s) | I:340993 U:0 S:653504 P:0 E:3 | fdc:1605719 ckpt:1605719
   ⚠️  UPC collision detected, falling back to row-level processing...
   📊 995,000 foods (5/s) | I:340993 U:0 S:654004 P:0 E:3 | fdc:1606221 ckpt:1606221
   ⚠️  UPC collision detected, falling back to row-level processing...
   📊 995,500 foods (5/s) | I:340993 U:0 S:654504 P:0 E:3 | fdc:1606721 ckpt:1606721
   ⚠️  UPC collision detected, falling back to row-level processing...
   📊 996,000 foods (5/s) | I:340993 U:0 S:655004 P:0 E:3 | fdc:1607222 ckpt:1607222
   ⚠️  UPC collision detected, falling back to row-level processing...
   📊 996,500 foods (5/s) | I:340993 U:0 S:655504 P:0 E:3 | fdc:1607724 ckpt:1607724
   ⚠️  UPC collision detected, falling back to row-level processing...
   📊 997,000 foods (5/s) | I:340993 U:0 S:656004 P:0 E:3 | fdc:1608226 ckpt:1608226
   ⚠️  UPC collision detected, falling back to row-level processing...
   📊 997,500 foods (5/s) | I:340993 U:0 S:656504 P:0 E:3 | fdc:1608759 ckpt:1608759
   ⚠️  UPC collision detected, falling back to row-level processing...
   📊 998,000 foods (5/s) | I:340993 U:0 S:657004 P:0 E:3 | fdc:1609279 ckpt:1609279
   ⚠️  UPC collision detected, falling back to row-level processing...
   📊 998,500 foods (5/s) | I:340993 U:0 S:657504 P:0 E:3 | fdc:1609788 ckpt:1609788
   ⚠️  UPC collision detected, falling back to row-level processing...
   📊 999,000 foods (5/s) | I:340993 U:0 S:658004 P:0 E:3 | fdc:1610294 ckpt:1610294
   ⚠️  UPC collision detected, falling back to row-level processing...
   📊 999,500 foods (5/s) | I:340993 U:0 S:658504 P:0 E:3 | fdc:1610804 ckpt:1610804
   ⚠️  UPC collision detected, falling back to row-level processing...
   📊 1,000,000 foods (5/s) | I:340993 U:0 S:659004 P:0 E:3 | fdc:1611317 ckpt:1611317
   ⚠️  UPC collision detected, falling back to row-level processing...
   📊 1,000,500 foods (5/s) | I:340993 U:0 S:659504 P:0 E:3 | fdc:1611859 ckpt:1611859
   ⚠️  UPC collision detected, falling back to row-level processing...
   📊 1,001,000 foods (5/s) | I:340993 U:0 S:660004 P:0 E:3 | fdc:1612363 ckpt:1612363
   ⚠️  UPC collision detected, falling back to row-level processing...
   📊 1,001,500 foods (5/s) | I:340993 U:0 S:660504 P:0 E:3 | fdc:1612865 ckpt:1612865
   ⚠️  UPC collision detected, falling back to row-level processing...
   📊 1,002,000 foods (5/s) | I:340993 U:0 S:661004 P:0 E:3 | fdc:1613365 ckpt:1613365
   ⚠️  UPC collision detected, falling back to row-level processing...
   📊 1,002,500 foods (5/s) | I:340993 U:0 S:661504 P:0 E:3 | fdc:1613865 ckpt:1613865
   ⚠️  UPC collision detected, falling back to row-level processing...
   📊 1,003,000 foods (5/s) | I:340993 U:0 S:662004 P:0 E:3 | fdc:1614368 ckpt:1614368
   ⚠️  UPC collision detected, falling back to row-level processing...
   📊 1,003,500 foods (5/s) | I:340993 U:0 S:662504 P:0 E:3 | fdc:1614872 ckpt:1614872
   ⚠️  UPC collision detected, falling back to row-level processing...
   📊 1,004,000 foods (5/s) | I:340993 U:0 S:663004 P:0 E:3 | fdc:1615378 ckpt:1615378
   ⚠️  UPC collision detected, falling back to row-level processing...
   📊 1,004,500 foods (5/s) | I:340993 U:0 S:663504 P:0 E:3 | fdc:1615880 ckpt:1615880
   ⚠️  UPC collision detected, falling back to row-level processing...
   📊 1,005,000 foods (5/s) | I:340993 U:0 S:664004 P:0 E:3 | fdc:1616383 ckpt:1616383
   ⚠️  UPC collision detected, falling back to row-level processing...
   📊 1,005,500 foods (5/s) | I:340993 U:0 S:664504 P:0 E:3 | fdc:1616885 ckpt:1616885
   ⚠️  UPC collision detected, falling back to row-level processing...
   📊 1,006,000 foods (5/s) | I:340993 U:0 S:665004 P:0 E:3 | fdc:1617388 ckpt:1617388
   ⚠️  UPC collision detected, falling back to row-level processing...
   📊 1,006,500 foods (5/s) | I:340993 U:0 S:665504 P:0 E:3 | fdc:1617890 ckpt:1617890
   ⚠️  UPC collision detected, falling back to row-level processing...
   📊 1,007,000 foods (5/s) | I:340993 U:0 S:666004 P:0 E:3 | fdc:1618399 ckpt:1618399
   ⚠️  UPC collision detected, falling back to row-level processing...
   📊 1,007,500 foods (5/s) | I:340993 U:0 S:666504 P:0 E:3 | fdc:1618904 ckpt:1618904
   ⚠️  UPC collision detected, falling back to row-level processing...
   📊 1,008,000 foods (5/s) | I:340993 U:0 S:667004 P:0 E:3 | fdc:1619410 ckpt:1619410
   ⚠️  UPC collision detected, falling back to row-level processing...
   📊 1,008,500 foods (5/s) | I:340993 U:0 S:667504 P:0 E:3 | fdc:1619919 ckpt:1619919
   ⚠️  UPC collision detected, falling back to row-level processing...
   📊 1,009,000 foods (5/s) | I:340993 U:0 S:668004 P:0 E:3 | fdc:1620445 ckpt:1620445
   ⚠️  UPC collision detected, falling back to row-level processing...
   📊 1,009,500 foods (5/s) | I:340993 U:0 S:668504 P:0 E:3 | fdc:1620949 ckpt:1620949
   ⚠️  UPC collision detected, falling back to row-level processing...
   📊 1,010,000 foods (5/s) | I:340993 U:0 S:669004 P:0 E:3 | fdc:1621481 ckpt:1621481
   ⚠️  UPC collision detected, falling back to row-level processing...
   📊 1,010,500 foods (5/s) | I:340993 U:0 S:669504 P:0 E:3 | fdc:1621998 ckpt:1621998
   ⚠️  UPC collision detected, falling back to row-level processing...
   📊 1,011,000 foods (5/s) | I:340993 U:0 S:670004 P:0 E:3 | fdc:1622514 ckpt:1622514
   ⚠️  UPC collision detected, falling back to row-level processing...
   📊 1,011,500 foods (5/s) | I:340993 U:0 S:670504 P:0 E:3 | fdc:1623019 ckpt:1623019
   ⚠️  UPC collision detected, falling back to row-level processing...
   📊 1,012,000 foods (5/s) | I:340993 U:0 S:671004 P:0 E:3 | fdc:1623535 ckpt:1623535
   ⚠️  UPC collision detected, falling back to row-level processing...
   📊 1,012,500 foods (5/s) | I:340993 U:0 S:671504 P:0 E:3 | fdc:1624055 ckpt:1624055
   ⚠️  UPC collision detected, falling back to row-level processing...
   📊 1,013,000 foods (5/s) | I:340993 U:0 S:672004 P:0 E:3 | fdc:1624589 ckpt:1624589
   ⚠️  UPC collision detected, falling back to row-level processing...
   📊 1,013,500 foods (5/s) | I:340993 U:0 S:672504 P:0 E:3 | fdc:1625189 ckpt:1625189
   ⚠️  UPC collision detected, falling back to row-level processing...
   📊 1,014,000 foods (5/s) | I:340993 U:0 S:673004 P:0 E:3 | fdc:1625789 ckpt:1625789
   ⚠️  UPC collision detected, falling back to row-level processing...
   📊 1,014,500 foods (5/s) | I:340993 U:0 S:673504 P:0 E:3 | fdc:1626491 ckpt:1626491
   ⚠️  UPC collision detected, falling back to row-level processing...
   📊 1,015,000 foods (5/s) | I:340993 U:0 S:674004 P:0 E:3 | fdc:1627289 ckpt:1627289
   ⚠️  UPC collision detected, falling back to row-level processing...
   📊 1,015,500 foods (5/s) | I:340993 U:0 S:674504 P:0 E:3 | fdc:1627880 ckpt:1627880
   ⚠️  UPC collision detected, falling back to row-level processing...
   📊 1,016,000 foods (5/s) | I:340993 U:0 S:675004 P:0 E:3 | fdc:1628646 ckpt:1628646
   ⚠️  UPC collision detected, falling back to row-level processing...
   📊 1,016,500 foods (5/s) | I:340993 U:0 S:675504 P:0 E:3 | fdc:1629470 ckpt:1629470
   ⚠️  UPC collision detected, falling back to row-level processing...
   📊 1,017,000 foods (5/s) | I:340993 U:0 S:676004 P:0 E:3 | fdc:1630106 ckpt:1630106
   ⚠️  UPC collision detected, falling back to row-level processing...
   📊 1,017,500 foods (5/s) | I:340993 U:0 S:676504 P:0 E:3 | fdc:1630733 ckpt:1630733
   ⚠️  UPC collision detected, falling back to row-level processing...
   📊 1,018,000 foods (5/s) | I:340993 U:0 S:677004 P:0 E:3 | fdc:1631719 ckpt:1631719
   ⚠️  UPC collision detected, falling back to row-level processing...
   📊 1,018,500 foods (5/s) | I:340993 U:0 S:677504 P:0 E:3 | fdc:1632332 ckpt:1632332
   ⚠️  UPC collision detected, falling back to row-level processing...
   📊 1,019,000 foods (5/s) | I:340993 U:0 S:678004 P:0 E:3 | fdc:1632848 ckpt:1632848
   ⚠️  UPC collision detected, falling back to row-level processing...
   📊 1,019,500 foods (5/s) | I:340993 U:0 S:678504 P:0 E:3 | fdc:1633387 ckpt:1633387
   ⚠️  UPC collision detected, falling back to row-level processing...
   📊 1,020,000 foods (5/s) | I:340993 U:0 S:679004 P:0 E:3 | fdc:1633999 ckpt:1633999
   ⚠️  UPC collision detected, falling back to row-level processing...
   📊 1,020,500 foods (5/s) | I:340993 U:0 S:679504 P:0 E:3 | fdc:1634560 ckpt:1634560
   ⚠️  UPC collision detected, falling back to row-level processing...
   📊 1,021,000 foods (5/s) | I:340993 U:0 S:680004 P:0 E:3 | fdc:1635171 ckpt:1635171
   ⚠️  UPC collision detected, falling back to row-level processing...
   📊 1,021,500 foods (5/s) | I:340993 U:0 S:680504 P:0 E:3 | fdc:1636027 ckpt:1636027
   ⚠️  UPC collision detected, falling back to row-level processing...
   📊 1,022,000 foods (5/s) | I:340993 U:0 S:681004 P:0 E:3 | fdc:1636690 ckpt:1636690
   ⚠️  UPC collision detected, falling back to row-level processing...
   📊 1,022,500 foods (5/s) | I:340993 U:0 S:681504 P:0 E:3 | fdc:1637197 ckpt:1637197
   ⚠️  UPC collision detected, falling back to row-level processing...
   📊 1,023,000 foods (5/s) | I:340993 U:0 S:682004 P:0 E:3 | fdc:1637700 ckpt:1637700
   ⚠️  UPC collision detected, falling back to row-level processing...
   📊 1,023,500 foods (5/s) | I:340993 U:0 S:682504 P:0 E:3 | fdc:1638200 ckpt:1638200
   ⚠️  UPC collision detected, falling back to row-level processing...
   📊 1,024,000 foods (5/s) | I:340993 U:0 S:683004 P:0 E:3 | fdc:1638707 ckpt:1638707
   ⚠️  UPC collision detected, falling back to row-level processing...
   📊 1,024,500 foods (5/s) | I:340993 U:0 S:683504 P:0 E:3 | fdc:1639209 ckpt:1639209
   ⚠️  UPC collision detected, falling back to row-level processing...
   📊 1,025,000 foods (5/s) | I:340993 U:0 S:684004 P:0 E:3 | fdc:1639712 ckpt:1639712
   ⚠️  UPC collision detected, falling back to row-level processing...
   📊 1,025,500 foods (5/s) | I:340993 U:0 S:684504 P:0 E:3 | fdc:1640213 ckpt:1640213
   ⚠️  UPC collision detected, falling back to row-level processing...
   📊 1,026,000 foods (5/s) | I:340993 U:0 S:685004 P:0 E:3 | fdc:1640716 ckpt:1640716
   ⚠️  UPC collision detected, falling back to row-level processing...
   📊 1,026,500 foods (5/s) | I:340993 U:0 S:685504 P:0 E:3 | fdc:1641216 ckpt:1641216
   ⚠️  UPC collision detected, falling back to row-level processing...
   📊 1,027,000 foods (5/s) | I:340993 U:0 S:686004 P:0 E:3 | fdc:1641717 ckpt:1641717
   ⚠️  UPC collision detected, falling back to row-level processing...
   📊 1,027,500 foods (5/s) | I:340993 U:0 S:686504 P:0 E:3 | fdc:1642221 ckpt:1642221
   ⚠️  UPC collision detected, falling back to row-level processing...
   📊 1,028,000 foods (5/s) | I:340993 U:0 S:687004 P:0 E:3 | fdc:1642723 ckpt:1642723
   ⚠️  UPC collision detected, falling back to row-level processing...
   📊 1,028,500 foods (5/s) | I:340993 U:0 S:687504 P:0 E:3 | fdc:1643462 ckpt:1643462
   ⚠️  UPC collision detected, falling back to row-level processing...
   📊 1,029,000 foods (5/s) | I:340993 U:0 S:688004 P:0 E:3 | fdc:1644097 ckpt:1644097
   ⚠️  UPC collision detected, falling back to row-level processing...
   📊 1,029,500 foods (5/s) | I:340993 U:0 S:688504 P:0 E:3 | fdc:1644719 ckpt:1644719
   ⚠️  UPC collision detected, falling back to row-level processing...
   📊 1,030,000 foods (5/s) | I:340993 U:0 S:689004 P:0 E:3 | fdc:1645392 ckpt:1645392
   ⚠️  UPC collision detected, falling back to row-level processing...
   📊 1,030,500 foods (5/s) | I:340993 U:0 S:689504 P:0 E:3 | fdc:1645896 ckpt:1645896
   ⚠️  UPC collision detected, falling back to row-level processing...
   📊 1,031,000 foods (5/s) | I:340993 U:0 S:690004 P:0 E:3 | fdc:1646405 ckpt:1646405
   ⚠️  UPC collision detected, falling back to row-level processing...
   📊 1,031,500 foods (5/s) | I:340993 U:0 S:690504 P:0 E:3 | fdc:1646964 ckpt:1646964
   ⚠️  UPC collision detected, falling back to row-level processing...
   📊 1,032,000 foods (5/s) | I:340993 U:0 S:691004 P:0 E:3 | fdc:1647472 ckpt:1647472
   ⚠️  UPC collision detected, falling back to row-level processing...
   📊 1,032,500 foods (5/s) | I:340993 U:0 S:691504 P:0 E:3 | fdc:1647975 ckpt:1647975
   ⚠️  UPC collision detected, falling back to row-level processing...
   📊 1,033,000 foods (5/s) | I:340993 U:0 S:692004 P:0 E:3 | fdc:1648482 ckpt:1648482
   ⚠️  UPC collision detected, falling back to row-level processing...
   📊 1,033,500 foods (5/s) | I:340993 U:0 S:692504 P:0 E:3 | fdc:1648989 ckpt:1648989
   ⚠️  UPC collision detected, falling back to row-level processing...
   📊 1,034,000 foods (5/s) | I:340993 U:0 S:693004 P:0 E:3 | fdc:1649490 ckpt:1649490
   ⚠️  UPC collision detected, falling back to row-level processing...
   📊 1,034,500 foods (5/s) | I:340993 U:0 S:693504 P:0 E:3 | fdc:1649996 ckpt:1649996
   ⚠️  UPC collision detected, falling back to row-level processing...
   📊 1,035,000 foods (5/s) | I:340993 U:0 S:694004 P:0 E:3 | fdc:1650500 ckpt:1650500
   ⚠️  UPC collision detected, falling back to row-level processing...
   📊 1,035,500 foods (5/s) | I:340993 U:0 S:694504 P:0 E:3 | fdc:1651002 ckpt:1651002
   ⚠️  UPC collision detected, falling back to row-level processing...
   📊 1,036,000 foods (5/s) | I:340993 U:0 S:695004 P:0 E:3 | fdc:1651506 ckpt:1651506
   ⚠️  UPC collision detected, falling back to row-level processing...
   📊 1,036,500 foods (5/s) | I:340993 U:0 S:695504 P:0 E:3 | fdc:1652012 ckpt:1652012
   ⚠️  UPC collision detected, falling back to row-level processing...
   📊 1,037,000 foods (5/s) | I:340993 U:0 S:696004 P:0 E:3 | fdc:1652517 ckpt:1652517
   ⚠️  UPC collision detected, falling back to row-level processing...
   📊 1,037,500 foods (5/s) | I:340993 U:0 S:696504 P:0 E:3 | fdc:1653018 ckpt:1653018
   ⚠️  UPC collision detected, falling back to row-level processing...
   📊 1,038,000 foods (5/s) | I:340993 U:0 S:697004 P:0 E:3 | fdc:1653519 ckpt:1653519
   ⚠️  UPC collision detected, falling back to row-level processing...
   📊 1,038,500 foods (5/s) | I:340993 U:0 S:697504 P:0 E:3 | fdc:1654024 ckpt:1654024
   ⚠️  UPC collision detected, falling back to row-level processing...
   📊 1,039,000 foods (5/s) | I:340993 U:0 S:698004 P:0 E:3 | fdc:1654529 ckpt:1654529
   ⚠️  UPC collision detected, falling back to row-level processing...
   📊 1,039,500 foods (5/s) | I:340993 U:0 S:698504 P:0 E:3 | fdc:1655033 ckpt:1655033
   ⚠️  UPC collision detected, falling back to row-level processing...
   📊 1,040,000 foods (5/s) | I:340993 U:0 S:699004 P:0 E:3 | fdc:1655538 ckpt:1655538
   ⚠️  UPC collision detected, falling back to row-level processing...
   📊 1,040,500 foods (5/s) | I:340993 U:0 S:699504 P:0 E:3 | fdc:1656042 ckpt:1656042
   ⚠️  UPC collision detected, falling back to row-level processing...
   📊 1,041,000 foods (5/s) | I:340993 U:0 S:700004 P:0 E:3 | fdc:1656543 ckpt:1656543
   ⚠️  UPC collision detected, falling back to row-level processing...
   📊 1,041,500 foods (5/s) | I:340993 U:0 S:700504 P:0 E:3 | fdc:1657044 ckpt:1657044
   ⚠️  UPC collision detected, falling back to row-level processing...
   📊 1,042,000 foods (5/s) | I:340993 U:0 S:701004 P:0 E:3 | fdc:1657550 ckpt:1657550
   ⚠️  UPC collision detected, falling back to row-level processing...
   📊 1,042,500 foods (5/s) | I:340993 U:0 S:701504 P:0 E:3 | fdc:1658053 ckpt:1658053
   ⚠️  UPC collision detected, falling back to row-level processing...
   📊 1,043,000 foods (5/s) | I:340993 U:0 S:702004 P:0 E:3 | fdc:1658557 ckpt:1658557
   ⚠️  UPC collision detected, falling back to row-level processing...
   📊 1,043,500 foods (5/s) | I:340993 U:0 S:702504 P:0 E:3 | fdc:1659064 ckpt:1659064
   ⚠️  UPC collision detected, falling back to row-level processing...
   📊 1,044,000 foods (5/s) | I:340993 U:0 S:703004 P:0 E:3 | fdc:1659573 ckpt:1659573
   ⚠️  UPC collision detected, falling back to row-level processing...
   📊 1,044,500 foods (5/s) | I:340993 U:0 S:703504 P:0 E:3 | fdc:1660079 ckpt:1660079
   ⚠️  UPC collision detected, falling back to row-level processing...
   📊 1,045,000 foods (5/s) | I:340993 U:0 S:704004 P:0 E:3 | fdc:1660585 ckpt:1660585
   ⚠️  UPC collision detected, falling back to row-level processing...
   📊 1,045,500 foods (5/s) | I:340993 U:0 S:704504 P:0 E:3 | fdc:1661089 ckpt:1661089
   ⚠️  UPC collision detected, falling back to row-level processing...
   📊 1,046,000 foods (5/s) | I:340993 U:0 S:705004 P:0 E:3 | fdc:1661594 ckpt:1661594
   ⚠️  UPC collision detected, falling back to row-level processing...
   📊 1,046,500 foods (5/s) | I:340993 U:0 S:705504 P:0 E:3 | fdc:1662131 ckpt:1662131
   ⚠️  UPC collision detected, falling back to row-level processing...
   📊 1,047,000 foods (5/s) | I:340993 U:0 S:706004 P:0 E:3 | fdc:1662678 ckpt:1662678
   ⚠️  UPC collision detected, falling back to row-level processing...
   📊 1,047,500 foods (5/s) | I:340993 U:0 S:706504 P:0 E:3 | fdc:1663274 ckpt:1663274
   ⚠️  UPC collision detected, falling back to row-level processing...
   📊 1,048,000 foods (5/s) | I:340993 U:0 S:707004 P:0 E:3 | fdc:1663905 ckpt:1663905
   ⚠️  UPC collision detected, falling back to row-level processing...
   📊 1,048,500 foods (5/s) | I:340993 U:0 S:707504 P:0 E:3 | fdc:1664558 ckpt:1664558
   ⚠️  UPC collision detected, falling back to row-level processing...
   📊 1,049,000 foods (5/s) | I:340993 U:0 S:708004 P:0 E:3 | fdc:1665085 ckpt:1665085
   ⚠️  UPC collision detected, falling back to row-level processing...
   📊 1,049,500 foods (5/s) | I:340993 U:0 S:708504 P:0 E:3 | fdc:1665614 ckpt:1665614
   ⚠️  UPC collision detected, falling back to row-level processing...
   📊 1,050,000 foods (5/s) | I:340993 U:0 S:709004 P:0 E:3 | fdc:1666126 ckpt:1666126
   ⚠️  UPC collision detected, falling back to row-level processing...
   📊 1,050,500 foods (5/s) | I:340993 U:0 S:709504 P:0 E:3 | fdc:1666632 ckpt:1666632
   ⚠️  UPC collision detected, falling back to row-level processing...
   📊 1,051,000 foods (5/s) | I:340993 U:0 S:710004 P:0 E:3 | fdc:1667133 ckpt:1667133
   ⚠️  UPC collision detected, falling back to row-level processing...
   📊 1,051,500 foods (5/s) | I:340993 U:0 S:710504 P:0 E:3 | fdc:1667645 ckpt:1667645
   ⚠️  UPC collision detected, falling back to row-level processing...
   📊 1,052,000 foods (5/s) | I:340993 U:0 S:711004 P:0 E:3 | fdc:1668150 ckpt:1668150
   ⚠️  UPC collision detected, falling back to row-level processing...
   📊 1,052,500 foods (5/s) | I:340993 U:0 S:711504 P:0 E:3 | fdc:1668664 ckpt:1668664
   ⚠️  UPC collision detected, falling back to row-level processing...
   📊 1,053,000 foods (5/s) | I:340993 U:0 S:712004 P:0 E:3 | fdc:1669189 ckpt:1669189
   ⚠️  UPC collision detected, falling back to row-level processing...
   📊 1,053,500 foods (5/s) | I:340993 U:0 S:712504 P:0 E:3 | fdc:1669700 ckpt:1669700
   ⚠️  UPC collision detected, falling back to row-level processing...
   📊 1,054,000 foods (5/s) | I:340993 U:0 S:713004 P:0 E:3 | fdc:1670220 ckpt:1670220
   ⚠️  UPC collision detected, falling back to row-level processing...
   📊 1,054,500 foods (5/s) | I:340993 U:0 S:713504 P:0 E:3 | fdc:1670739 ckpt:1670739
   ⚠️  UPC collision detected, falling back to row-level processing...
   📊 1,055,000 foods (5/s) | I:340993 U:0 S:714004 P:0 E:3 | fdc:1671257 ckpt:1671257
   ⚠️  UPC collision detected, falling back to row-level processing...
   📊 1,055,500 foods (5/s) | I:340993 U:0 S:714504 P:0 E:3 | fdc:1671768 ckpt:1671768
   ⚠️  UPC collision detected, falling back to row-level processing...
   📊 1,056,000 foods (5/s) | I:340993 U:0 S:715004 P:0 E:3 | fdc:1672279 ckpt:1672279
   ⚠️  UPC collision detected, falling back to row-level processing...
   📊 1,056,500 foods (5/s) | I:340993 U:0 S:715504 P:0 E:3 | fdc:1672796 ckpt:1672796
   ⚠️  UPC collision detected, falling back to row-level processing...
   📊 1,057,000 foods (5/s) | I:340993 U:0 S:716004 P:0 E:3 | fdc:1673306 ckpt:1673306
   ⚠️  UPC collision detected, falling back to row-level processing...
   📊 1,057,500 foods (5/s) | I:340993 U:0 S:716504 P:0 E:3 | fdc:1673814 ckpt:1673814
   ⚠️  UPC collision detected, falling back to row-level processing...
   📊 1,058,000 foods (5/s) | I:340993 U:0 S:717004 P:0 E:3 | fdc:1674337 ckpt:1674337
   ⚠️  UPC collision detected, falling back to row-level processing...
   📊 1,058,500 foods (5/s) | I:340993 U:0 S:717504 P:0 E:3 | fdc:1674860 ckpt:1674860
   ⚠️  UPC collision detected, falling back to row-level processing...
   📊 1,059,000 foods (5/s) | I:340993 U:0 S:718004 P:0 E:3 | fdc:1675373 ckpt:1675373
   ⚠️  UPC collision detected, falling back to row-level processing...
   📊 1,059,500 foods (5/s) | I:340993 U:0 S:718504 P:0 E:3 | fdc:1675881 ckpt:1675881
   ⚠️  UPC collision detected, falling back to row-level processing...
   📊 1,060,000 foods (5/s) | I:340993 U:0 S:719004 P:0 E:3 | fdc:1676386 ckpt:1676386
   ⚠️  UPC collision detected, falling back to row-level processing...
   📊 1,060,500 foods (5/s) | I:340993 U:0 S:719504 P:0 E:3 | fdc:1676899 ckpt:1676899
   ⚠️  UPC collision detected, falling back to row-level processing...
   📊 1,061,000 foods (5/s) | I:340993 U:0 S:720004 P:0 E:3 | fdc:1677418 ckpt:1677418
   ⚠️  UPC collision detected, falling back to row-level processing...
   📊 1,061,500 foods (5/s) | I:340993 U:0 S:720504 P:0 E:3 | fdc:1677930 ckpt:1677930
   ⚠️  UPC collision detected, falling back to row-level processing...
   📊 1,062,000 foods (5/s) | I:340993 U:0 S:721004 P:0 E:3 | fdc:1678433 ckpt:1678433
   ⚠️  UPC collision detected, falling back to row-level processing...
   📊 1,062,500 foods (5/s) | I:340993 U:0 S:721504 P:0 E:3 | fdc:1678968 ckpt:1678968
   ⚠️  UPC collision detected, falling back to row-level processing...
   📊 1,063,000 foods (5/s) | I:340993 U:0 S:722004 P:0 E:3 | fdc:1679486 ckpt:1679486
   ⚠️  UPC collision detected, falling back to row-level processing...
   📊 1,063,500 foods (5/s) | I:340993 U:0 S:722504 P:0 E:3 | fdc:1679991 ckpt:1679991
   ⚠️  UPC collision detected, falling back to row-level processing...
   📊 1,064,000 foods (5/s) | I:340993 U:0 S:723004 P:0 E:3 | fdc:1680501 ckpt:1680501
   ⚠️  UPC collision detected, falling back to row-level processing...
   📊 1,064,500 foods (5/s) | I:340993 U:0 S:723504 P:0 E:3 | fdc:1681014 ckpt:1681014
   ⚠️  UPC collision detected, falling back to row-level processing...
   📊 1,065,000 foods (5/s) | I:340993 U:0 S:724004 P:0 E:3 | fdc:1681528 ckpt:1681528
   ⚠️  UPC collision detected, falling back to row-level processing...
   📊 1,065,500 foods (5/s) | I:340993 U:0 S:724504 P:0 E:3 | fdc:1682036 ckpt:1682036
   ⚠️  UPC collision detected, falling back to row-level processing...
   📊 1,066,000 foods (5/s) | I:340993 U:0 S:725004 P:0 E:3 | fdc:1682551 ckpt:1682551
   ⚠️  UPC collision detected, falling back to row-level processing...
   📊 1,066,500 foods (5/s) | I:340993 U:0 S:725504 P:0 E:3 | fdc:1683065 ckpt:1683065
   ⚠️  UPC collision detected, falling back to row-level processing...
   📊 1,067,000 foods (5/s) | I:340993 U:0 S:726004 P:0 E:3 | fdc:1683567 ckpt:1683567
   ⚠️  UPC collision detected, falling back to row-level processing...
   📊 1,067,500 foods (5/s) | I:340993 U:0 S:726504 P:0 E:3 | fdc:1684083 ckpt:1684083
   ⚠️  UPC collision detected, falling back to row-level processing...
   📊 1,068,000 foods (5/s) | I:340993 U:0 S:727004 P:0 E:3 | fdc:1684604 ckpt:1684604
   ⚠️  UPC collision detected, falling back to row-level processing...
   📊 1,068,500 foods (5/s) | I:340993 U:0 S:727504 P:0 E:3 | fdc:1685110 ckpt:1685110
   ⚠️  UPC collision detected, falling back to row-level processing...
   📊 1,069,000 foods (5/s) | I:340993 U:0 S:728004 P:0 E:3 | fdc:1685613 ckpt:1685613
   ⚠️  UPC collision detected, falling back to row-level processing...
   📊 1,069,500 foods (5/s) | I:340993 U:0 S:728504 P:0 E:3 | fdc:1686125 ckpt:1686125
   ⚠️  UPC collision detected, falling back to row-level processing...
   📊 1,070,000 foods (5/s) | I:340993 U:0 S:729004 P:0 E:3 | fdc:1686647 ckpt:1686647
   ⚠️  UPC collision detected, falling back to row-level processing...
   📊 1,070,500 foods (5/s) | I:340993 U:0 S:729504 P:0 E:3 | fdc:1687150 ckpt:1687150
   ⚠️  UPC collision detected, falling back to row-level processing...
   📊 1,071,000 foods (5/s) | I:340993 U:0 S:730004 P:0 E:3 | fdc:1687657 ckpt:1687657
   ⚠️  UPC collision detected, falling back to row-level processing...
   📊 1,071,500 foods (5/s) | I:340993 U:0 S:730504 P:0 E:3 | fdc:1688180 ckpt:1688180
   ⚠️  UPC collision detected, falling back to row-level processing...
   📊 1,072,000 foods (5/s) | I:340993 U:0 S:731004 P:0 E:3 | fdc:1688686 ckpt:1688686
   ⚠️  UPC collision detected, falling back to row-level processing...
   📊 1,072,500 foods (5/s) | I:340993 U:0 S:731504 P:0 E:3 | fdc:1689203 ckpt:1689203
   ⚠️  UPC collision detected, falling back to row-level processing...
   📊 1,073,000 foods (5/s) | I:340993 U:0 S:732004 P:0 E:3 | fdc:1689748 ckpt:1689748
   ⚠️  UPC collision detected, falling back to row-level processing...
   📊 1,073,500 foods (5/s) | I:340993 U:0 S:732504 P:0 E:3 | fdc:1690310 ckpt:1690310
   ⚠️  Transient error (attempt 1/6): TypeError: fetch failed
   ⏳ Retrying in 1s...
   ⚠️  UPC collision detected, falling back to row-level processing...
   📊 1,074,000 foods (5/s) | I:340993 U:0 S:733004 P:0 E:3 | fdc:1690839 ckpt:1690839
   ⚠️  UPC collision detected, falling back to row-level processing...
   📊 1,074,500 foods (5/s) | I:340993 U:0 S:733504 P:0 E:3 | fdc:1691346 ckpt:1691346
   ⚠️  UPC collision detected, falling back to row-level processing...
   📊 1,075,000 foods (5/s) | I:340993 U:0 S:734004 P:0 E:3 | fdc:1691866 ckpt:1691866
   ⚠️  UPC collision detected, falling back to row-level processing...
   📊 1,075,500 foods (5/s) | I:340993 U:0 S:734504 P:0 E:3 | fdc:1692469 ckpt:1692469
   ⚠️  UPC collision detected, falling back to row-level processing...
   📊 1,076,000 foods (5/s) | I:340993 U:0 S:735004 P:0 E:3 | fdc:1692991 ckpt:1692991
   ⚠️  UPC collision detected, falling back to row-level processing...
   📊 1,076,500 foods (5/s) | I:340993 U:0 S:735504 P:0 E:3 | fdc:1693576 ckpt:1693576
   ⚠️  UPC collision detected, falling back to row-level processing...
   📊 1,077,000 foods (5/s) | I:340993 U:0 S:736004 P:0 E:3 | fdc:1694126 ckpt:1694126
   ⚠️  UPC collision detected, falling back to row-level processing...
   📊 1,077,500 foods (5/s) | I:340993 U:0 S:736504 P:0 E:3 | fdc:1694663 ckpt:1694663
   ⚠️  UPC collision detected, falling back to row-level processing...
   📊 1,078,000 foods (5/s) | I:340993 U:0 S:737004 P:0 E:3 | fdc:1695223 ckpt:1695223
   ⚠️  UPC collision detected, falling back to row-level processing...
   📊 1,078,500 foods (5/s) | I:340993 U:0 S:737504 P:0 E:3 | fdc:1695798 ckpt:1695798
   ⚠️  UPC collision detected, falling back to row-level processing...
   📊 1,079,000 foods (5/s) | I:340993 U:0 S:738004 P:0 E:3 | fdc:1696335 ckpt:1696335
   ⚠️  UPC collision detected, falling back to row-level processing...
   📊 1,079,500 foods (5/s) | I:340993 U:0 S:738504 P:0 E:3 | fdc:1696846 ckpt:1696846
   ⚠️  UPC collision detected, falling back to row-level processing...
   📊 1,080,000 foods (5/s) | I:340993 U:0 S:739004 P:0 E:3 | fdc:1697356 ckpt:1697356
   ⚠️  UPC collision detected, falling back to row-level processing...
   📊 1,080,500 foods (5/s) | I:340993 U:0 S:739504 P:0 E:3 | fdc:1697862 ckpt:1697862
   ⚠️  UPC collision detected, falling back to row-level processing...
   📊 1,081,000 foods (5/s) | I:340993 U:0 S:740004 P:0 E:3 | fdc:1698367 ckpt:1698367
   ⚠️  UPC collision detected, falling back to row-level processing...
   📊 1,081,500 foods (5/s) | I:340993 U:0 S:740504 P:0 E:3 | fdc:1698870 ckpt:1698870
   ⚠️  UPC collision detected, falling back to row-level processing...
   📊 1,082,000 foods (5/s) | I:340993 U:0 S:741004 P:0 E:3 | fdc:1699438 ckpt:1699438
   ⚠️  UPC collision detected, falling back to row-level processing...
   📊 1,082,500 foods (5/s) | I:340993 U:0 S:741504 P:0 E:3 | fdc:1699954 ckpt:1699954
   ⚠️  UPC collision detected, falling back to row-level processing...
   📊 1,083,000 foods (5/s) | I:340993 U:0 S:742004 P:0 E:3 | fdc:1700465 ckpt:1700465
   ⚠️  UPC collision detected, falling back to row-level processing...
   📊 1,083,500 foods (5/s) | I:340993 U:0 S:742504 P:0 E:3 | fdc:1700979 ckpt:1700979
   ⚠️  Transient error (attempt 1/6): TypeError: fetch failed
   ⏳ Retrying in 1s...
   ⚠️  UPC collision detected, falling back to row-level processing...
   📊 1,084,000 foods (5/s) | I:340993 U:0 S:743004 P:0 E:3 | fdc:1701483 ckpt:1701483
   ⚠️  UPC collision detected, falling back to row-level processing...
   📊 1,084,500 foods (5/s) | I:340993 U:0 S:743504 P:0 E:3 | fdc:1702006 ckpt:1702006
   ⚠️  UPC collision detected, falling back to row-level processing...
   📊 1,085,000 foods (5/s) | I:340993 U:0 S:744004 P:0 E:3 | fdc:1702566 ckpt:1702566
   ⚠️  UPC collision detected, falling back to row-level processing...
   📊 1,085,500 foods (5/s) | I:340993 U:0 S:744504 P:0 E:3 | fdc:1703113 ckpt:1703113
   ⚠️  UPC collision detected, falling back to row-level processing...
   📊 1,086,000 foods (5/s) | I:340993 U:0 S:745004 P:0 E:3 | fdc:1703690 ckpt:1703690
   ⚠️  UPC collision detected, falling back to row-level processing...
   📊 1,086,500 foods (5/s) | I:340993 U:0 S:745504 P:0 E:3 | fdc:1704193 ckpt:1704193
   ⚠️  UPC collision detected, falling back to row-level processing...
   📊 1,087,000 foods (5/s) | I:340993 U:0 S:746004 P:0 E:3 | fdc:1704700 ckpt:1704700
   ⚠️  UPC collision detected, falling back to row-level processing...
   📊 1,087,500 foods (5/s) | I:340993 U:0 S:746504 P:0 E:3 | fdc:1705200 ckpt:1705200
   ⚠️  UPC collision detected, falling back to row-level processing...
   📊 1,088,000 foods (5/s) | I:340993 U:0 S:747004 P:0 E:3 | fdc:1705703 ckpt:1705703
   ⚠️  UPC collision detected, falling back to row-level processing...
   📊 1,088,500 foods (5/s) | I:340993 U:0 S:747504 P:0 E:3 | fdc:1706209 ckpt:1706209
   ⚠️  UPC collision detected, falling back to row-level processing...
   📊 1,089,000 foods (5/s) | I:340993 U:0 S:748004 P:0 E:3 | fdc:1706710 ckpt:1706710
   ⚠️  UPC collision detected, falling back to row-level processing...
   📊 1,089,500 foods (5/s) | I:340993 U:0 S:748504 P:0 E:3 | fdc:1707212 ckpt:1707212
   ⚠️  UPC collision detected, falling back to row-level processing...
   📊 1,090,000 foods (5/s) | I:340993 U:0 S:749004 P:0 E:3 | fdc:1707730 ckpt:1707730
   ⚠️  UPC collision detected, falling back to row-level processing...
   📊 1,090,500 foods (5/s) | I:340993 U:0 S:749504 P:0 E:3 | fdc:1708250 ckpt:1708250
   ⚠️  UPC collision detected, falling back to row-level processing...
   📊 1,091,000 foods (5/s) | I:340993 U:0 S:750004 P:0 E:3 | fdc:1708777 ckpt:1708777
   ⚠️  UPC collision detected, falling back to row-level processing...
   📊 1,091,500 foods (5/s) | I:340993 U:0 S:750504 P:0 E:3 | fdc:1709284 ckpt:1709284
   ⚠️  UPC collision detected, falling back to row-level processing...
   📊 1,092,000 foods (5/s) | I:340993 U:0 S:751004 P:0 E:3 | fdc:1709791 ckpt:1709791
   ⚠️  UPC collision detected, falling back to row-level processing...
   📊 1,092,500 foods (5/s) | I:340993 U:0 S:751504 P:0 E:3 | fdc:1710293 ckpt:1710293
   ⚠️  UPC collision detected, falling back to row-level processing...
   📊 1,093,000 foods (5/s) | I:340993 U:0 S:752004 P:0 E:3 | fdc:1710805 ckpt:1710805
   ⚠️  UPC collision detected, falling back to row-level processing...
   📊 1,093,500 foods (5/s) | I:340993 U:0 S:752504 P:0 E:3 | fdc:1711318 ckpt:1711318
   ⚠️  UPC collision detected, falling back to row-level processing...
   📊 1,094,000 foods (5/s) | I:340993 U:0 S:753004 P:0 E:3 | fdc:1711822 ckpt:1711822
   ⚠️  UPC collision detected, falling back to row-level processing...
   📊 1,094,500 foods (5/s) | I:340993 U:0 S:753504 P:0 E:3 | fdc:1712323 ckpt:1712323
   ⚠️  UPC collision detected, falling back to row-level processing...
   📊 1,095,000 foods (5/s) | I:340993 U:0 S:754004 P:0 E:3 | fdc:1712825 ckpt:1712825
   ⚠️  Transient error (attempt 1/6): TypeError: fetch failed
   ⏳ Retrying in 1s...
   ⚠️  UPC collision detected, falling back to row-level processing...
   📊 1,095,500 foods (5/s) | I:340993 U:0 S:754504 P:0 E:3 | fdc:1713341 ckpt:1713341
   ⚠️  UPC collision detected, falling back to row-level processing...
   📊 1,096,000 foods (5/s) | I:340993 U:0 S:755004 P:0 E:3 | fdc:1713844 ckpt:1713844
   ⚠️  UPC collision detected, falling back to row-level processing...
   📊 1,096,500 foods (5/s) | I:340993 U:0 S:755504 P:0 E:3 | fdc:1714347 ckpt:1714347
   ⚠️  UPC collision detected, falling back to row-level processing...
   📊 1,097,000 foods (5/s) | I:340993 U:0 S:756004 P:0 E:3 | fdc:1714851 ckpt:1714851
   ⚠️  UPC collision detected, falling back to row-level processing...
   📊 1,097,500 foods (5/s) | I:340993 U:0 S:756504 P:0 E:3 | fdc:1715351 ckpt:1715351
   ⚠️  UPC collision detected, falling back to row-level processing...
   📊 1,098,000 foods (5/s) | I:340993 U:0 S:757004 P:0 E:3 | fdc:1715852 ckpt:1715852
   ⚠️  UPC collision detected, falling back to row-level processing...
   📊 1,098,500 foods (5/s) | I:340993 U:0 S:757504 P:0 E:3 | fdc:1716354 ckpt:1716354
   ⚠️  UPC collision detected, falling back to row-level processing...
   📊 1,099,000 foods (5/s) | I:340993 U:0 S:758004 P:0 E:3 | fdc:1716856 ckpt:1716856
   ⚠️  UPC collision detected, falling back to row-level processing...
   📊 1,099,500 foods (5/s) | I:340993 U:0 S:758504 P:0 E:3 | fdc:1717359 ckpt:1717359
   ⚠️  UPC collision detected, falling back to row-level processing...
   📊 1,100,000 foods (5/s) | I:340993 U:0 S:759004 P:0 E:3 | fdc:1717870 ckpt:1717870
   ⚠️  UPC collision detected, falling back to row-level processing...
   📊 1,100,500 foods (5/s) | I:340993 U:0 S:759504 P:0 E:3 | fdc:1718373 ckpt:1718373
   ⚠️  UPC collision detected, falling back to row-level processing...
   📊 1,101,000 foods (5/s) | I:340993 U:0 S:760004 P:0 E:3 | fdc:1718874 ckpt:1718874
   ⚠️  UPC collision detected, falling back to row-level processing...
   📊 1,101,500 foods (5/s) | I:340994 U:0 S:760503 P:0 E:3 | fdc:1719383 ckpt:1719383
   ⚠️  UPC collision detected, falling back to row-level processing...
   📊 1,102,000 foods (5/s) | I:340994 U:0 S:761003 P:0 E:3 | fdc:1719895 ckpt:1719895
   ⚠️  UPC collision detected, falling back to row-level processing...
   📊 1,102,500 foods (5/s) | I:340995 U:0 S:761502 P:0 E:3 | fdc:1720416 ckpt:1720416
   ⚠️  UPC collision detected, falling back to row-level processing...
   📊 1,103,000 foods (5/s) | I:340995 U:0 S:762002 P:0 E:3 | fdc:1720950 ckpt:1720950
   ⚠️  UPC collision detected, falling back to row-level processing...
   📊 1,103,500 foods (5/s) | I:341006 U:0 S:762491 P:0 E:3 | fdc:1721455 ckpt:1721455
   ⚠️  UPC collision detected, falling back to row-level processing...
   📊 1,104,000 foods (5/s) | I:341006 U:0 S:762991 P:0 E:3 | fdc:1721957 ckpt:1721957
   ⚠️  UPC collision detected, falling back to row-level processing...
   📊 1,104,500 foods (5/s) | I:341006 U:0 S:763491 P:0 E:3 | fdc:1722458 ckpt:1722458
   ⚠️  UPC collision detected, falling back to row-level processing...
   📊 1,105,000 foods (5/s) | I:341006 U:0 S:763991 P:0 E:3 | fdc:1722962 ckpt:1722962
   ⚠️  UPC collision detected, falling back to row-level processing...
   📊 1,105,500 foods (5/s) | I:341006 U:0 S:764491 P:0 E:3 | fdc:1723462 ckpt:1723462
   ⚠️  UPC collision detected, falling back to row-level processing...
   📊 1,106,000 foods (5/s) | I:341006 U:0 S:764991 P:0 E:3 | fdc:1723969 ckpt:1723969
   ⚠️  UPC collision detected, falling back to row-level processing...
   📊 1,106,500 foods (5/s) | I:341006 U:0 S:765491 P:0 E:3 | fdc:1724475 ckpt:1724475
   ⚠️  UPC collision detected, falling back to row-level processing...
   📊 1,107,000 foods (5/s) | I:341006 U:0 S:765991 P:0 E:3 | fdc:1724993 ckpt:1724993
   ⚠️  UPC collision detected, falling back to row-level processing...
   📊 1,107,500 foods (5/s) | I:341006 U:0 S:766491 P:0 E:3 | fdc:1725493 ckpt:1725493
   ⚠️  UPC collision detected, falling back to row-level processing...
   📊 1,108,000 foods (5/s) | I:341006 U:0 S:766991 P:0 E:3 | fdc:1725998 ckpt:1725998
   ⚠️  UPC collision detected, falling back to row-level processing...
   📊 1,108,500 foods (5/s) | I:341006 U:0 S:767491 P:0 E:3 | fdc:1726501 ckpt:1726501
   ⚠️  UPC collision detected, falling back to row-level processing...
   📊 1,109,000 foods (5/s) | I:341007 U:0 S:767990 P:0 E:3 | fdc:1727120 ckpt:1727120
   ⚠️  UPC collision detected, falling back to row-level processing...
   📊 1,109,500 foods (5/s) | I:341007 U:0 S:768490 P:0 E:3 | fdc:1727670 ckpt:1727670
   ⚠️  UPC collision detected, falling back to row-level processing...
   📊 1,110,000 foods (5/s) | I:341007 U:0 S:768990 P:0 E:3 | fdc:1728264 ckpt:1728264
   ⚠️  UPC collision detected, falling back to row-level processing...
   📊 1,110,500 foods (5/s) | I:341007 U:0 S:769490 P:0 E:3 | fdc:1728909 ckpt:1728909
   ⚠️  UPC collision detected, falling back to row-level processing...
   📊 1,111,000 foods (5/s) | I:341009 U:0 S:769988 P:0 E:3 | fdc:1729455 ckpt:1729455
   ⚠️  UPC collision detected, falling back to row-level processing...
   📊 1,111,500 foods (5/s) | I:341009 U:0 S:770488 P:0 E:3 | fdc:1729958 ckpt:1729958
   ⚠️  UPC collision detected, falling back to row-level processing...
   📊 1,112,000 foods (5/s) | I:341010 U:0 S:770987 P:0 E:3 | fdc:1730461 ckpt:1730461
   ⚠️  UPC collision detected, falling back to row-level processing...
   📊 1,112,500 foods (5/s) | I:341010 U:0 S:771487 P:0 E:3 | fdc:1730971 ckpt:1730971
   ⚠️  UPC collision detected, falling back to row-level processing...
   📊 1,113,000 foods (5/s) | I:341010 U:0 S:771987 P:0 E:3 | fdc:1731474 ckpt:1731474
   ⚠️  UPC collision detected, falling back to row-level processing...
   📊 1,113,500 foods (5/s) | I:341010 U:0 S:772487 P:0 E:3 | fdc:1731977 ckpt:1731977
   ⚠️  UPC collision detected, falling back to row-level processing...
   📊 1,114,000 foods (5/s) | I:341010 U:0 S:772987 P:0 E:3 | fdc:1732481 ckpt:1732481
   ⚠️  UPC collision detected, falling back to row-level processing...
   📊 1,114,500 foods (5/s) | I:341010 U:0 S:773487 P:0 E:3 | fdc:1732985 ckpt:1732985
   ⚠️  UPC collision detected, falling back to row-level processing...
   📊 1,115,000 foods (5/s) | I:341010 U:0 S:773987 P:0 E:3 | fdc:1733489 ckpt:1733489
   ⚠️  UPC collision detected, falling back to row-level processing...
   📊 1,115,500 foods (5/s) | I:341010 U:0 S:774487 P:0 E:3 | fdc:1733993 ckpt:1733993
   ⚠️  UPC collision detected, falling back to row-level processing...
   📊 1,116,000 foods (5/s) | I:341010 U:0 S:774987 P:0 E:3 | fdc:1734498 ckpt:1734498
   ⚠️  UPC collision detected, falling back to row-level processing...
   📊 1,116,500 foods (5/s) | I:341010 U:0 S:775487 P:0 E:3 | fdc:1735026 ckpt:1735026
   ⚠️  UPC collision detected, falling back to row-level processing...
   📊 1,117,000 foods (5/s) | I:341010 U:0 S:775987 P:0 E:3 | fdc:1735529 ckpt:1735529
   ⚠️  UPC collision detected, falling back to row-level processing...
   📊 1,117,500 foods (5/s) | I:341010 U:0 S:776487 P:0 E:3 | fdc:1736030 ckpt:1736030
   ⚠️  UPC collision detected, falling back to row-level processing...
   📊 1,118,000 foods (5/s) | I:341010 U:0 S:776987 P:0 E:3 | fdc:1736531 ckpt:1736531
   ⚠️  UPC collision detected, falling back to row-level processing...
   📊 1,118,500 foods (5/s) | I:341010 U:0 S:777487 P:0 E:3 | fdc:1737034 ckpt:1737034
   ⚠️  UPC collision detected, falling back to row-level processing...
   📊 1,119,000 foods (5/s) | I:341010 U:0 S:777987 P:0 E:3 | fdc:1737538 ckpt:1737538
   ⚠️  UPC collision detected, falling back to row-level processing...
   📊 1,119,500 foods (5/s) | I:341010 U:0 S:778487 P:0 E:3 | fdc:1738048 ckpt:1738048
   ⚠️  UPC collision detected, falling back to row-level processing...
   📊 1,120,000 foods (5/s) | I:341010 U:0 S:778987 P:0 E:3 | fdc:1738553 ckpt:1738553
   ⚠️  UPC collision detected, falling back to row-level processing...
   📊 1,120,500 foods (5/s) | I:341010 U:0 S:779487 P:0 E:3 | fdc:1739056 ckpt:1739056
   ⚠️  UPC collision detected, falling back to row-level processing...
   📊 1,121,000 foods (5/s) | I:341010 U:0 S:779987 P:0 E:3 | fdc:1739562 ckpt:1739562
   ⚠️  UPC collision detected, falling back to row-level processing...
   📊 1,121,500 foods (5/s) | I:341010 U:0 S:780487 P:0 E:3 | fdc:1740065 ckpt:1740065
   ⚠️  UPC collision detected, falling back to row-level processing...
   📊 1,122,000 foods (5/s) | I:341011 U:0 S:780986 P:0 E:3 | fdc:1740568 ckpt:1740568
   ⚠️  UPC collision detected, falling back to row-level processing...
   📊 1,122,500 foods (5/s) | I:341012 U:0 S:781485 P:0 E:3 | fdc:1741069 ckpt:1741069
   ⚠️  UPC collision detected, falling back to row-level processing...
   📊 1,123,000 foods (5/s) | I:341012 U:0 S:781985 P:0 E:3 | fdc:1741569 ckpt:1741569
   ⚠️  UPC collision detected, falling back to row-level processing...
   📊 1,123,500 foods (5/s) | I:341012 U:0 S:782485 P:0 E:3 | fdc:1742069 ckpt:1742069
   ⚠️  UPC collision detected, falling back to row-level processing...
   📊 1,124,000 foods (5/s) | I:341012 U:0 S:782985 P:0 E:3 | fdc:1742570 ckpt:1742570
   ⚠️  UPC collision detected, falling back to row-level processing...
   📊 1,124,500 foods (5/s) | I:341012 U:0 S:783485 P:0 E:3 | fdc:1743076 ckpt:1743076
   ⚠️  UPC collision detected, falling back to row-level processing...
   📊 1,125,000 foods (5/s) | I:341012 U:0 S:783985 P:0 E:3 | fdc:1743576 ckpt:1743576
   ⚠️  UPC collision detected, falling back to row-level processing...
   📊 1,125,500 foods (5/s) | I:341012 U:0 S:784485 P:0 E:3 | fdc:1744076 ckpt:1744076
   ⚠️  UPC collision detected, falling back to row-level processing...
   📊 1,126,000 foods (5/s) | I:341012 U:0 S:784985 P:0 E:3 | fdc:1744579 ckpt:1744579
   ⚠️  UPC collision detected, falling back to row-level processing...
   📊 1,126,500 foods (5/s) | I:341015 U:0 S:785482 P:0 E:3 | fdc:1745083 ckpt:1745083
   ⚠️  UPC collision detected, falling back to row-level processing...
   📊 1,127,000 foods (5/s) | I:341040 U:0 S:785957 P:0 E:3 | fdc:1745594 ckpt:1745594
   ⚠️  UPC collision detected, falling back to row-level processing...
   📊 1,127,500 foods (5/s) | I:341044 U:0 S:786453 P:0 E:3 | fdc:1746094 ckpt:1746094
   ⚠️  UPC collision detected, falling back to row-level processing...
   📊 1,128,000 foods (5/s) | I:341044 U:0 S:786953 P:0 E:3 | fdc:1746595 ckpt:1746595
   ⚠️  UPC collision detected, falling back to row-level processing...
   📊 1,128,500 foods (5/s) | I:341048 U:0 S:787449 P:0 E:3 | fdc:1747098 ckpt:1747098
   ⚠️  UPC collision detected, falling back to row-level processing...
   📊 1,129,000 foods (5/s) | I:341053 U:0 S:787944 P:0 E:3 | fdc:1747600 ckpt:1747600
   ⚠️  UPC collision detected, falling back to row-level processing...
   📊 1,129,500 foods (5/s) | I:341518 U:0 S:787979 P:0 E:3 | fdc:1748106 ckpt:1748106
   📊 1,130,000 foods (5/s) | I:342018 U:0 S:787979 P:0 E:3 | fdc:1748612 ckpt:1748612
   📊 1,130,500 foods (5/s) | I:342518 U:0 S:787979 P:0 E:3 | fdc:1749113 ckpt:1749113
   📊 1,131,000 foods (5/s) | I:343018 U:0 S:787979 P:0 E:3 | fdc:1749614 ckpt:1749614
   📊 1,131,500 foods (5/s) | I:343518 U:0 S:787979 P:0 E:3 | fdc:1750118 ckpt:1750118
   ⚠️  UPC collision detected, falling back to row-level processing...
   📊 1,132,000 foods (5/s) | I:343753 U:0 S:788244 P:0 E:3 | fdc:1757677 ckpt:1757677
   ⚠️  UPC collision detected, falling back to row-level processing...
   📊 1,132,500 foods (5/s) | I:343753 U:0 S:788744 P:0 E:3 | fdc:1758179 ckpt:1758179
   ⚠️  UPC collision detected, falling back to row-level processing...
   📊 1,133,000 foods (5/s) | I:343754 U:0 S:789243 P:0 E:3 | fdc:1758679 ckpt:1758679
   ⚠️  UPC collision detected, falling back to row-level processing...
   📊 1,133,500 foods (5/s) | I:343825 U:0 S:789672 P:0 E:3 | fdc:1759249 ckpt:1759249
   ⚠️  UPC collision detected, falling back to row-level processing...
   📊 1,134,000 foods (5/s) | I:343825 U:0 S:790172 P:0 E:3 | fdc:1759821 ckpt:1759821
   ⚠️  UPC collision detected, falling back to row-level processing...
   📊 1,134,500 foods (5/s) | I:343827 U:0 S:790670 P:0 E:3 | fdc:1760346 ckpt:1760346
   ⚠️  UPC collision detected, falling back to row-level processing...
   📊 1,135,000 foods (5/s) | I:343828 U:0 S:791169 P:0 E:3 | fdc:1760846 ckpt:1760846
   ⚠️  UPC collision detected, falling back to row-level processing...
   📊 1,135,500 foods (5/s) | I:343829 U:0 S:791668 P:0 E:3 | fdc:1761357 ckpt:1761357
   ⚠️  UPC collision detected, falling back to row-level processing...
   📊 1,136,000 foods (5/s) | I:343830 U:0 S:792167 P:0 E:3 | fdc:1761865 ckpt:1761865
   ⚠️  UPC collision detected, falling back to row-level processing...
   📊 1,136,500 foods (5/s) | I:343832 U:0 S:792665 P:0 E:3 | fdc:1762372 ckpt:1762372
   ⚠️  UPC collision detected, falling back to row-level processing...
   📊 1,137,000 foods (5/s) | I:343834 U:0 S:793163 P:0 E:3 | fdc:1762911 ckpt:1762911
   ⚠️  UPC collision detected, falling back to row-level processing...
   📊 1,137,500 foods (5/s) | I:343834 U:0 S:793663 P:0 E:3 | fdc:1763425 ckpt:1763425
   ⚠️  UPC collision detected, falling back to row-level processing...
   📊 1,138,000 foods (5/s) | I:343834 U:0 S:794163 P:0 E:3 | fdc:1763926 ckpt:1763926
   ⚠️  UPC collision detected, falling back to row-level processing...
   📊 1,138,500 foods (5/s) | I:343834 U:0 S:794663 P:0 E:3 | fdc:1764435 ckpt:1764435
   ⚠️  UPC collision detected, falling back to row-level processing...
   📊 1,139,000 foods (5/s) | I:343835 U:0 S:795162 P:0 E:3 | fdc:1764958 ckpt:1764958
   ⚠️  UPC collision detected, falling back to row-level processing...
   📊 1,139,500 foods (5/s) | I:343835 U:0 S:795662 P:0 E:3 | fdc:1765463 ckpt:1765463
   ⚠️  UPC collision detected, falling back to row-level processing...
   📊 1,140,000 foods (5/s) | I:343838 U:0 S:796159 P:0 E:3 | fdc:1765964 ckpt:1765964
   ⚠️  UPC collision detected, falling back to row-level processing...
   📊 1,140,500 foods (5/s) | I:343838 U:0 S:796659 P:0 E:3 | fdc:1766464 ckpt:1766464
   ⚠️  UPC collision detected, falling back to row-level processing...
   📊 1,141,000 foods (5/s) | I:343838 U:0 S:797159 P:0 E:3 | fdc:1766966 ckpt:1766966
   ⚠️  UPC collision detected, falling back to row-level processing...
   📊 1,141,500 foods (5/s) | I:343842 U:0 S:797655 P:0 E:3 | fdc:1767469 ckpt:1767469
   ⚠️  UPC collision detected, falling back to row-level processing...
   📊 1,142,000 foods (5/s) | I:343842 U:0 S:798155 P:0 E:3 | fdc:1767974 ckpt:1767974
   ⚠️  UPC collision detected, falling back to row-level processing...
   📊 1,142,500 foods (5/s) | I:343842 U:0 S:798655 P:0 E:3 | fdc:1768474 ckpt:1768474
   ⚠️  UPC collision detected, falling back to row-level processing...
   📊 1,143,000 foods (5/s) | I:343842 U:0 S:799155 P:0 E:3 | fdc:1768975 ckpt:1768975
   ⚠️  UPC collision detected, falling back to row-level processing...
   📊 1,143,500 foods (5/s) | I:343842 U:0 S:799655 P:0 E:3 | fdc:1769486 ckpt:1769486
   ⚠️  UPC collision detected, falling back to row-level processing...
   📊 1,144,000 foods (5/s) | I:343842 U:0 S:800155 P:0 E:3 | fdc:1769999 ckpt:1769999
   ⚠️  UPC collision detected, falling back to row-level processing...
   📊 1,144,500 foods (5/s) | I:343842 U:0 S:800655 P:0 E:3 | fdc:1770514 ckpt:1770514
   ⚠️  UPC collision detected, falling back to row-level processing...
   📊 1,145,000 foods (5/s) | I:343844 U:0 S:801153 P:0 E:3 | fdc:1771025 ckpt:1771025
   ⚠️  UPC collision detected, falling back to row-level processing...
   📊 1,145,500 foods (5/s) | I:343845 U:0 S:801652 P:0 E:3 | fdc:1771538 ckpt:1771538
   ⚠️  UPC collision detected, falling back to row-level processing...
   📊 1,146,000 foods (5/s) | I:343845 U:0 S:802152 P:0 E:3 | fdc:1772038 ckpt:1772038
   ⚠️  UPC collision detected, falling back to row-level processing...
   📊 1,146,500 foods (5/s) | I:343845 U:0 S:802652 P:0 E:3 | fdc:1772557 ckpt:1772557
   ⚠️  UPC collision detected, falling back to row-level processing...
   📊 1,147,000 foods (5/s) | I:343845 U:0 S:803152 P:0 E:3 | fdc:1773057 ckpt:1773057
   ⚠️  UPC collision detected, falling back to row-level processing...
   📊 1,147,500 foods (5/s) | I:343845 U:0 S:803652 P:0 E:3 | fdc:1773632 ckpt:1773632
   ⚠️  UPC collision detected, falling back to row-level processing...
   📊 1,148,000 foods (5/s) | I:343845 U:0 S:804152 P:0 E:3 | fdc:1774134 ckpt:1774134
   ⚠️  UPC collision detected, falling back to row-level processing...
   📊 1,148,500 foods (5/s) | I:343846 U:0 S:804651 P:0 E:3 | fdc:1774634 ckpt:1774634
   ⚠️  UPC collision detected, falling back to row-level processing...
   📊 1,149,000 foods (5/s) | I:343850 U:0 S:805147 P:0 E:3 | fdc:1775153 ckpt:1775153
   ⚠️  UPC collision detected, falling back to row-level processing...
   📊 1,149,500 foods (5/s) | I:343850 U:0 S:805647 P:0 E:3 | fdc:1775653 ckpt:1775653
   ⚠️  UPC collision detected, falling back to row-level processing...
   📊 1,150,000 foods (5/s) | I:343850 U:0 S:806147 P:0 E:3 | fdc:1776154 ckpt:1776154
   ⚠️  UPC collision detected, falling back to row-level processing...
   📊 1,150,500 foods (5/s) | I:343850 U:0 S:806647 P:0 E:3 | fdc:1776658 ckpt:1776658
   ⚠️  UPC collision detected, falling back to row-level processing...
   📊 1,151,000 foods (5/s) | I:343850 U:0 S:807147 P:0 E:3 | fdc:1777158 ckpt:1777158
   ⚠️  UPC collision detected, falling back to row-level processing...
   📊 1,151,500 foods (5/s) | I:343851 U:0 S:807646 P:0 E:3 | fdc:1777658 ckpt:1777658
   ⚠️  UPC collision detected, falling back to row-level processing...
   📊 1,152,000 foods (5/s) | I:343852 U:0 S:808145 P:0 E:3 | fdc:1778164 ckpt:1778164
   ⚠️  UPC collision detected, falling back to row-level processing...
   📊 1,152,500 foods (5/s) | I:343852 U:0 S:808645 P:0 E:3 | fdc:1778664 ckpt:1778664
   ⚠️  UPC collision detected, falling back to row-level processing...
   📊 1,153,000 foods (5/s) | I:343852 U:0 S:809145 P:0 E:3 | fdc:1779172 ckpt:1779172
   ⚠️  UPC collision detected, falling back to row-level processing...
   📊 1,153,500 foods (5/s) | I:343853 U:0 S:809644 P:0 E:3 | fdc:1779673 ckpt:1779673
   ⚠️  UPC collision detected, falling back to row-level processing...
   📊 1,154,000 foods (5/s) | I:343853 U:0 S:810144 P:0 E:3 | fdc:1780176 ckpt:1780176
   ⚠️  UPC collision detected, falling back to row-level processing...
   📊 1,154,500 foods (5/s) | I:343853 U:0 S:810644 P:0 E:3 | fdc:1780676 ckpt:1780676
   ⚠️  UPC collision detected, falling back to row-level processing...
   📊 1,155,000 foods (5/s) | I:343853 U:0 S:811144 P:0 E:3 | fdc:1781182 ckpt:1781182
   ⚠️  UPC collision detected, falling back to row-level processing...
   📊 1,155,500 foods (5/s) | I:343853 U:0 S:811644 P:0 E:3 | fdc:1781683 ckpt:1781683
   ⚠️  UPC collision detected, falling back to row-level processing...
   📊 1,156,000 foods (5/s) | I:343853 U:0 S:812144 P:0 E:3 | fdc:1782183 ckpt:1782183
   ⚠️  UPC collision detected, falling back to row-level processing...
   📊 1,156,500 foods (5/s) | I:343853 U:0 S:812644 P:0 E:3 | fdc:1782690 ckpt:1782690
   ⚠️  UPC collision detected, falling back to row-level processing...
   📊 1,157,000 foods (5/s) | I:343853 U:0 S:813144 P:0 E:3 | fdc:1783192 ckpt:1783192
   ⚠️  UPC collision detected, falling back to row-level processing...
   📊 1,157,500 foods (5/s) | I:343853 U:0 S:813644 P:0 E:3 | fdc:1783692 ckpt:1783692
   ⚠️  UPC collision detected, falling back to row-level processing...
   📊 1,158,000 foods (5/s) | I:343853 U:0 S:814144 P:0 E:3 | fdc:1881601 ckpt:1881601
   ⚠️  UPC collision detected, falling back to row-level processing...
   📊 1,158,500 foods (5/s) | I:343853 U:0 S:814644 P:0 E:3 | fdc:1784699 ckpt:1784699
   ⚠️  UPC collision detected, falling back to row-level processing...
   📊 1,159,000 foods (5/s) | I:343853 U:0 S:815144 P:0 E:3 | fdc:1785203 ckpt:1785203
   ⚠️  UPC collision detected, falling back to row-level processing...
   📊 1,159,500 foods (5/s) | I:343853 U:0 S:815644 P:0 E:3 | fdc:1785703 ckpt:1785703
   ⚠️  UPC collision detected, falling back to row-level processing...
   📊 1,160,000 foods (5/s) | I:343854 U:0 S:816143 P:0 E:3 | fdc:1786203 ckpt:1786203
   ⚠️  UPC collision detected, falling back to row-level processing...
   📊 1,160,500 foods (5/s) | I:343854 U:0 S:816643 P:0 E:3 | fdc:1786714 ckpt:1786714
   ⚠️  UPC collision detected, falling back to row-level processing...
   📊 1,161,000 foods (5/s) | I:343854 U:0 S:817143 P:0 E:3 | fdc:1787218 ckpt:1787218
   ⚠️  UPC collision detected, falling back to row-level processing...
   📊 1,161,500 foods (5/s) | I:343854 U:0 S:817643 P:0 E:3 | fdc:1787755 ckpt:1787755
   ⚠️  UPC collision detected, falling back to row-level processing...
   📊 1,162,000 foods (5/s) | I:343854 U:0 S:818143 P:0 E:3 | fdc:1788268 ckpt:1788268
   ⚠️  UPC collision detected, falling back to row-level processing...
   📊 1,162,500 foods (5/s) | I:343855 U:0 S:818642 P:0 E:3 | fdc:1788782 ckpt:1788782
   ⚠️  UPC collision detected, falling back to row-level processing...
   📊 1,163,000 foods (5/s) | I:343856 U:0 S:819141 P:0 E:3 | fdc:1789302 ckpt:1789302
   ⚠️  UPC collision detected, falling back to row-level processing...
   📊 1,163,500 foods (5/s) | I:343856 U:0 S:819641 P:0 E:3 | fdc:1789805 ckpt:1789805
   ⚠️  UPC collision detected, falling back to row-level processing...
   📊 1,164,000 foods (5/s) | I:343857 U:0 S:820140 P:0 E:3 | fdc:1790327 ckpt:1790327
   ⚠️  UPC collision detected, falling back to row-level processing...
   📊 1,164,500 foods (5/s) | I:343858 U:0 S:820639 P:0 E:3 | fdc:1790834 ckpt:1790834
   ⚠️  UPC collision detected, falling back to row-level processing...
   📊 1,165,000 foods (5/s) | I:343859 U:0 S:821138 P:0 E:3 | fdc:1791339 ckpt:1791339
   ⚠️  UPC collision detected, falling back to row-level processing...
   📊 1,165,500 foods (5/s) | I:343860 U:0 S:821637 P:0 E:3 | fdc:1791851 ckpt:1791851
   ⚠️  UPC collision detected, falling back to row-level processing...
   📊 1,166,000 foods (5/s) | I:343860 U:0 S:822137 P:0 E:3 | fdc:1792359 ckpt:1792359
   ⚠️  UPC collision detected, falling back to row-level processing...
   📊 1,166,500 foods (5/s) | I:343860 U:0 S:822637 P:0 E:3 | fdc:1792876 ckpt:1792876
   ⚠️  UPC collision detected, falling back to row-level processing...
   📊 1,167,000 foods (5/s) | I:343860 U:0 S:823137 P:0 E:3 | fdc:1793379 ckpt:1793379
   ⚠️  UPC collision detected, falling back to row-level processing...
   📊 1,167,500 foods (5/s) | I:343861 U:0 S:823636 P:0 E:3 | fdc:1793879 ckpt:1793879
   ⚠️  UPC collision detected, falling back to row-level processing...
   📊 1,168,000 foods (5/s) | I:343861 U:0 S:824136 P:0 E:3 | fdc:1794381 ckpt:1794381
   ⚠️  UPC collision detected, falling back to row-level processing...
   📊 1,168,500 foods (5/s) | I:343861 U:0 S:824636 P:0 E:3 | fdc:1794896 ckpt:1794896
   ⚠️  UPC collision detected, falling back to row-level processing...
   📊 1,169,000 foods (5/s) | I:343861 U:0 S:825136 P:0 E:3 | fdc:1795410 ckpt:1795410
   ⚠️  UPC collision detected, falling back to row-level processing...
   📊 1,169,500 foods (5/s) | I:343861 U:0 S:825636 P:0 E:3 | fdc:1795915 ckpt:1795915
   ⚠️  UPC collision detected, falling back to row-level processing...
   📊 1,170,000 foods (5/s) | I:343861 U:0 S:826136 P:0 E:3 | fdc:1796419 ckpt:1796419
   ⚠️  UPC collision detected, falling back to row-level processing...
   📊 1,170,500 foods (5/s) | I:343861 U:0 S:826636 P:0 E:3 | fdc:1796920 ckpt:1796920
   ⚠️  UPC collision detected, falling back to row-level processing...
   📊 1,171,000 foods (5/s) | I:343861 U:0 S:827136 P:0 E:3 | fdc:1797421 ckpt:1797421
   ⚠️  UPC collision detected, falling back to row-level processing...
   📊 1,171,500 foods (5/s) | I:343861 U:0 S:827636 P:0 E:3 | fdc:1797934 ckpt:1797934
   ⚠️  UPC collision detected, falling back to row-level processing...
   📊 1,172,000 foods (5/s) | I:343861 U:0 S:828136 P:0 E:3 | fdc:1798435 ckpt:1798435
   ⚠️  UPC collision detected, falling back to row-level processing...
   📊 1,172,500 foods (5/s) | I:343861 U:0 S:828636 P:0 E:3 | fdc:1798937 ckpt:1798937
   ⚠️  UPC collision detected, falling back to row-level processing...
   📊 1,173,000 foods (5/s) | I:343862 U:0 S:829135 P:0 E:3 | fdc:1799532 ckpt:1799532
   ⚠️  UPC collision detected, falling back to row-level processing...
   📊 1,173,500 foods (5/s) | I:343862 U:0 S:829635 P:0 E:3 | fdc:1800043 ckpt:1800043
   ⚠️  UPC collision detected, falling back to row-level processing...
   📊 1,174,000 foods (5/s) | I:343865 U:0 S:830132 P:0 E:3 | fdc:1800596 ckpt:1800596
   ⚠️  UPC collision detected, falling back to row-level processing...
   📊 1,174,500 foods (5/s) | I:343865 U:0 S:830632 P:0 E:3 | fdc:1801100 ckpt:1801100
   ⚠️  UPC collision detected, falling back to row-level processing...
   📊 1,175,000 foods (5/s) | I:343865 U:0 S:831132 P:0 E:3 | fdc:1801603 ckpt:1801603
   ⚠️  UPC collision detected, falling back to row-level processing...
   📊 1,175,500 foods (5/s) | I:343865 U:0 S:831632 P:0 E:3 | fdc:1802103 ckpt:1802103
   ⚠️  UPC collision detected, falling back to row-level processing...
   📊 1,176,000 foods (5/s) | I:343866 U:0 S:832131 P:0 E:3 | fdc:1802605 ckpt:1802605
   ⚠️  UPC collision detected, falling back to row-level processing...
   📊 1,176,500 foods (5/s) | I:343866 U:0 S:832631 P:0 E:3 | fdc:1803106 ckpt:1803106
   ⚠️  UPC collision detected, falling back to row-level processing...
   📊 1,177,000 foods (5/s) | I:343866 U:0 S:833131 P:0 E:3 | fdc:1803606 ckpt:1803606
   ⚠️  UPC collision detected, falling back to row-level processing...
   📊 1,177,500 foods (5/s) | I:343866 U:0 S:833631 P:0 E:3 | fdc:1804106 ckpt:1804106
   ⚠️  UPC collision detected, falling back to row-level processing...
   📊 1,178,000 foods (5/s) | I:343866 U:0 S:834131 P:0 E:3 | fdc:1804622 ckpt:1804622
   ⚠️  UPC collision detected, falling back to row-level processing...
   📊 1,178,500 foods (5/s) | I:343868 U:0 S:834629 P:0 E:3 | fdc:1805130 ckpt:1805130
   ⚠️  UPC collision detected, falling back to row-level processing...
   📊 1,179,000 foods (5/s) | I:343868 U:0 S:835129 P:0 E:3 | fdc:1805630 ckpt:1805630
   ⚠️  UPC collision detected, falling back to row-level processing...
   📊 1,179,500 foods (5/s) | I:343868 U:0 S:835629 P:0 E:3 | fdc:1806138 ckpt:1806138
   ⚠️  UPC collision detected, falling back to row-level processing...
   📊 1,180,000 foods (5/s) | I:343868 U:0 S:836129 P:0 E:3 | fdc:1806641 ckpt:1806641
   ⚠️  UPC collision detected, falling back to row-level processing...
   📊 1,180,500 foods (5/s) | I:343868 U:0 S:836629 P:0 E:3 | fdc:1807143 ckpt:1807143
   ⚠️  UPC collision detected, falling back to row-level processing...
   📊 1,181,000 foods (5/s) | I:343868 U:0 S:837129 P:0 E:3 | fdc:1807644 ckpt:1807644
   ⚠️  UPC collision detected, falling back to row-level processing...
   📊 1,181,500 foods (5/s) | I:343868 U:0 S:837629 P:0 E:3 | fdc:1808148 ckpt:1808148
   ⚠️  UPC collision detected, falling back to row-level processing...
   📊 1,182,000 foods (5/s) | I:343868 U:0 S:838129 P:0 E:3 | fdc:1808662 ckpt:1808662
   ⚠️  UPC collision detected, falling back to row-level processing...
   📊 1,182,500 foods (5/s) | I:343868 U:0 S:838629 P:0 E:3 | fdc:1809178 ckpt:1809178
   ⚠️  UPC collision detected, falling back to row-level processing...
   📊 1,183,000 foods (5/s) | I:343868 U:0 S:839129 P:0 E:3 | fdc:1809697 ckpt:1809697
   ⚠️  UPC collision detected, falling back to row-level processing...
   📊 1,183,500 foods (5/s) | I:343868 U:0 S:839629 P:0 E:3 | fdc:1810205 ckpt:1810205
   ⚠️  UPC collision detected, falling back to row-level processing...
   📊 1,184,000 foods (5/s) | I:343868 U:0 S:840129 P:0 E:3 | fdc:1810789 ckpt:1810789
   ⚠️  UPC collision detected, falling back to row-level processing...
   📊 1,184,500 foods (5/s) | I:343868 U:0 S:840629 P:0 E:3 | fdc:1811306 ckpt:1811306
   ⚠️  UPC collision detected, falling back to row-level processing...
   📊 1,185,000 foods (5/s) | I:343868 U:0 S:841129 P:0 E:3 | fdc:1811825 ckpt:1811825
   ⚠️  UPC collision detected, falling back to row-level processing...
   📊 1,185,500 foods (5/s) | I:343868 U:0 S:841629 P:0 E:3 | fdc:1812367 ckpt:1812367
   ⚠️  UPC collision detected, falling back to row-level processing...
   📊 1,186,000 foods (5/s) | I:343868 U:0 S:842129 P:0 E:3 | fdc:1812928 ckpt:1812928
   ⚠️  UPC collision detected, falling back to row-level processing...
   📊 1,186,500 foods (5/s) | I:343868 U:0 S:842629 P:0 E:3 | fdc:1813498 ckpt:1813498
   ⚠️  UPC collision detected, falling back to row-level processing...
   📊 1,187,000 foods (5/s) | I:343868 U:0 S:843129 P:0 E:3 | fdc:1814065 ckpt:1814065
   ⚠️  UPC collision detected, falling back to row-level processing...
   📊 1,187,500 foods (5/s) | I:343868 U:0 S:843629 P:0 E:3 | fdc:1814594 ckpt:1814594
   ⚠️  UPC collision detected, falling back to row-level processing...
   📊 1,188,000 foods (5/s) | I:343868 U:0 S:844129 P:0 E:3 | fdc:1815174 ckpt:1815174
   ⚠️  UPC collision detected, falling back to row-level processing...
   📊 1,188,500 foods (5/s) | I:343868 U:0 S:844629 P:0 E:3 | fdc:1815688 ckpt:1815688
   ⚠️  UPC collision detected, falling back to row-level processing...
   📊 1,189,000 foods (5/s) | I:343868 U:0 S:845129 P:0 E:3 | fdc:1816220 ckpt:1816220
   ⚠️  UPC collision detected, falling back to row-level processing...
   📊 1,189,500 foods (5/s) | I:343868 U:0 S:845629 P:0 E:3 | fdc:1817033 ckpt:1817033
   ⚠️  UPC collision detected, falling back to row-level processing...
   📊 1,190,000 foods (5/s) | I:343868 U:0 S:846129 P:0 E:3 | fdc:1817635 ckpt:1817635
   ⚠️  UPC collision detected, falling back to row-level processing...
   📊 1,190,500 foods (5/s) | I:343868 U:0 S:846629 P:0 E:3 | fdc:1818169 ckpt:1818169
   ⚠️  UPC collision detected, falling back to row-level processing...
   📊 1,191,000 foods (5/s) | I:343868 U:0 S:847129 P:0 E:3 | fdc:1818727 ckpt:1818727
   ⚠️  UPC collision detected, falling back to row-level processing...
   📊 1,191,500 foods (5/s) | I:343868 U:0 S:847629 P:0 E:3 | fdc:1819239 ckpt:1819239
   ⚠️  UPC collision detected, falling back to row-level processing...
   📊 1,192,000 foods (5/s) | I:343868 U:0 S:848129 P:0 E:3 | fdc:1819760 ckpt:1819760
   ⚠️  UPC collision detected, falling back to row-level processing...
   📊 1,192,500 foods (5/s) | I:343868 U:0 S:848629 P:0 E:3 | fdc:1820280 ckpt:1820280
   ⚠️  UPC collision detected, falling back to row-level processing...
   📊 1,193,000 foods (5/s) | I:343869 U:0 S:849128 P:0 E:3 | fdc:1820824 ckpt:1820824
   ⚠️  UPC collision detected, falling back to row-level processing...
   📊 1,193,500 foods (5/s) | I:343869 U:0 S:849628 P:0 E:3 | fdc:1821368 ckpt:1821368
   ⚠️  UPC collision detected, falling back to row-level processing...
   📊 1,194,000 foods (5/s) | I:343869 U:0 S:850128 P:0 E:3 | fdc:1821902 ckpt:1821902
   ⚠️  UPC collision detected, falling back to row-level processing...
   📊 1,194,500 foods (5/s) | I:343869 U:0 S:850628 P:0 E:3 | fdc:1822433 ckpt:1822433
   ⚠️  UPC collision detected, falling back to row-level processing...
   📊 1,195,000 foods (5/s) | I:343869 U:0 S:851128 P:0 E:3 | fdc:1822946 ckpt:1822946
   ⚠️  UPC collision detected, falling back to row-level processing...
   📊 1,195,500 foods (5/s) | I:343869 U:0 S:851628 P:0 E:3 | fdc:1823459 ckpt:1823459
   ⚠️  UPC collision detected, falling back to row-level processing...
   📊 1,196,000 foods (5/s) | I:343869 U:0 S:852128 P:0 E:3 | fdc:1823977 ckpt:1823977
   ⚠️  UPC collision detected, falling back to row-level processing...
   📊 1,196,500 foods (5/s) | I:343869 U:0 S:852628 P:0 E:3 | fdc:1824519 ckpt:1824519
   ⚠️  UPC collision detected, falling back to row-level processing...
   📊 1,197,000 foods (5/s) | I:343869 U:0 S:853128 P:0 E:3 | fdc:1825050 ckpt:1825050
   ⚠️  UPC collision detected, falling back to row-level processing...
   📊 1,197,500 foods (5/s) | I:343869 U:0 S:853628 P:0 E:3 | fdc:1825636 ckpt:1825636
   ⚠️  UPC collision detected, falling back to row-level processing...
   📊 1,198,000 foods (5/s) | I:343869 U:0 S:854128 P:0 E:3 | fdc:1826152 ckpt:1826152
   ⚠️  UPC collision detected, falling back to row-level processing...
   📊 1,198,500 foods (5/s) | I:343869 U:0 S:854628 P:0 E:3 | fdc:1826724 ckpt:1826724
   ⚠️  UPC collision detected, falling back to row-level processing...
   📊 1,199,000 foods (5/s) | I:343869 U:0 S:855128 P:0 E:3 | fdc:1827246 ckpt:1827246
   ⚠️  UPC collision detected, falling back to row-level processing...
   📊 1,199,500 foods (5/s) | I:343869 U:0 S:855628 P:0 E:3 | fdc:1827815 ckpt:1827815
   ⚠️  UPC collision detected, falling back to row-level processing...
   📊 1,200,000 foods (5/s) | I:343870 U:0 S:856127 P:0 E:3 | fdc:1828430 ckpt:1828430
   ⚠️  UPC collision detected, falling back to row-level processing...
   📊 1,200,500 foods (5/s) | I:343875 U:0 S:856622 P:0 E:3 | fdc:1828930 ckpt:1828930
   ⚠️  UPC collision detected, falling back to row-level processing...
   📊 1,201,000 foods (5/s) | I:343878 U:0 S:857119 P:0 E:3 | fdc:1829441 ckpt:1829441
   ⚠️  UPC collision detected, falling back to row-level processing...
   📊 1,201,500 foods (5/s) | I:343894 U:0 S:857603 P:0 E:3 | fdc:1829947 ckpt:1829947
   ⚠️  UPC collision detected, falling back to row-level processing...
   📊 1,202,000 foods (5/s) | I:343896 U:0 S:858101 P:0 E:3 | fdc:1830456 ckpt:1830456
   ⚠️  UPC collision detected, falling back to row-level processing...
   📊 1,202,500 foods (5/s) | I:343899 U:0 S:858598 P:0 E:3 | fdc:1830960 ckpt:1830960
   📋 Deduplicated 1 intra-batch UPC duplicates
   ⚠️  UPC collision detected, falling back to row-level processing...
   📊 1,203,000 foods (5/s) | I:344260 U:0 S:858737 P:0 E:3 | fdc:1831462 ckpt:1831462
   ⚠️  UPC collision detected, falling back to row-level processing...
   📊 1,203,500 foods (5/s) | I:344749 U:0 S:858748 P:0 E:3 | fdc:1831965 ckpt:1831965
   ⚠️  UPC collision detected, falling back to row-level processing...
   📊 1,204,000 foods (5/s) | I:345246 U:0 S:858751 P:0 E:3 | fdc:1832468 ckpt:1832468
   ⚠️  UPC collision detected, falling back to row-level processing...
   📊 1,204,500 foods (5/s) | I:345739 U:0 S:858758 P:0 E:3 | fdc:1832969 ckpt:1832969
   ⚠️  UPC collision detected, falling back to row-level processing...
   📊 1,205,000 foods (5/s) | I:346234 U:0 S:858763 P:0 E:3 | fdc:1833472 ckpt:1833472
   📊 1,205,500 foods (5/s) | I:346734 U:0 S:858763 P:0 E:3 | fdc:1833972 ckpt:1833972
   📊 1,206,000 foods (5/s) | I:347234 U:0 S:858763 P:0 E:3 | fdc:1834472 ckpt:1834472
   📊 1,206,500 foods (5/s) | I:347734 U:0 S:858763 P:0 E:3 | fdc:1834975 ckpt:1834975
   📊 1,207,000 foods (5/s) | I:348234 U:0 S:858763 P:0 E:3 | fdc:1835480 ckpt:1835480
   📊 1,207,500 foods (5/s) | I:348734 U:0 S:858763 P:0 E:3 | fdc:1835985 ckpt:1835985
   📊 1,208,000 foods (5/s) | I:349234 U:0 S:858763 P:0 E:3 | fdc:1836485 ckpt:1836485
   📊 1,208,500 foods (5/s) | I:349734 U:0 S:858763 P:0 E:3 | fdc:1836988 ckpt:1836988
   📊 1,209,000 foods (5/s) | I:350234 U:0 S:858763 P:0 E:3 | fdc:1837491 ckpt:1837491
   ⚠️  UPC collision detected, falling back to row-level processing...
   📊 1,209,500 foods (5/s) | I:350437 U:0 S:859060 P:0 E:3 | fdc:1838149 ckpt:1838149
   ⚠️  UPC collision detected, falling back to row-level processing...
   📊 1,210,000 foods (5/s) | I:350437 U:0 S:859560 P:0 E:3 | fdc:1882581 ckpt:1882581
   ⚠️  UPC collision detected, falling back to row-level processing...
   📊 1,210,500 foods (5/s) | I:350437 U:0 S:860060 P:0 E:3 | fdc:1838868 ckpt:1838868
   📋 Deduplicated 2 intra-batch UPC duplicates
   ⚠️  UPC collision detected, falling back to row-level processing...
   📊 1,211,000 foods (5/s) | I:350441 U:0 S:860556 P:0 E:3 | fdc:1839375 ckpt:1839375
   ⚠️  UPC collision detected, falling back to row-level processing...
   📊 1,211,500 foods (5/s) | I:350444 U:0 S:861053 P:0 E:3 | fdc:1839875 ckpt:1839875
   ⚠️  UPC collision detected, falling back to row-level processing...
   📊 1,212,000 foods (5/s) | I:350451 U:0 S:861546 P:0 E:3 | fdc:1883037 ckpt:1883037
   ⚠️  UPC collision detected, falling back to row-level processing...
   📊 1,212,500 foods (5/s) | I:350456 U:0 S:862041 P:0 E:3 | fdc:1883126 ckpt:1883126
   ⚠️  UPC collision detected, falling back to row-level processing...
   📊 1,213,000 foods (5/s) | I:350456 U:0 S:862541 P:0 E:3 | fdc:1841482 ckpt:1841482
   ⚠️  UPC collision detected, falling back to row-level processing...
   📊 1,213,500 foods (5/s) | I:350457 U:0 S:863040 P:0 E:3 | fdc:1842006 ckpt:1842006
   ⚠️  UPC collision detected, falling back to row-level processing...
   📊 1,214,000 foods (5/s) | I:350457 U:0 S:863540 P:0 E:3 | fdc:1842537 ckpt:1842537
   ⚠️  UPC collision detected, falling back to row-level processing...
   📊 1,214,500 foods (5/s) | I:350457 U:0 S:864040 P:0 E:3 | fdc:1883433 ckpt:1883433
   ⚠️  UPC collision detected, falling back to row-level processing...
   📊 1,215,000 foods (5/s) | I:350457 U:0 S:864540 P:0 E:3 | fdc:1843567 ckpt:1843567
   ⚠️  UPC collision detected, falling back to row-level processing...
   📊 1,215,500 foods (5/s) | I:350457 U:0 S:865040 P:0 E:3 | fdc:1844070 ckpt:1844070
   ⚠️  UPC collision detected, falling back to row-level processing...
   📊 1,216,000 foods (5/s) | I:350463 U:0 S:865534 P:0 E:3 | fdc:1844572 ckpt:1844572
   ⚠️  UPC collision detected, falling back to row-level processing...
   📊 1,216,500 foods (5/s) | I:350464 U:0 S:866033 P:0 E:3 | fdc:1845072 ckpt:1845072
   ⚠️  UPC collision detected, falling back to row-level processing...
   📊 1,217,000 foods (5/s) | I:350562 U:0 S:866435 P:0 E:3 | fdc:1845576 ckpt:1845576
   ⚠️  UPC collision detected, falling back to row-level processing...
   📊 1,217,500 foods (5/s) | I:351044 U:0 S:866453 P:0 E:3 | fdc:1846077 ckpt:1846077
   ⚠️  UPC collision detected, falling back to row-level processing...
   📊 1,218,000 foods (5/s) | I:351536 U:0 S:866461 P:0 E:3 | fdc:1846577 ckpt:1846577
   ⚠️  UPC collision detected, falling back to row-level processing...
   📊 1,218,500 foods (5/s) | I:352014 U:0 S:866483 P:0 E:3 | fdc:1847077 ckpt:1847077
   ⚠️  UPC collision detected, falling back to row-level processing...
   📊 1,219,000 foods (5/s) | I:352290 U:0 S:866707 P:0 E:3 | fdc:1883865 ckpt:1883865
   ⚠️  UPC collision detected, falling back to row-level processing...
   📊 1,219,500 foods (5/s) | I:352290 U:0 S:867207 P:0 E:3 | fdc:1884390 ckpt:1884390
   ⚠️  UPC collision detected, falling back to row-level processing...
   📊 1,220,000 foods (5/s) | I:352292 U:0 S:867705 P:0 E:3 | fdc:1884904 ckpt:1884904
   ⚠️  UPC collision detected, falling back to row-level processing...
   📊 1,220,500 foods (5/s) | I:352292 U:0 S:868205 P:0 E:3 | fdc:1885405 ckpt:1885405
   ⚠️  UPC collision detected, falling back to row-level processing...
   📊 1,221,000 foods (5/s) | I:352292 U:0 S:868705 P:0 E:3 | fdc:1885905 ckpt:1885905
   ⚠️  UPC collision detected, falling back to row-level processing...
   📊 1,221,500 foods (5/s) | I:352292 U:0 S:869205 P:0 E:3 | fdc:1886405 ckpt:1886405
   ⚠️  UPC collision detected, falling back to row-level processing...
   📊 1,222,000 foods (5/s) | I:352292 U:0 S:869705 P:0 E:3 | fdc:1886905 ckpt:1886905
   ⚠️  UPC collision detected, falling back to row-level processing...
   📊 1,222,500 foods (5/s) | I:352292 U:0 S:870205 P:0 E:3 | fdc:1887413 ckpt:1887413
   ⚠️  UPC collision detected, falling back to row-level processing...
   📊 1,223,000 foods (5/s) | I:352292 U:0 S:870705 P:0 E:3 | fdc:1887928 ckpt:1887928
   ⚠️  UPC collision detected, falling back to row-level processing...
   📊 1,223,500 foods (5/s) | I:352292 U:0 S:871205 P:0 E:3 | fdc:1888429 ckpt:1888429
   ⚠️  UPC collision detected, falling back to row-level processing...
   📊 1,224,000 foods (5/s) | I:352292 U:0 S:871705 P:0 E:3 | fdc:1888929 ckpt:1888929
   ⚠️  UPC collision detected, falling back to row-level processing...
   📊 1,224,500 foods (5/s) | I:352292 U:0 S:872205 P:0 E:3 | fdc:1889430 ckpt:1889430
   ⚠️  UPC collision detected, falling back to row-level processing...
   📊 1,225,000 foods (5/s) | I:352292 U:0 S:872705 P:0 E:3 | fdc:1889930 ckpt:1889930
   ⚠️  UPC collision detected, falling back to row-level processing...
   📊 1,225,500 foods (5/s) | I:352292 U:0 S:873205 P:0 E:3 | fdc:1890430 ckpt:1890430
   ⚠️  UPC collision detected, falling back to row-level processing...
   📊 1,226,000 foods (5/s) | I:352292 U:0 S:873705 P:0 E:3 | fdc:1890951 ckpt:1890951
   ⚠️  UPC collision detected, falling back to row-level processing...
   📊 1,226,500 foods (5/s) | I:352292 U:0 S:874205 P:0 E:3 | fdc:1891451 ckpt:1891451
   ⚠️  UPC collision detected, falling back to row-level processing...
   📊 1,227,000 foods (5/s) | I:352292 U:0 S:874705 P:0 E:3 | fdc:1891951 ckpt:1891951
   ⚠️  UPC collision detected, falling back to row-level processing...
   📊 1,227,500 foods (5/s) | I:352292 U:0 S:875205 P:0 E:3 | fdc:1892477 ckpt:1892477
   ⚠️  UPC collision detected, falling back to row-level processing...
   📊 1,228,000 foods (5/s) | I:352292 U:0 S:875705 P:0 E:3 | fdc:1892984 ckpt:1892984
   ⚠️  UPC collision detected, falling back to row-level processing...
   📊 1,228,500 foods (5/s) | I:352292 U:0 S:876205 P:0 E:3 | fdc:1893490 ckpt:1893490
   ⚠️  UPC collision detected, falling back to row-level processing...
   📊 1,229,000 foods (5/s) | I:352292 U:0 S:876705 P:0 E:3 | fdc:1893992 ckpt:1893992
   ⚠️  UPC collision detected, falling back to row-level processing...
   📊 1,229,500 foods (5/s) | I:352292 U:0 S:877205 P:0 E:3 | fdc:1894492 ckpt:1894492
   ⚠️  UPC collision detected, falling back to row-level processing...
   📊 1,230,000 foods (5/s) | I:352292 U:0 S:877705 P:0 E:3 | fdc:1894992 ckpt:1894992
   ⚠️  UPC collision detected, falling back to row-level processing...
   📊 1,230,500 foods (5/s) | I:352292 U:0 S:878205 P:0 E:3 | fdc:1895497 ckpt:1895497
   ⚠️  UPC collision detected, falling back to row-level processing...
   📊 1,231,000 foods (5/s) | I:352292 U:0 S:878705 P:0 E:3 | fdc:1895997 ckpt:1895997
   ⚠️  UPC collision detected, falling back to row-level processing...
   📊 1,231,500 foods (5/s) | I:352292 U:0 S:879205 P:0 E:3 | fdc:1896497 ckpt:1896497
   ⚠️  UPC collision detected, falling back to row-level processing...
   📊 1,232,000 foods (5/s) | I:352293 U:0 S:879704 P:0 E:3 | fdc:1896997 ckpt:1896997
   ⚠️  UPC collision detected, falling back to row-level processing...
   📊 1,232,500 foods (5/s) | I:352293 U:0 S:880204 P:0 E:3 | fdc:1897502 ckpt:1897502
   ⚠️  UPC collision detected, falling back to row-level processing...
   📊 1,233,000 foods (5/s) | I:352293 U:0 S:880704 P:0 E:3 | fdc:1898019 ckpt:1898019
   ⚠️  UPC collision detected, falling back to row-level processing...
   📊 1,233,500 foods (5/s) | I:352293 U:0 S:881204 P:0 E:3 | fdc:1898534 ckpt:1898534
   ⚠️  UPC collision detected, falling back to row-level processing...
   📊 1,234,000 foods (5/s) | I:352293 U:0 S:881704 P:0 E:3 | fdc:1899037 ckpt:1899037
   ⚠️  UPC collision detected, falling back to row-level processing...
   📊 1,234,500 foods (5/s) | I:352293 U:0 S:882204 P:0 E:3 | fdc:1899537 ckpt:1899537
   ⚠️  UPC collision detected, falling back to row-level processing...
   📊 1,235,000 foods (5/s) | I:352293 U:0 S:882704 P:0 E:3 | fdc:1900071 ckpt:1900071
   ⚠️  UPC collision detected, falling back to row-level processing...
   📊 1,235,500 foods (5/s) | I:352293 U:0 S:883204 P:0 E:3 | fdc:1900579 ckpt:1900579
   ⚠️  UPC collision detected, falling back to row-level processing...
   📊 1,236,000 foods (5/s) | I:352293 U:0 S:883704 P:0 E:3 | fdc:1901096 ckpt:1901096
   ⚠️  UPC collision detected, falling back to row-level processing...
   📊 1,236,500 foods (5/s) | I:352293 U:0 S:884204 P:0 E:3 | fdc:1901608 ckpt:1901608
   ⚠️  UPC collision detected, falling back to row-level processing...
   📊 1,237,000 foods (5/s) | I:352293 U:0 S:884704 P:0 E:3 | fdc:1902118 ckpt:1902118
   ⚠️  UPC collision detected, falling back to row-level processing...
   📊 1,237,500 foods (5/s) | I:352293 U:0 S:885204 P:0 E:3 | fdc:1902622 ckpt:1902622
   ⚠️  UPC collision detected, falling back to row-level processing...
   📊 1,238,000 foods (5/s) | I:352293 U:0 S:885704 P:0 E:3 | fdc:1903122 ckpt:1903122
   ⚠️  UPC collision detected, falling back to row-level processing...
   📊 1,238,500 foods (5/s) | I:352293 U:0 S:886204 P:0 E:3 | fdc:1903622 ckpt:1903622
   ⚠️  UPC collision detected, falling back to row-level processing...
   📊 1,239,000 foods (5/s) | I:352293 U:0 S:886704 P:0 E:3 | fdc:1904124 ckpt:1904124
   ⚠️  UPC collision detected, falling back to row-level processing...
   📊 1,239,500 foods (5/s) | I:352293 U:0 S:887204 P:0 E:3 | fdc:1904628 ckpt:1904628
   ⚠️  UPC collision detected, falling back to row-level processing...
   📊 1,240,000 foods (5/s) | I:352293 U:0 S:887704 P:0 E:3 | fdc:1905141 ckpt:1905141
   ⚠️  UPC collision detected, falling back to row-level processing...
   📊 1,240,500 foods (5/s) | I:352293 U:0 S:888204 P:0 E:3 | fdc:1905641 ckpt:1905641
   ⚠️  UPC collision detected, falling back to row-level processing...
   📊 1,241,000 foods (5/s) | I:352293 U:0 S:888704 P:0 E:3 | fdc:1906141 ckpt:1906141
   ⚠️  UPC collision detected, falling back to row-level processing...
   📊 1,241,500 foods (5/s) | I:352293 U:0 S:889204 P:0 E:3 | fdc:1906684 ckpt:1906684
   ⚠️  UPC collision detected, falling back to row-level processing...
   📊 1,242,000 foods (5/s) | I:352293 U:0 S:889704 P:0 E:3 | fdc:1907185 ckpt:1907185
   ⚠️  UPC collision detected, falling back to row-level processing...
   📊 1,242,500 foods (5/s) | I:352293 U:0 S:890204 P:0 E:3 | fdc:1907692 ckpt:1907692
   ⚠️  UPC collision detected, falling back to row-level processing...
   📊 1,243,000 foods (5/s) | I:352293 U:0 S:890704 P:0 E:3 | fdc:1908200 ckpt:1908200
   ⚠️  UPC collision detected, falling back to row-level processing...
   📊 1,243,500 foods (5/s) | I:352293 U:0 S:891204 P:0 E:3 | fdc:1908709 ckpt:1908709
   ⚠️  UPC collision detected, falling back to row-level processing...
   📊 1,244,000 foods (5/s) | I:352293 U:0 S:891704 P:0 E:3 | fdc:1909230 ckpt:1909230
   ⚠️  UPC collision detected, falling back to row-level processing...
   📊 1,244,500 foods (5/s) | I:352293 U:0 S:892204 P:0 E:3 | fdc:1909735 ckpt:1909735
   ⚠️  Transient error (attempt 1/6): TypeError: fetch failed
   ⏳ Retrying in 1s...
   ⚠️  UPC collision detected, falling back to row-level processing...
   📊 1,245,000 foods (5/s) | I:352293 U:0 S:892704 P:0 E:3 | fdc:1910240 ckpt:1910240
   ⚠️  UPC collision detected, falling back to row-level processing...
   📊 1,245,500 foods (5/s) | I:352294 U:0 S:893203 P:0 E:3 | fdc:1910745 ckpt:1910745
   ⚠️  UPC collision detected, falling back to row-level processing...
   📊 1,246,000 foods (5/s) | I:352294 U:0 S:893703 P:0 E:3 | fdc:1911251 ckpt:1911251
   ⚠️  UPC collision detected, falling back to row-level processing...
   📊 1,246,500 foods (5/s) | I:352294 U:0 S:894203 P:0 E:3 | fdc:1911778 ckpt:1911778
   ⚠️  UPC collision detected, falling back to row-level processing...
   📊 1,247,000 foods (5/s) | I:352294 U:0 S:894703 P:0 E:3 | fdc:1912329 ckpt:1912329
   ⚠️  UPC collision detected, falling back to row-level processing...
   📊 1,247,500 foods (5/s) | I:352294 U:0 S:895203 P:0 E:3 | fdc:1912850 ckpt:1912850
   ⚠️  UPC collision detected, falling back to row-level processing...
   📊 1,248,000 foods (5/s) | I:352294 U:0 S:895703 P:0 E:3 | fdc:1913359 ckpt:1913359
   ⚠️  UPC collision detected, falling back to row-level processing...
   📊 1,248,500 foods (5/s) | I:352294 U:0 S:896203 P:0 E:3 | fdc:1913863 ckpt:1913863
   ⚠️  UPC collision detected, falling back to row-level processing...
   📊 1,249,000 foods (5/s) | I:352294 U:0 S:896703 P:0 E:3 | fdc:1914375 ckpt:1914375
   ⚠️  UPC collision detected, falling back to row-level processing...
   📊 1,249,500 foods (5/s) | I:352294 U:0 S:897203 P:0 E:3 | fdc:1914890 ckpt:1914890
   ⚠️  UPC collision detected, falling back to row-level processing...
   📊 1,250,000 foods (5/s) | I:352294 U:0 S:897703 P:0 E:3 | fdc:1915404 ckpt:1915404
   ⚠️  UPC collision detected, falling back to row-level processing...
   📊 1,250,500 foods (5/s) | I:352294 U:0 S:898203 P:0 E:3 | fdc:1915908 ckpt:1915908
   ⚠️  UPC collision detected, falling back to row-level processing...
   📊 1,251,000 foods (5/s) | I:352294 U:0 S:898703 P:0 E:3 | fdc:1916433 ckpt:1916433
   ⚠️  UPC collision detected, falling back to row-level processing...
   📊 1,251,500 foods (5/s) | I:352294 U:0 S:899203 P:0 E:3 | fdc:1916935 ckpt:1916935
   ⚠️  UPC collision detected, falling back to row-level processing...
   📊 1,252,000 foods (5/s) | I:352294 U:0 S:899703 P:0 E:3 | fdc:1917438 ckpt:1917438
   ⚠️  UPC collision detected, falling back to row-level processing...
   📊 1,252,500 foods (5/s) | I:352294 U:0 S:900203 P:0 E:3 | fdc:1917938 ckpt:1917938
   ⚠️  UPC collision detected, falling back to row-level processing...
   📊 1,253,000 foods (5/s) | I:352294 U:0 S:900703 P:0 E:3 | fdc:1918439 ckpt:1918439
   ⚠️  UPC collision detected, falling back to row-level processing...
   📊 1,253,500 foods (5/s) | I:352294 U:0 S:901203 P:0 E:3 | fdc:1918975 ckpt:1918975
   ⚠️  UPC collision detected, falling back to row-level processing...
   📊 1,254,000 foods (5/s) | I:352294 U:0 S:901703 P:0 E:3 | fdc:1919479 ckpt:1919479
   ⚠️  UPC collision detected, falling back to row-level processing...
   📊 1,254,500 foods (5/s) | I:352294 U:0 S:902203 P:0 E:3 | fdc:1919984 ckpt:1919984
   ⚠️  UPC collision detected, falling back to row-level processing...
   📊 1,255,000 foods (5/s) | I:352294 U:0 S:902703 P:0 E:3 | fdc:1920500 ckpt:1920500
   ⚠️  UPC collision detected, falling back to row-level processing...
   📊 1,255,500 foods (5/s) | I:352294 U:0 S:903203 P:0 E:3 | fdc:1921005 ckpt:1921005
   ⚠️  UPC collision detected, falling back to row-level processing...
   📊 1,256,000 foods (5/s) | I:352294 U:0 S:903703 P:0 E:3 | fdc:1921515 ckpt:1921515
   ⚠️  UPC collision detected, falling back to row-level processing...
   📊 1,256,500 foods (5/s) | I:352294 U:0 S:904203 P:0 E:3 | fdc:1922027 ckpt:1922027
   ⚠️  UPC collision detected, falling back to row-level processing...
   📊 1,257,000 foods (5/s) | I:352294 U:0 S:904703 P:0 E:3 | fdc:1922539 ckpt:1922539
   ⚠️  UPC collision detected, falling back to row-level processing...
   📊 1,257,500 foods (5/s) | I:352294 U:0 S:905203 P:0 E:3 | fdc:1923049 ckpt:1923049
   ⚠️  UPC collision detected, falling back to row-level processing...
   📊 1,258,000 foods (5/s) | I:352294 U:0 S:905703 P:0 E:3 | fdc:1923560 ckpt:1923560
   ⚠️  UPC collision detected, falling back to row-level processing...
   📊 1,258,500 foods (5/s) | I:352294 U:0 S:906203 P:0 E:3 | fdc:1924067 ckpt:1924067
   ⚠️  UPC collision detected, falling back to row-level processing...
   📊 1,259,000 foods (5/s) | I:352294 U:0 S:906703 P:0 E:3 | fdc:1924581 ckpt:1924581
   ⚠️  UPC collision detected, falling back to row-level processing...
   📊 1,259,500 foods (5/s) | I:352294 U:0 S:907203 P:0 E:3 | fdc:1925085 ckpt:1925085
   ⚠️  UPC collision detected, falling back to row-level processing...
   📊 1,260,000 foods (5/s) | I:352294 U:0 S:907703 P:0 E:3 | fdc:1925587 ckpt:1925587
   ⚠️  UPC collision detected, falling back to row-level processing...
   📊 1,260,500 foods (5/s) | I:352294 U:0 S:908203 P:0 E:3 | fdc:1926094 ckpt:1926094
   ⚠️  UPC collision detected, falling back to row-level processing...
   📊 1,261,000 foods (5/s) | I:352294 U:0 S:908703 P:0 E:3 | fdc:1926597 ckpt:1926597
   ⚠️  UPC collision detected, falling back to row-level processing...
   📊 1,261,500 foods (5/s) | I:352294 U:0 S:909203 P:0 E:3 | fdc:1927168 ckpt:1927168
   ⚠️  UPC collision detected, falling back to row-level processing...
   📊 1,262,000 foods (5/s) | I:352294 U:0 S:909703 P:0 E:3 | fdc:1927802 ckpt:1927802
   ⚠️  UPC collision detected, falling back to row-level processing...
   📊 1,262,500 foods (5/s) | I:352294 U:0 S:910203 P:0 E:3 | fdc:1928321 ckpt:1928321
   ⚠️  UPC collision detected, falling back to row-level processing...
   📊 1,263,000 foods (5/s) | I:352294 U:0 S:910703 P:0 E:3 | fdc:1928870 ckpt:1928870
   ⚠️  UPC collision detected, falling back to row-level processing...
   📊 1,263,500 foods (5/s) | I:352294 U:0 S:911203 P:0 E:3 | fdc:1929444 ckpt:1929444
   ⚠️  UPC collision detected, falling back to row-level processing...
   📊 1,264,000 foods (5/s) | I:352294 U:0 S:911703 P:0 E:3 | fdc:1929951 ckpt:1929951
   ⚠️  UPC collision detected, falling back to row-level processing...
   📊 1,264,500 foods (5/s) | I:352294 U:0 S:912203 P:0 E:3 | fdc:1930456 ckpt:1930456
   ⚠️  UPC collision detected, falling back to row-level processing...
   📊 1,265,000 foods (5/s) | I:352294 U:0 S:912703 P:0 E:3 | fdc:1930960 ckpt:1930960
   ⚠️  UPC collision detected, falling back to row-level processing...
   📊 1,265,500 foods (5/s) | I:352294 U:0 S:913203 P:0 E:3 | fdc:1931466 ckpt:1931466
   ⚠️  UPC collision detected, falling back to row-level processing...
   📊 1,266,000 foods (5/s) | I:352294 U:0 S:913703 P:0 E:3 | fdc:1931972 ckpt:1931972
   ⚠️  UPC collision detected, falling back to row-level processing...
   📊 1,266,500 foods (5/s) | I:352294 U:0 S:914203 P:0 E:3 | fdc:1932475 ckpt:1932475
   ⚠️  UPC collision detected, falling back to row-level processing...
   📊 1,267,000 foods (5/s) | I:352294 U:0 S:914703 P:0 E:3 | fdc:1932976 ckpt:1932976
   ⚠️  UPC collision detected, falling back to row-level processing...
   📊 1,267,500 foods (5/s) | I:352294 U:0 S:915203 P:0 E:3 | fdc:1933477 ckpt:1933477
   ⚠️  UPC collision detected, falling back to row-level processing...
   📊 1,268,000 foods (5/s) | I:352294 U:0 S:915703 P:0 E:3 | fdc:1933981 ckpt:1933981
   ⚠️  UPC collision detected, falling back to row-level processing...
   📊 1,268,500 foods (5/s) | I:352294 U:0 S:916203 P:0 E:3 | fdc:1934485 ckpt:1934485
   ⚠️  UPC collision detected, falling back to row-level processing...
   📊 1,269,000 foods (5/s) | I:352294 U:0 S:916703 P:0 E:3 | fdc:1934987 ckpt:1934987
   ⚠️  UPC collision detected, falling back to row-level processing...
   📊 1,269,500 foods (5/s) | I:352294 U:0 S:917203 P:0 E:3 | fdc:1935706 ckpt:1935706
   ⚠️  UPC collision detected, falling back to row-level processing...
   📊 1,270,000 foods (5/s) | I:352294 U:0 S:917703 P:0 E:3 | fdc:1936344 ckpt:1936344
   ⚠️  UPC collision detected, falling back to row-level processing...
   📊 1,270,500 foods (5/s) | I:352294 U:0 S:918203 P:0 E:3 | fdc:1936849 ckpt:1936849
   ⚠️  UPC collision detected, falling back to row-level processing...
   📊 1,271,000 foods (5/s) | I:352294 U:0 S:918703 P:0 E:3 | fdc:1937374 ckpt:1937374
   ⚠️  UPC collision detected, falling back to row-level processing...
   📊 1,271,500 foods (5/s) | I:352294 U:0 S:919203 P:0 E:3 | fdc:1937876 ckpt:1937876
   ⚠️  UPC collision detected, falling back to row-level processing...
   📊 1,272,000 foods (5/s) | I:352294 U:0 S:919703 P:0 E:3 | fdc:1938378 ckpt:1938378
   ⚠️  UPC collision detected, falling back to row-level processing...
   📊 1,272,500 foods (5/s) | I:352294 U:0 S:920203 P:0 E:3 | fdc:1938883 ckpt:1938883
   ⚠️  UPC collision detected, falling back to row-level processing...
   📊 1,273,000 foods (5/s) | I:352294 U:0 S:920703 P:0 E:3 | fdc:1939386 ckpt:1939386
   ⚠️  UPC collision detected, falling back to row-level processing...
   📊 1,273,500 foods (5/s) | I:352294 U:0 S:921203 P:0 E:3 | fdc:1939891 ckpt:1939891
   ⚠️  UPC collision detected, falling back to row-level processing...
   📊 1,274,000 foods (5/s) | I:352294 U:0 S:921703 P:0 E:3 | fdc:1940393 ckpt:1940393
   ⚠️  UPC collision detected, falling back to row-level processing...
   📊 1,274,500 foods (5/s) | I:352294 U:0 S:922203 P:0 E:3 | fdc:1940897 ckpt:1940897
   ⚠️  UPC collision detected, falling back to row-level processing...
   ⚠️  Transient error (attempt 1/6): <!DOCTYPE html>
<!--[if lt IE 7]> <html class="no-js ie6 oldie" lang="en-US"> <![endif]-->
<!--[if IE 7]>    <html class="no-js ie7 oldie" lang="en-US"> <![endif]-->
<!--[if IE 8]>    <html class="no-js ie8 oldie" lang="en-US"> <![endif]-->
<!--[if gt IE 8]><!--> <html class="no-js" lang="en-US"> <!--<![endif]-->
<head>

<title> | 500: Internal server error</title>
<meta charset="UTF-8" />
<meta http-equiv="Content-Type" content="text/html; charset=UTF-8" />
<meta http-equiv="X-UA-Compatible" content="IE=Edge" />
<meta name="robots" content="noindex, nofollow" />
<meta name="viewport" content="width=device-width,initial-scale=1" />
<link rel="stylesheet" id="cf_styles-css" href="/cdn-cgi/styles/main.css" />
</head>
<body>
<div id="cf-wrapper">
    <div id="cf-error-details" class="p-0">
        <header class="mx-auto pt-10 lg:pt-6 lg:px-8 w-240 lg:w-full mb-8">
            <h1 class="inline-block sm:block sm:mb-2 font-light text-60 lg:text-4xl text-black-dark leading-tight mr-2">
                <span class="inline-block">Internal server error</span>
                <span class="code-label">Error code 500</span>
            </h1>
            <div>
                Visit <a href="https://www.cloudflare.com/5xx-error-landing?utm_source=errorcode_500&utm_campaign=tssvlflebugqhtogqdfs.supabase.co" target="_blank" rel="noopener noreferrer">cloudflare.com</a> for more information.
            </div>
            <div class="mt-3">2026-02-16 02:21:52 UTC</div>
        </header>
        <div class="my-8 bg-gradient-gray">
            <div class="w-240 lg:w-full mx-auto">
                <div class="clearfix md:px-8">
                    <div id="cf-browser-status" class=" relative w-1/3 md:w-full py-15 md:p-0 md:py-8 md:text-left md:border-solid md:border-0 md:border-b md:border-gray-400 overflow-hidden float-left md:float-none text-center">
  <div class="relative mb-10 md:m-0">
    
    <span class="cf-icon-browser block md:hidden h-20 bg-center bg-no-repeat"></span>
    <span class="cf-icon-ok w-12 h-12 absolute left-1/2 md:left-auto md:right-0 md:top-0 -ml-6 -bottom-4"></span>
    
  </div>
  <span class="md:block w-full truncate">You</span>
  <h3 class="md:inline-block mt-3 md:mt-0 text-2xl text-gray-600 font-light leading-1.3">
  
    Browser
  
  </h3>
  
  <span class="leading-1.3 text-2xl text-green-success">Working</span>
  
</div>
                    <div id="cf-cloudflare-status" class="cf-error-source relative w-1/3 md:w-full py-15 md:p-0 md:py-8 md:text-left md:border-solid md:border-0 md:border-b md:border-gray-400 overflow-hidden float-left md:float-none text-center">
  <div class="relative mb-10 md:m-0">
    <a href="https://www.cloudflare.com/5xx-error-landing?utm_source=errorcode_500&#38;utm_campaign=tssvlflebugqhtogqdfs.supabase.co" target="_blank" rel="noopener noreferrer">
    <span class="cf-icon-cloud block md:hidden h-20 bg-center bg-no-repeat"></span>
    <span class="cf-icon-error w-12 h-12 absolute left-1/2 md:left-auto md:right-0 md:top-0 -ml-6 -bottom-4"></span>
    </a>
  </div>
  <span class="md:block w-full truncate">Kansas City</span>
  <h3 class="md:inline-block mt-3 md:mt-0 text-2xl text-gray-600 font-light leading-1.3">
  <a href="https://www.cloudflare.com/5xx-error-landing?utm_source=errorcode_500&utm_campaign=tssvlflebugqhtogqdfs.supabase.co" target="_blank" rel="noopener noreferrer">
    Cloudflare
  </a>
  </h3>
  
  <span class="leading-1.3 text-2xl text-red-error">Error</span>
  
</div>
                    <div id="cf-host-status" class=" relative w-1/3 md:w-full py-15 md:p-0 md:py-8 md:text-left md:border-solid md:border-0 md:border-b md:border-gray-400 overflow-hidden float-left md:float-none text-center">
  <div class="relative mb-10 md:m-0">
    
    <span class="cf-icon-server block md:hidden h-20 bg-center bg-no-repeat"></span>
    <span class="cf-icon-ok w-12 h-12 absolute left-1/2 md:left-auto md:right-0 md:top-0 -ml-6 -bottom-4"></span>
    
  </div>
  <span class="md:block w-full truncate">tssvlflebugqhtogqdfs.supabase.co</span>
  <h3 class="md:inline-block mt-3 md:mt-0 text-2xl text-gray-600 font-light leading-1.3">
  
    Host
  
  </h3>
  
  <span class="leading-1.3 text-2xl text-green-success">Working</span>
  
</div>
                </div>
            </div>
        </div>

        <div class="w-240 lg:w-full mx-auto mb-8 lg:px-8">
            <div class="clearfix">
                <div class="w-1/2 md:w-full float-left pr-6 md:pb-10 md:pr-0 leading-relaxed">
                    <h2 class="text-3xl font-normal leading-1.3 mb-4">What happened?</h2>
                    <p>There is an internal server error on Cloudflare's network.</p>
                </div>
                <div class="w-1/2 md:w-full float-left leading-relaxed">
                    <h2 class="text-3xl font-normal leading-1.3 mb-4">What can I do?</h2>
                    <p class="mb-6">Please try again in a few minutes.</p>
                </div>
            </div>
        </div>

        <div class="cf-error-footer cf-wrapper w-240 lg:w-full py-10 sm:py-4 sm:px-8 mx-auto text-center sm:text-left border-solid border-0 border-t border-gray-300">
    <p class="text-13">
      <span class="cf-footer-item sm:block sm:mb-1">Cloudflare Ray ID: <strong class="font-semibold">9ce992f1fb82ae28</strong></span>
      <span class="cf-footer-separator sm:hidden">&bull;</span>
      <span id="cf-footer-item-ip" class="cf-footer-item hidden sm:block sm:mb-1">
        Your IP:
        <button type="button" id="cf-footer-ip-reveal" class="cf-footer-ip-reveal-btn">Click to reveal</button>
        <span class="hidden" id="cf-footer-ip">68.13.243.86</span>
        <span class="cf-footer-separator sm:hidden">&bull;</span>
      </span>
      <span class="cf-footer-item sm:block sm:mb-1"><span>Performance &amp; security by</span> <a rel="noopener noreferrer" href="https://www.cloudflare.com/5xx-error-landing?utm_source=errorcode_500&#38;utm_campaign=tssvlflebugqhtogqdfs.supabase.co" id="brand_link" target="_blank">Cloudflare</a></span>
      
    </p>
    <script>(function(){function d(){var b=a.getElementById("cf-footer-item-ip"),c=a.getElementById("cf-footer-ip-reveal");b&&"classList"in b&&(b.classList.remove("hidden"),c.addEventListener("click",function(){c.classList.add("hidden");a.getElementById("cf-footer-ip").classList.remove("hidden")}))}var a=document;document.addEventListener&&a.addEventListener("DOMContentLoaded",d)})();</script>
  </div><!-- /.error-footer -->

    </div>
</div>
</body>
</html>
   ⏳ Retrying in 1s...
   📊 1,275,000 foods (5/s) | I:352294 U:0 S:922703 P:0 E:3 | fdc:1941398 ckpt:1941398
   ⚠️  UPC collision detected, falling back to row-level processing...
   📊 1,275,500 foods (5/s) | I:352294 U:0 S:923203 P:0 E:3 | fdc:1941900 ckpt:1941900
   ⚠️  UPC collision detected, falling back to row-level processing...
   📊 1,276,000 foods (5/s) | I:352294 U:0 S:923703 P:0 E:3 | fdc:1942406 ckpt:1942406
   ⚠️  UPC collision detected, falling back to row-level processing...
   📊 1,276,500 foods (5/s) | I:352294 U:0 S:924203 P:0 E:3 | fdc:1942912 ckpt:1942912
   ⚠️  UPC collision detected, falling back to row-level processing...
   📊 1,277,000 foods (5/s) | I:352294 U:0 S:924703 P:0 E:3 | fdc:1943416 ckpt:1943416
   ⚠️  UPC collision detected, falling back to row-level processing...
   📊 1,277,500 foods (5/s) | I:352294 U:0 S:925203 P:0 E:3 | fdc:1943919 ckpt:1943919
   ⚠️  UPC collision detected, falling back to row-level processing...
   📊 1,278,000 foods (5/s) | I:352294 U:0 S:925703 P:0 E:3 | fdc:1944429 ckpt:1944429
   ⚠️  UPC collision detected, falling back to row-level processing...
   📊 1,278,500 foods (5/s) | I:352294 U:0 S:926203 P:0 E:3 | fdc:1944939 ckpt:1944939
   ⚠️  UPC collision detected, falling back to row-level processing...
   📊 1,279,000 foods (5/s) | I:352294 U:0 S:926703 P:0 E:3 | fdc:1945452 ckpt:1945452
   ⚠️  UPC collision detected, falling back to row-level processing...
   📊 1,279,500 foods (5/s) | I:352294 U:0 S:927203 P:0 E:3 | fdc:1945965 ckpt:1945965
   ⚠️  UPC collision detected, falling back to row-level processing...
   📊 1,280,000 foods (5/s) | I:352294 U:0 S:927703 P:0 E:3 | fdc:1946470 ckpt:1946470
   ⚠️  UPC collision detected, falling back to row-level processing...
   📊 1,280,500 foods (5/s) | I:352294 U:0 S:928203 P:0 E:3 | fdc:1946975 ckpt:1946975
   ⚠️  UPC collision detected, falling back to row-level processing...
   📊 1,281,000 foods (5/s) | I:352294 U:0 S:928703 P:0 E:3 | fdc:1947504 ckpt:1947504
   ⚠️  UPC collision detected, falling back to row-level processing...
   📊 1,281,500 foods (5/s) | I:352294 U:0 S:929203 P:0 E:3 | fdc:1948079 ckpt:1948079
   ⚠️  UPC collision detected, falling back to row-level processing...
   📊 1,282,000 foods (5/s) | I:352294 U:0 S:929703 P:0 E:3 | fdc:1948618 ckpt:1948618
   ⚠️  UPC collision detected, falling back to row-level processing...
   📊 1,282,500 foods (5/s) | I:352294 U:0 S:930203 P:0 E:3 | fdc:1949125 ckpt:1949125
   ⚠️  UPC collision detected, falling back to row-level processing...
   📊 1,283,000 foods (5/s) | I:352294 U:0 S:930703 P:0 E:3 | fdc:1949633 ckpt:1949633
   ⚠️  UPC collision detected, falling back to row-level processing...
   📊 1,283,500 foods (5/s) | I:352294 U:0 S:931203 P:0 E:3 | fdc:1950149 ckpt:1950149
   ⚠️  UPC collision detected, falling back to row-level processing...
   📊 1,284,000 foods (5/s) | I:352294 U:0 S:931703 P:0 E:3 | fdc:1950664 ckpt:1950664
   ⚠️  UPC collision detected, falling back to row-level processing...
   📊 1,284,500 foods (5/s) | I:352294 U:0 S:932203 P:0 E:3 | fdc:1951183 ckpt:1951183
   ⚠️  UPC collision detected, falling back to row-level processing...
   📊 1,285,000 foods (5/s) | I:352294 U:0 S:932703 P:0 E:3 | fdc:1951704 ckpt:1951704
   ⚠️  UPC collision detected, falling back to row-level processing...
   📊 1,285,500 foods (5/s) | I:352294 U:0 S:933203 P:0 E:3 | fdc:1952225 ckpt:1952225
   ⚠️  UPC collision detected, falling back to row-level processing...
   📊 1,286,000 foods (5/s) | I:352294 U:0 S:933703 P:0 E:3 | fdc:1952746 ckpt:1952746
   ⚠️  UPC collision detected, falling back to row-level processing...
   📊 1,286,500 foods (5/s) | I:352294 U:0 S:934203 P:0 E:3 | fdc:1953261 ckpt:1953261
   ⚠️  UPC collision detected, falling back to row-level processing...
   📊 1,287,000 foods (5/s) | I:352294 U:0 S:934703 P:0 E:3 | fdc:1953775 ckpt:1953775
   ⚠️  UPC collision detected, falling back to row-level processing...
   📊 1,287,500 foods (5/s) | I:352294 U:0 S:935203 P:0 E:3 | fdc:1954289 ckpt:1954289
   ⚠️  UPC collision detected, falling back to row-level processing...
   📊 1,288,000 foods (5/s) | I:352294 U:0 S:935703 P:0 E:3 | fdc:1954800 ckpt:1954800
   ⚠️  UPC collision detected, falling back to row-level processing...
   📊 1,288,500 foods (5/s) | I:352294 U:0 S:936203 P:0 E:3 | fdc:1955330 ckpt:1955330
   ⚠️  UPC collision detected, falling back to row-level processing...
   📊 1,289,000 foods (5/s) | I:352294 U:0 S:936703 P:0 E:3 | fdc:1955846 ckpt:1955846
   ⚠️  UPC collision detected, falling back to row-level processing...
   📊 1,289,500 foods (5/s) | I:352294 U:0 S:937203 P:0 E:3 | fdc:1956353 ckpt:1956353
   ⚠️  UPC collision detected, falling back to row-level processing...
   📊 1,290,000 foods (5/s) | I:352294 U:0 S:937703 P:0 E:3 | fdc:1956862 ckpt:1956862
   ⚠️  UPC collision detected, falling back to row-level processing...
   📊 1,290,500 foods (5/s) | I:352294 U:0 S:938203 P:0 E:3 | fdc:1957379 ckpt:1957379
   ⚠️  UPC collision detected, falling back to row-level processing...
   📊 1,291,000 foods (5/s) | I:352294 U:0 S:938703 P:0 E:3 | fdc:1957886 ckpt:1957886
   ⚠️  UPC collision detected, falling back to row-level processing...
   📊 1,291,500 foods (5/s) | I:352294 U:0 S:939203 P:0 E:3 | fdc:1958386 ckpt:1958386
   ⚠️  UPC collision detected, falling back to row-level processing...
   📊 1,292,000 foods (5/s) | I:352294 U:0 S:939703 P:0 E:3 | fdc:1958917 ckpt:1958917
   ⚠️  UPC collision detected, falling back to row-level processing...
   📊 1,292,500 foods (5/s) | I:352294 U:0 S:940203 P:0 E:3 | fdc:1959430 ckpt:1959430
   ⚠️  UPC collision detected, falling back to row-level processing...
   📊 1,293,000 foods (5/s) | I:352294 U:0 S:940703 P:0 E:3 | fdc:1959935 ckpt:1959935
   ⚠️  UPC collision detected, falling back to row-level processing...
   📊 1,293,500 foods (5/s) | I:352294 U:0 S:941203 P:0 E:3 | fdc:1960452 ckpt:1960452
   ⚠️  UPC collision detected, falling back to row-level processing...
   📊 1,294,000 foods (5/s) | I:352294 U:0 S:941703 P:0 E:3 | fdc:1960960 ckpt:1960960
   ⚠️  UPC collision detected, falling back to row-level processing...
   📊 1,294,500 foods (5/s) | I:352294 U:0 S:942203 P:0 E:3 | fdc:1961464 ckpt:1961464
   ⚠️  UPC collision detected, falling back to row-level processing...
   📊 1,295,000 foods (5/s) | I:352294 U:0 S:942703 P:0 E:3 | fdc:1961984 ckpt:1961984
   ⚠️  UPC collision detected, falling back to row-level processing...
   📊 1,295,500 foods (5/s) | I:352294 U:0 S:943203 P:0 E:3 | fdc:1962489 ckpt:1962489
   ⚠️  UPC collision detected, falling back to row-level processing...
   📊 1,296,000 foods (5/s) | I:352294 U:0 S:943703 P:0 E:3 | fdc:1962997 ckpt:1962997
   ⚠️  UPC collision detected, falling back to row-level processing...
   📊 1,296,500 foods (5/s) | I:352294 U:0 S:944203 P:0 E:3 | fdc:1963504 ckpt:1963504
   ⚠️  UPC collision detected, falling back to row-level processing...
   📊 1,297,000 foods (5/s) | I:352294 U:0 S:944703 P:0 E:3 | fdc:1964023 ckpt:1964023
   ⚠️  UPC collision detected, falling back to row-level processing...
   📊 1,297,500 foods (5/s) | I:352294 U:0 S:945203 P:0 E:3 | fdc:1964538 ckpt:1964538
   ⚠️  UPC collision detected, falling back to row-level processing...
   📊 1,298,000 foods (5/s) | I:352294 U:0 S:945703 P:0 E:3 | fdc:1965056 ckpt:1965056
   ⚠️  UPC collision detected, falling back to row-level processing...
   📊 1,298,500 foods (5/s) | I:352294 U:0 S:946203 P:0 E:3 | fdc:1965573 ckpt:1965573
   ⚠️  UPC collision detected, falling back to row-level processing...
   📊 1,299,000 foods (5/s) | I:352294 U:0 S:946703 P:0 E:3 | fdc:1966079 ckpt:1966079
   ⚠️  UPC collision detected, falling back to row-level processing...
   📊 1,299,500 foods (5/s) | I:352294 U:0 S:947203 P:0 E:3 | fdc:1966587 ckpt:1966587
   ⚠️  UPC collision detected, falling back to row-level processing...
   📊 1,300,000 foods (5/s) | I:352294 U:0 S:947703 P:0 E:3 | fdc:1967100 ckpt:1967100
   ⚠️  UPC collision detected, falling back to row-level processing...
   📊 1,300,500 foods (5/s) | I:352294 U:0 S:948203 P:0 E:3 | fdc:1967614 ckpt:1967614
   ⚠️  UPC collision detected, falling back to row-level processing...
   📊 1,301,000 foods (5/s) | I:352294 U:0 S:948703 P:0 E:3 | fdc:1968128 ckpt:1968128
   ⚠️  UPC collision detected, falling back to row-level processing...
   📊 1,301,500 foods (5/s) | I:352294 U:0 S:949203 P:0 E:3 | fdc:1968635 ckpt:1968635
   ⚠️  UPC collision detected, falling back to row-level processing...
   📊 1,302,000 foods (5/s) | I:352294 U:0 S:949703 P:0 E:3 | fdc:1969168 ckpt:1969168
   ⚠️  UPC collision detected, falling back to row-level processing...
   📊 1,302,500 foods (5/s) | I:352294 U:0 S:950203 P:0 E:3 | fdc:1969686 ckpt:1969686
   ⚠️  UPC collision detected, falling back to row-level processing...
   📊 1,303,000 foods (5/s) | I:352294 U:0 S:950703 P:0 E:3 | fdc:1970201 ckpt:1970201
   ⚠️  UPC collision detected, falling back to row-level processing...
   📊 1,303,500 foods (5/s) | I:352294 U:0 S:951203 P:0 E:3 | fdc:1970769 ckpt:1970769
   ⚠️  UPC collision detected, falling back to row-level processing...
   📊 1,304,000 foods (5/s) | I:352294 U:0 S:951703 P:0 E:3 | fdc:1971281 ckpt:1971281
   ⚠️  UPC collision detected, falling back to row-level processing...
   📊 1,304,500 foods (5/s) | I:352294 U:0 S:952203 P:0 E:3 | fdc:1971795 ckpt:1971795
   ⚠️  UPC collision detected, falling back to row-level processing...
   📊 1,305,000 foods (5/s) | I:352294 U:0 S:952703 P:0 E:3 | fdc:1972300 ckpt:1972300
   ⚠️  UPC collision detected, falling back to row-level processing...
   📊 1,305,500 foods (5/s) | I:352294 U:0 S:953203 P:0 E:3 | fdc:1972813 ckpt:1972813
   ⚠️  Transient error (attempt 1/6): TypeError: fetch failed
   ⏳ Retrying in 1s...
   ⚠️  UPC collision detected, falling back to row-level processing...
   📊 1,306,000 foods (5/s) | I:352294 U:0 S:953703 P:0 E:3 | fdc:1973381 ckpt:1973381
   ⚠️  UPC collision detected, falling back to row-level processing...
   📊 1,306,500 foods (5/s) | I:352294 U:0 S:954203 P:0 E:3 | fdc:1973896 ckpt:1973896
   ⚠️  UPC collision detected, falling back to row-level processing...
   📊 1,307,000 foods (5/s) | I:352294 U:0 S:954703 P:0 E:3 | fdc:1974401 ckpt:1974401
   ⚠️  UPC collision detected, falling back to row-level processing...
   📊 1,307,500 foods (5/s) | I:352294 U:0 S:955203 P:0 E:3 | fdc:1974908 ckpt:1974908
   ⚠️  UPC collision detected, falling back to row-level processing...
   📊 1,308,000 foods (5/s) | I:352294 U:0 S:955703 P:0 E:3 | fdc:1975496 ckpt:1975496
   ⚠️  UPC collision detected, falling back to row-level processing...
   📊 1,308,500 foods (5/s) | I:352294 U:0 S:956203 P:0 E:3 | fdc:1976085 ckpt:1976085
   ⚠️  UPC collision detected, falling back to row-level processing...
   📊 1,309,000 foods (5/s) | I:352294 U:0 S:956703 P:0 E:3 | fdc:1976586 ckpt:1976586
   ⚠️  UPC collision detected, falling back to row-level processing...
   📊 1,309,500 foods (5/s) | I:352294 U:0 S:957203 P:0 E:3 | fdc:1977089 ckpt:1977089
   ⚠️  UPC collision detected, falling back to row-level processing...
   📊 1,310,000 foods (5/s) | I:352294 U:0 S:957703 P:0 E:3 | fdc:1977593 ckpt:1977593
   ⚠️  UPC collision detected, falling back to row-level processing...
   📊 1,310,500 foods (5/s) | I:352294 U:0 S:958203 P:0 E:3 | fdc:1978103 ckpt:1978103
   ⚠️  UPC collision detected, falling back to row-level processing...
   📊 1,311,000 foods (5/s) | I:352294 U:0 S:958703 P:0 E:3 | fdc:1978605 ckpt:1978605
   ⚠️  UPC collision detected, falling back to row-level processing...
   📊 1,311,500 foods (5/s) | I:352294 U:0 S:959203 P:0 E:3 | fdc:1979109 ckpt:1979109
   ⚠️  UPC collision detected, falling back to row-level processing...
   📊 1,312,000 foods (5/s) | I:352294 U:0 S:959703 P:0 E:3 | fdc:1979611 ckpt:1979611
   ⚠️  UPC collision detected, falling back to row-level processing...
   📊 1,312,500 foods (5/s) | I:352295 U:0 S:960202 P:0 E:3 | fdc:1980115 ckpt:1980115
   ⚠️  UPC collision detected, falling back to row-level processing...
   📊 1,313,000 foods (5/s) | I:352295 U:0 S:960702 P:0 E:3 | fdc:1980616 ckpt:1980616
   ⚠️  UPC collision detected, falling back to row-level processing...
   📊 1,313,500 foods (5/s) | I:352295 U:0 S:961202 P:0 E:3 | fdc:1981117 ckpt:1981117
   ⚠️  UPC collision detected, falling back to row-level processing...
   📊 1,314,000 foods (5/s) | I:352295 U:0 S:961702 P:0 E:3 | fdc:1981620 ckpt:1981620
   ⚠️  UPC collision detected, falling back to row-level processing...
   📊 1,314,500 foods (5/s) | I:352295 U:0 S:962202 P:0 E:3 | fdc:1982125 ckpt:1982125
   ⚠️  UPC collision detected, falling back to row-level processing...
   📊 1,315,000 foods (5/s) | I:352295 U:0 S:962702 P:0 E:3 | fdc:1982630 ckpt:1982630
   ⚠️  UPC collision detected, falling back to row-level processing...
   📊 1,315,500 foods (5/s) | I:352297 U:0 S:963200 P:0 E:3 | fdc:1983161 ckpt:1983161
   ⚠️  UPC collision detected, falling back to row-level processing...
   📊 1,316,000 foods (5/s) | I:352298 U:0 S:963699 P:0 E:3 | fdc:1983668 ckpt:1983668
   ⚠️  UPC collision detected, falling back to row-level processing...
   📊 1,316,500 foods (5/s) | I:352298 U:0 S:964199 P:0 E:3 | fdc:1984170 ckpt:1984170
   ⚠️  UPC collision detected, falling back to row-level processing...
   📊 1,317,000 foods (5/s) | I:352298 U:0 S:964699 P:0 E:3 | fdc:1984671 ckpt:1984671
   ⚠️  UPC collision detected, falling back to row-level processing...
   📊 1,317,500 foods (5/s) | I:352298 U:0 S:965199 P:0 E:3 | fdc:1985171 ckpt:1985171
   ⚠️  UPC collision detected, falling back to row-level processing...
   📊 1,318,000 foods (5/s) | I:352298 U:0 S:965699 P:0 E:3 | fdc:1985676 ckpt:1985676
   ⚠️  UPC collision detected, falling back to row-level processing...
   📊 1,318,500 foods (5/s) | I:352299 U:0 S:966198 P:0 E:3 | fdc:1986181 ckpt:1986181
   ⚠️  UPC collision detected, falling back to row-level processing...
   📊 1,319,000 foods (5/s) | I:352299 U:0 S:966698 P:0 E:3 | fdc:1986681 ckpt:1986681
   ⚠️  UPC collision detected, falling back to row-level processing...
   📊 1,319,500 foods (5/s) | I:352299 U:0 S:967198 P:0 E:3 | fdc:1987182 ckpt:1987182
   ⚠️  UPC collision detected, falling back to row-level processing...
   📊 1,320,000 foods (5/s) | I:352299 U:0 S:967698 P:0 E:3 | fdc:1987684 ckpt:1987684
   ⚠️  UPC collision detected, falling back to row-level processing...
   📊 1,320,500 foods (5/s) | I:352300 U:0 S:968197 P:0 E:3 | fdc:1988188 ckpt:1988188
   ⚠️  UPC collision detected, falling back to row-level processing...
   📊 1,321,000 foods (5/s) | I:352300 U:0 S:968697 P:0 E:3 | fdc:1988690 ckpt:1988690
   ⚠️  UPC collision detected, falling back to row-level processing...
   📊 1,321,500 foods (5/s) | I:352300 U:0 S:969197 P:0 E:3 | fdc:1989193 ckpt:1989193
   ⚠️  UPC collision detected, falling back to row-level processing...
   📊 1,322,000 foods (5/s) | I:352300 U:0 S:969697 P:0 E:3 | fdc:1989697 ckpt:1989697
   ⚠️  UPC collision detected, falling back to row-level processing...
   📊 1,322,500 foods (5/s) | I:352300 U:0 S:970197 P:0 E:3 | fdc:1990198 ckpt:1990198
   ⚠️  UPC collision detected, falling back to row-level processing...
   📊 1,323,000 foods (5/s) | I:352300 U:0 S:970697 P:0 E:3 | fdc:1990700 ckpt:1990700
   ⚠️  UPC collision detected, falling back to row-level processing...
   📊 1,323,500 foods (5/s) | I:352300 U:0 S:971197 P:0 E:3 | fdc:1991200 ckpt:1991200
   ⚠️  UPC collision detected, falling back to row-level processing...
   📊 1,324,000 foods (5/s) | I:352300 U:0 S:971697 P:0 E:3 | fdc:1991702 ckpt:1991702
   ⚠️  UPC collision detected, falling back to row-level processing...
   📊 1,324,500 foods (5/s) | I:352300 U:0 S:972197 P:0 E:3 | fdc:1992203 ckpt:1992203
   ⚠️  UPC collision detected, falling back to row-level processing...
   📊 1,325,000 foods (5/s) | I:352302 U:0 S:972695 P:0 E:3 | fdc:1992706 ckpt:1992706
   ⚠️  UPC collision detected, falling back to row-level processing...
   📊 1,325,500 foods (5/s) | I:352303 U:0 S:973194 P:0 E:3 | fdc:1993206 ckpt:1993206
   ⚠️  UPC collision detected, falling back to row-level processing...
   📊 1,326,000 foods (5/s) | I:352303 U:0 S:973694 P:0 E:3 | fdc:1993708 ckpt:1993708
   ⚠️  UPC collision detected, falling back to row-level processing...
   📊 1,326,500 foods (5/s) | I:352303 U:0 S:974194 P:0 E:3 | fdc:1994209 ckpt:1994209
   ⚠️  UPC collision detected, falling back to row-level processing...
   📊 1,327,000 foods (5/s) | I:352303 U:0 S:974694 P:0 E:3 | fdc:1994714 ckpt:1994714
   ⚠️  UPC collision detected, falling back to row-level processing...
   📊 1,327,500 foods (5/s) | I:352304 U:0 S:975193 P:0 E:3 | fdc:1995229 ckpt:1995229
   ⚠️  UPC collision detected, falling back to row-level processing...
   📊 1,328,000 foods (5/s) | I:352304 U:0 S:975693 P:0 E:3 | fdc:1995731 ckpt:1995731
   ⚠️  UPC collision detected, falling back to row-level processing...
   📊 1,328,500 foods (5/s) | I:352307 U:0 S:976190 P:0 E:3 | fdc:1996240 ckpt:1996240
   ⚠️  UPC collision detected, falling back to row-level processing...
   📊 1,329,000 foods (5/s) | I:352307 U:0 S:976690 P:0 E:3 | fdc:1996745 ckpt:1996745
   ⚠️  UPC collision detected, falling back to row-level processing...
   📊 1,329,500 foods (5/s) | I:352307 U:0 S:977190 P:0 E:3 | fdc:1997245 ckpt:1997245
   ⚠️  UPC collision detected, falling back to row-level processing...
   📊 1,330,000 foods (5/s) | I:352446 U:0 S:977551 P:0 E:3 | fdc:1997753 ckpt:1997753
   📊 1,330,500 foods (5/s) | I:352946 U:0 S:977551 P:0 E:3 | fdc:1998265 ckpt:1998265
   📊 1,331,000 foods (5/s) | I:353446 U:0 S:977551 P:0 E:3 | fdc:1998766 ckpt:1998766
   📊 1,331,500 foods (5/s) | I:353946 U:0 S:977551 P:0 E:3 | fdc:1999268 ckpt:1999268
   ⚠️  UPC collision detected, falling back to row-level processing...
   📊 1,332,000 foods (5/s) | I:354298 U:0 S:977699 P:0 E:3 | fdc:2007560 ckpt:2007560
   ⚠️  UPC collision detected, falling back to row-level processing...
   📊 1,332,500 foods (5/s) | I:354347 U:0 S:978150 P:0 E:3 | fdc:2008062 ckpt:2008062
   ⚠️  UPC collision detected, falling back to row-level processing...
   📊 1,333,000 foods (5/s) | I:354348 U:0 S:978649 P:0 E:3 | fdc:2008565 ckpt:2008565
   ⚠️  UPC collision detected, falling back to row-level processing...
   📊 1,333,500 foods (5/s) | I:354348 U:0 S:979149 P:0 E:3 | fdc:2009074 ckpt:2009074
   ⚠️  UPC collision detected, falling back to row-level processing...
   📊 1,334,000 foods (5/s) | I:354348 U:0 S:979649 P:0 E:3 | fdc:2009580 ckpt:2009580
   ⚠️  UPC collision detected, falling back to row-level processing...
   📊 1,334,500 foods (5/s) | I:354349 U:0 S:980148 P:0 E:3 | fdc:2010089 ckpt:2010089
   ⚠️  UPC collision detected, falling back to row-level processing...
   📊 1,335,000 foods (5/s) | I:354351 U:0 S:980646 P:0 E:3 | fdc:2010596 ckpt:2010596
   ⚠️  UPC collision detected, falling back to row-level processing...
   📊 1,335,500 foods (5/s) | I:354351 U:0 S:981146 P:0 E:3 | fdc:2011408 ckpt:2011408
   ⚠️  UPC collision detected, falling back to row-level processing...
   📊 1,336,000 foods (5/s) | I:354352 U:0 S:981645 P:0 E:3 | fdc:2011974 ckpt:2011974
   ⚠️  UPC collision detected, falling back to row-level processing...
   📊 1,336,500 foods (5/s) | I:354352 U:0 S:982145 P:0 E:3 | fdc:2012501 ckpt:2012501
   ⚠️  UPC collision detected, falling back to row-level processing...
   📊 1,337,000 foods (5/s) | I:354354 U:0 S:982643 P:0 E:3 | fdc:2013026 ckpt:2013026
   ⚠️  UPC collision detected, falling back to row-level processing...
   📊 1,337,500 foods (5/s) | I:354354 U:0 S:983143 P:0 E:3 | fdc:2013556 ckpt:2013556
   ⚠️  Transient error (attempt 1/6): TypeError: fetch failed
   ⏳ Retrying in 1s...
   ⚠️  UPC collision detected, falling back to row-level processing...
   📊 1,338,000 foods (5/s) | I:354354 U:0 S:983643 P:0 E:3 | fdc:2014074 ckpt:2014074
   ⚠️  UPC collision detected, falling back to row-level processing...
   📊 1,338,500 foods (5/s) | I:354355 U:0 S:984142 P:0 E:3 | fdc:2014579 ckpt:2014579
   ⚠️  UPC collision detected, falling back to row-level processing...
   📊 1,339,000 foods (5/s) | I:354356 U:0 S:984641 P:0 E:3 | fdc:2015091 ckpt:2015091
   ⚠️  UPC collision detected, falling back to row-level processing...
   📊 1,339,500 foods (5/s) | I:354356 U:0 S:985141 P:0 E:3 | fdc:2015591 ckpt:2015591
   ⚠️  UPC collision detected, falling back to row-level processing...
   📊 1,340,000 foods (5/s) | I:354357 U:0 S:985640 P:0 E:3 | fdc:2016092 ckpt:2016092
   ⚠️  UPC collision detected, falling back to row-level processing...
   📊 1,340,500 foods (5/s) | I:354360 U:0 S:986137 P:0 E:3 | fdc:2016592 ckpt:2016592
   ⚠️  UPC collision detected, falling back to row-level processing...
   📊 1,341,000 foods (5/s) | I:354360 U:0 S:986637 P:0 E:3 | fdc:2017093 ckpt:2017093
   ⚠️  UPC collision detected, falling back to row-level processing...
   📊 1,341,500 foods (5/s) | I:354360 U:0 S:987137 P:0 E:3 | fdc:2017600 ckpt:2017600
   ⚠️  UPC collision detected, falling back to row-level processing...
   📊 1,342,000 foods (5/s) | I:354360 U:0 S:987637 P:0 E:3 | fdc:2018101 ckpt:2018101
   ⚠️  UPC collision detected, falling back to row-level processing...
   📊 1,342,500 foods (5/s) | I:354362 U:0 S:988135 P:0 E:3 | fdc:2018602 ckpt:2018602
   ⚠️  UPC collision detected, falling back to row-level processing...
   📊 1,343,000 foods (5/s) | I:354362 U:0 S:988635 P:0 E:3 | fdc:2019105 ckpt:2019105
   ⚠️  UPC collision detected, falling back to row-level processing...
   📊 1,343,500 foods (5/s) | I:354363 U:0 S:989134 P:0 E:3 | fdc:2019607 ckpt:2019607
   ⚠️  UPC collision detected, falling back to row-level processing...
   📊 1,344,000 foods (5/s) | I:354363 U:0 S:989634 P:0 E:3 | fdc:2020111 ckpt:2020111
   ⚠️  UPC collision detected, falling back to row-level processing...
   📊 1,344,500 foods (5/s) | I:354363 U:0 S:990134 P:0 E:3 | fdc:2020613 ckpt:2020613
   ⚠️  UPC collision detected, falling back to row-level processing...
   📊 1,345,000 foods (5/s) | I:354363 U:0 S:990634 P:0 E:3 | fdc:2021119 ckpt:2021119
   ⚠️  UPC collision detected, falling back to row-level processing...
   📊 1,345,500 foods (5/s) | I:354363 U:0 S:991134 P:0 E:3 | fdc:2021626 ckpt:2021626
   ⚠️  UPC collision detected, falling back to row-level processing...
   📊 1,346,000 foods (5/s) | I:354363 U:0 S:991634 P:0 E:3 | fdc:2022131 ckpt:2022131
   ⚠️  UPC collision detected, falling back to row-level processing...
   📊 1,346,500 foods (5/s) | I:354363 U:0 S:992134 P:0 E:3 | fdc:2022640 ckpt:2022640
   ⚠️  UPC collision detected, falling back to row-level processing...
   📊 1,347,000 foods (5/s) | I:354363 U:0 S:992634 P:0 E:3 | fdc:2023158 ckpt:2023158
   ⚠️  UPC collision detected, falling back to row-level processing...
   📊 1,347,500 foods (5/s) | I:354364 U:0 S:993133 P:0 E:3 | fdc:2023669 ckpt:2023669
   ⚠️  UPC collision detected, falling back to row-level processing...
   📊 1,348,000 foods (5/s) | I:354364 U:0 S:993633 P:0 E:3 | fdc:2024173 ckpt:2024173
   ⚠️  UPC collision detected, falling back to row-level processing...
   📊 1,348,500 foods (5/s) | I:354366 U:0 S:994131 P:0 E:3 | fdc:2024691 ckpt:2024691
   ⚠️  UPC collision detected, falling back to row-level processing...
   📊 1,349,000 foods (5/s) | I:354366 U:0 S:994631 P:0 E:3 | fdc:2025208 ckpt:2025208
   ⚠️  UPC collision detected, falling back to row-level processing...
   📊 1,349,500 foods (5/s) | I:354373 U:0 S:995124 P:0 E:3 | fdc:2025709 ckpt:2025709
   ⚠️  UPC collision detected, falling back to row-level processing...
   📊 1,350,000 foods (5/s) | I:354373 U:0 S:995624 P:0 E:3 | fdc:2026219 ckpt:2026219
   ⚠️  UPC collision detected, falling back to row-level processing...
   📊 1,350,500 foods (5/s) | I:354373 U:0 S:996124 P:0 E:3 | fdc:2026720 ckpt:2026720
   ⚠️  UPC collision detected, falling back to row-level processing...
   📊 1,351,000 foods (5/s) | I:354374 U:0 S:996623 P:0 E:3 | fdc:2027220 ckpt:2027220
   ⚠️  UPC collision detected, falling back to row-level processing...
   📊 1,351,500 foods (5/s) | I:354375 U:0 S:997122 P:0 E:3 | fdc:2027723 ckpt:2027723
   ⚠️  UPC collision detected, falling back to row-level processing...
   📊 1,352,000 foods (5/s) | I:354375 U:0 S:997622 P:0 E:3 | fdc:2028231 ckpt:2028231
   ⚠️  UPC collision detected, falling back to row-level processing...
   📊 1,352,500 foods (5/s) | I:354376 U:0 S:998121 P:0 E:3 | fdc:2028737 ckpt:2028737
   ⚠️  UPC collision detected, falling back to row-level processing...
   📊 1,353,000 foods (5/s) | I:354376 U:0 S:998621 P:0 E:3 | fdc:2029249 ckpt:2029249
   ⚠️  UPC collision detected, falling back to row-level processing...
   📊 1,353,500 foods (5/s) | I:354377 U:0 S:999120 P:0 E:3 | fdc:2029754 ckpt:2029754
   ⚠️  UPC collision detected, falling back to row-level processing...
   📊 1,354,000 foods (5/s) | I:354377 U:0 S:999620 P:0 E:3 | fdc:2030256 ckpt:2030256
   ⚠️  UPC collision detected, falling back to row-level processing...
   ⚠️  Transient error (attempt 1/6): <!DOCTYPE html>
<!--[if lt IE 7]> <html class="no-js ie6 oldie" lang="en-US"> <![endif]-->
<!--[if IE 7]>    <html class="no-js ie7 oldie" lang="en-US"> <![endif]-->
<!--[if IE 8]>    <html class="no-js ie8 oldie" lang="en-US"> <![endif]-->
<!--[if gt IE 8]><!--> <html class="no-js" lang="en-US"> <!--<![endif]-->
<head>

<title> | 500: Internal server error</title>
<meta charset="UTF-8" />
<meta http-equiv="Content-Type" content="text/html; charset=UTF-8" />
<meta http-equiv="X-UA-Compatible" content="IE=Edge" />
<meta name="robots" content="noindex, nofollow" />
<meta name="viewport" content="width=device-width,initial-scale=1" />
<link rel="stylesheet" id="cf_styles-css" href="/cdn-cgi/styles/main.css" />
</head>
<body>
<div id="cf-wrapper">
    <div id="cf-error-details" class="p-0">
        <header class="mx-auto pt-10 lg:pt-6 lg:px-8 w-240 lg:w-full mb-8">
            <h1 class="inline-block sm:block sm:mb-2 font-light text-60 lg:text-4xl text-black-dark leading-tight mr-2">
                <span class="inline-block">Internal server error</span>
                <span class="code-label">Error code 500</span>
            </h1>
            <div>
                Visit <a href="https://www.cloudflare.com/5xx-error-landing?utm_source=errorcode_500&utm_campaign=tssvlflebugqhtogqdfs.supabase.co" target="_blank" rel="noopener noreferrer">cloudflare.com</a> for more information.
            </div>
            <div class="mt-3">2026-02-16 05:34:50 UTC</div>
        </header>
        <div class="my-8 bg-gradient-gray">
            <div class="w-240 lg:w-full mx-auto">
                <div class="clearfix md:px-8">
                    <div id="cf-browser-status" class=" relative w-1/3 md:w-full py-15 md:p-0 md:py-8 md:text-left md:border-solid md:border-0 md:border-b md:border-gray-400 overflow-hidden float-left md:float-none text-center">
  <div class="relative mb-10 md:m-0">
    
    <span class="cf-icon-browser block md:hidden h-20 bg-center bg-no-repeat"></span>
    <span class="cf-icon-ok w-12 h-12 absolute left-1/2 md:left-auto md:right-0 md:top-0 -ml-6 -bottom-4"></span>
    
  </div>
  <span class="md:block w-full truncate">You</span>
  <h3 class="md:inline-block mt-3 md:mt-0 text-2xl text-gray-600 font-light leading-1.3">
  
    Browser
  
  </h3>
  
  <span class="leading-1.3 text-2xl text-green-success">Working</span>
  
</div>
                    <div id="cf-cloudflare-status" class="cf-error-source relative w-1/3 md:w-full py-15 md:p-0 md:py-8 md:text-left md:border-solid md:border-0 md:border-b md:border-gray-400 overflow-hidden float-left md:float-none text-center">
  <div class="relative mb-10 md:m-0">
    <a href="https://www.cloudflare.com/5xx-error-landing?utm_source=errorcode_500&#38;utm_campaign=tssvlflebugqhtogqdfs.supabase.co" target="_blank" rel="noopener noreferrer">
    <span class="cf-icon-cloud block md:hidden h-20 bg-center bg-no-repeat"></span>
    <span class="cf-icon-error w-12 h-12 absolute left-1/2 md:left-auto md:right-0 md:top-0 -ml-6 -bottom-4"></span>
    </a>
  </div>
  <span class="md:block w-full truncate">Kansas City</span>
  <h3 class="md:inline-block mt-3 md:mt-0 text-2xl text-gray-600 font-light leading-1.3">
  <a href="https://www.cloudflare.com/5xx-error-landing?utm_source=errorcode_500&utm_campaign=tssvlflebugqhtogqdfs.supabase.co" target="_blank" rel="noopener noreferrer">
    Cloudflare
  </a>
  </h3>
  
  <span class="leading-1.3 text-2xl text-red-error">Error</span>
  
</div>
                    <div id="cf-host-status" class=" relative w-1/3 md:w-full py-15 md:p-0 md:py-8 md:text-left md:border-solid md:border-0 md:border-b md:border-gray-400 overflow-hidden float-left md:float-none text-center">
  <div class="relative mb-10 md:m-0">
    
    <span class="cf-icon-server block md:hidden h-20 bg-center bg-no-repeat"></span>
    <span class="cf-icon-ok w-12 h-12 absolute left-1/2 md:left-auto md:right-0 md:top-0 -ml-6 -bottom-4"></span>
    
  </div>
  <span class="md:block w-full truncate">tssvlflebugqhtogqdfs.supabase.co</span>
  <h3 class="md:inline-block mt-3 md:mt-0 text-2xl text-gray-600 font-light leading-1.3">
  
    Host
  
  </h3>
  
  <span class="leading-1.3 text-2xl text-green-success">Working</span>
  
</div>
                </div>
            </div>
        </div>

        <div class="w-240 lg:w-full mx-auto mb-8 lg:px-8">
            <div class="clearfix">
                <div class="w-1/2 md:w-full float-left pr-6 md:pb-10 md:pr-0 leading-relaxed">
                    <h2 class="text-3xl font-normal leading-1.3 mb-4">What happened?</h2>
                    <p>There is an internal server error on Cloudflare's network.</p>
                </div>
                <div class="w-1/2 md:w-full float-left leading-relaxed">
                    <h2 class="text-3xl font-normal leading-1.3 mb-4">What can I do?</h2>
                    <p class="mb-6">Please try again in a few minutes.</p>
                </div>
            </div>
        </div>

        <div class="cf-error-footer cf-wrapper w-240 lg:w-full py-10 sm:py-4 sm:px-8 mx-auto text-center sm:text-left border-solid border-0 border-t border-gray-300">
    <p class="text-13">
      <span class="cf-footer-item sm:block sm:mb-1">Cloudflare Ray ID: <strong class="font-semibold">9ceaad9c5d37d322</strong></span>
      <span class="cf-footer-separator sm:hidden">&bull;</span>
      <span id="cf-footer-item-ip" class="cf-footer-item hidden sm:block sm:mb-1">
        Your IP:
        <button type="button" id="cf-footer-ip-reveal" class="cf-footer-ip-reveal-btn">Click to reveal</button>
        <span class="hidden" id="cf-footer-ip">68.13.243.86</span>
        <span class="cf-footer-separator sm:hidden">&bull;</span>
      </span>
      <span class="cf-footer-item sm:block sm:mb-1"><span>Performance &amp; security by</span> <a rel="noopener noreferrer" href="https://www.cloudflare.com/5xx-error-landing?utm_source=errorcode_500&#38;utm_campaign=tssvlflebugqhtogqdfs.supabase.co" id="brand_link" target="_blank">Cloudflare</a></span>
      
    </p>
    <script>(function(){function d(){var b=a.getElementById("cf-footer-item-ip"),c=a.getElementById("cf-footer-ip-reveal");b&&"classList"in b&&(b.classList.remove("hidden"),c.addEventListener("click",function(){c.classList.add("hidden");a.getElementById("cf-footer-ip").classList.remove("hidden")}))}var a=document;document.addEventListener&&a.addEventListener("DOMContentLoaded",d)})();</script>
  </div><!-- /.error-footer -->

    </div>
</div>
</body>
</html>
   ⏳ Retrying in 1s...
   📊 1,354,500 foods (5/s) | I:354377 U:0 S:1000120 P:0 E:3 | fdc:2030785 ckpt:2030785
   ⚠️  UPC collision detected, falling back to row-level processing...
   📊 1,355,000 foods (5/s) | I:354377 U:0 S:1000620 P:0 E:3 | fdc:2031290 ckpt:2031290
   ⚠️  UPC collision detected, falling back to row-level processing...
   📊 1,355,500 foods (5/s) | I:354377 U:0 S:1001120 P:0 E:3 | fdc:2031791 ckpt:2031791
   ⚠️  UPC collision detected, falling back to row-level processing...
   📊 1,356,000 foods (5/s) | I:354377 U:0 S:1001620 P:0 E:3 | fdc:2032298 ckpt:2032298
   ⚠️  UPC collision detected, falling back to row-level processing...
   📊 1,356,500 foods (5/s) | I:354379 U:0 S:1002118 P:0 E:3 | fdc:2032800 ckpt:2032800
   ⚠️  UPC collision detected, falling back to row-level processing...
   📊 1,357,000 foods (5/s) | I:354379 U:0 S:1002618 P:0 E:3 | fdc:2033339 ckpt:2033339
   ⚠️  UPC collision detected, falling back to row-level processing...
   📊 1,357,500 foods (5/s) | I:354380 U:0 S:1003117 P:0 E:3 | fdc:2033842 ckpt:2033842
   ⚠️  Transient error (attempt 1/6): TypeError: fetch failed
   ⏳ Retrying in 1s...
   ⚠️  UPC collision detected, falling back to row-level processing...
   📊 1,358,000 foods (5/s) | I:354380 U:0 S:1003617 P:0 E:3 | fdc:2034342 ckpt:2034342
   ⚠️  UPC collision detected, falling back to row-level processing...
   📊 1,358,500 foods (5/s) | I:354380 U:0 S:1004117 P:0 E:3 | fdc:2034842 ckpt:2034842
   ⚠️  UPC collision detected, falling back to row-level processing...
   📊 1,359,000 foods (5/s) | I:354380 U:0 S:1004617 P:0 E:3 | fdc:2035343 ckpt:2035343
   ⚠️  UPC collision detected, falling back to row-level processing...
   📊 1,359,500 foods (5/s) | I:354380 U:0 S:1005117 P:0 E:3 | fdc:2035850 ckpt:2035850
   ⚠️  UPC collision detected, falling back to row-level processing...
   📊 1,360,000 foods (5/s) | I:354380 U:0 S:1005617 P:0 E:3 | fdc:2036355 ckpt:2036355
   ⚠️  UPC collision detected, falling back to row-level processing...
   📊 1,360,500 foods (5/s) | I:354380 U:0 S:1006117 P:0 E:3 | fdc:2036866 ckpt:2036866
   ⚠️  UPC collision detected, falling back to row-level processing...
   📊 1,361,000 foods (5/s) | I:354380 U:0 S:1006617 P:0 E:3 | fdc:2037379 ckpt:2037379
   ⚠️  UPC collision detected, falling back to row-level processing...
   📊 1,361,500 foods (5/s) | I:354380 U:0 S:1007117 P:0 E:3 | fdc:2037889 ckpt:2037889
   ⚠️  UPC collision detected, falling back to row-level processing...
   📊 1,362,000 foods (5/s) | I:354380 U:0 S:1007617 P:0 E:3 | fdc:2038395 ckpt:2038395
   ⚠️  UPC collision detected, falling back to row-level processing...
   📊 1,362,500 foods (5/s) | I:354380 U:0 S:1008117 P:0 E:3 | fdc:2038897 ckpt:2038897
   ⚠️  UPC collision detected, falling back to row-level processing...
   📊 1,363,000 foods (5/s) | I:354380 U:0 S:1008617 P:0 E:3 | fdc:2039412 ckpt:2039412
   ⚠️  UPC collision detected, falling back to row-level processing...
   📊 1,363,500 foods (5/s) | I:354380 U:0 S:1009117 P:0 E:3 | fdc:2039945 ckpt:2039945
   ⚠️  UPC collision detected, falling back to row-level processing...
   📊 1,364,000 foods (5/s) | I:354380 U:0 S:1009617 P:0 E:3 | fdc:2040450 ckpt:2040450
   ⚠️  UPC collision detected, falling back to row-level processing...
   📊 1,364,500 foods (5/s) | I:354381 U:0 S:1010116 P:0 E:3 | fdc:2040957 ckpt:2040957
   ⚠️  UPC collision detected, falling back to row-level processing...
   📊 1,365,000 foods (5/s) | I:354381 U:0 S:1010616 P:0 E:3 | fdc:2041471 ckpt:2041471
   ⚠️  UPC collision detected, falling back to row-level processing...
   📊 1,365,500 foods (5/s) | I:354382 U:0 S:1011115 P:0 E:3 | fdc:2041985 ckpt:2041985
   ⚠️  UPC collision detected, falling back to row-level processing...
   📊 1,366,000 foods (5/s) | I:354382 U:0 S:1011615 P:0 E:3 | fdc:2042491 ckpt:2042491
   ⚠️  UPC collision detected, falling back to row-level processing...
   📊 1,366,500 foods (5/s) | I:354382 U:0 S:1012115 P:0 E:3 | fdc:2042993 ckpt:2042993
   ⚠️  UPC collision detected, falling back to row-level processing...
   📊 1,367,000 foods (5/s) | I:354383 U:0 S:1012614 P:0 E:3 | fdc:2043507 ckpt:2043507
   ⚠️  UPC collision detected, falling back to row-level processing...
   📊 1,367,500 foods (5/s) | I:354383 U:0 S:1013114 P:0 E:3 | fdc:2044008 ckpt:2044008
   ⚠️  UPC collision detected, falling back to row-level processing...
   📊 1,368,000 foods (5/s) | I:354383 U:0 S:1013614 P:0 E:3 | fdc:2044510 ckpt:2044510
   ⚠️  UPC collision detected, falling back to row-level processing...
   📊 1,368,500 foods (5/s) | I:354383 U:0 S:1014114 P:0 E:3 | fdc:2045030 ckpt:2045030
   ⚠️  UPC collision detected, falling back to row-level processing...
   📊 1,369,000 foods (5/s) | I:354383 U:0 S:1014614 P:0 E:3 | fdc:2045543 ckpt:2045543
   ⚠️  UPC collision detected, falling back to row-level processing...
   📊 1,369,500 foods (5/s) | I:354384 U:0 S:1015113 P:0 E:3 | fdc:2046046 ckpt:2046046
   ⚠️  UPC collision detected, falling back to row-level processing...
   📊 1,370,000 foods (5/s) | I:354384 U:0 S:1015613 P:0 E:3 | fdc:2046546 ckpt:2046546
   ⚠️  UPC collision detected, falling back to row-level processing...
   📊 1,370,500 foods (5/s) | I:354384 U:0 S:1016113 P:0 E:3 | fdc:2047068 ckpt:2047068
   ⚠️  UPC collision detected, falling back to row-level processing...
   📊 1,371,000 foods (5/s) | I:354384 U:0 S:1016613 P:0 E:3 | fdc:2047579 ckpt:2047579
   ⚠️  UPC collision detected, falling back to row-level processing...
   📊 1,371,500 foods (5/s) | I:354384 U:0 S:1017113 P:0 E:3 | fdc:2048083 ckpt:2048083
   ⚠️  UPC collision detected, falling back to row-level processing...
   📊 1,372,000 foods (5/s) | I:354384 U:0 S:1017613 P:0 E:3 | fdc:2048584 ckpt:2048584
   ⚠️  UPC collision detected, falling back to row-level processing...
   📊 1,372,500 foods (5/s) | I:354384 U:0 S:1018113 P:0 E:3 | fdc:2049086 ckpt:2049086
   ⚠️  UPC collision detected, falling back to row-level processing...
   📊 1,373,000 foods (5/s) | I:354384 U:0 S:1018613 P:0 E:3 | fdc:2049586 ckpt:2049586
   ⚠️  UPC collision detected, falling back to row-level processing...
   📊 1,373,500 foods (5/s) | I:354384 U:0 S:1019113 P:0 E:3 | fdc:2050100 ckpt:2050100
   ⚠️  UPC collision detected, falling back to row-level processing...
   📊 1,374,000 foods (5/s) | I:354385 U:0 S:1019612 P:0 E:3 | fdc:2050617 ckpt:2050617
   ⚠️  UPC collision detected, falling back to row-level processing...
   📊 1,374,500 foods (5/s) | I:354385 U:0 S:1020112 P:0 E:3 | fdc:2051120 ckpt:2051120
   ⚠️  UPC collision detected, falling back to row-level processing...
   📊 1,375,000 foods (5/s) | I:354385 U:0 S:1020612 P:0 E:3 | fdc:2051620 ckpt:2051620
   ⚠️  UPC collision detected, falling back to row-level processing...
   📊 1,375,500 foods (5/s) | I:354385 U:0 S:1021112 P:0 E:3 | fdc:2052121 ckpt:2052121
   ⚠️  UPC collision detected, falling back to row-level processing...
   📊 1,376,000 foods (5/s) | I:354387 U:0 S:1021610 P:0 E:3 | fdc:2052621 ckpt:2052621
   ⚠️  UPC collision detected, falling back to row-level processing...
   📊 1,376,500 foods (5/s) | I:354387 U:0 S:1022110 P:0 E:3 | fdc:2053121 ckpt:2053121
   ⚠️  UPC collision detected, falling back to row-level processing...
   📊 1,377,000 foods (5/s) | I:354387 U:0 S:1022610 P:0 E:3 | fdc:2053645 ckpt:2053645
   ⚠️  UPC collision detected, falling back to row-level processing...
   📊 1,377,500 foods (5/s) | I:354387 U:0 S:1023110 P:0 E:3 | fdc:2054241 ckpt:2054241
   ⚠️  UPC collision detected, falling back to row-level processing...
   📊 1,378,000 foods (5/s) | I:354388 U:0 S:1023609 P:0 E:3 | fdc:2054759 ckpt:2054759
   ⚠️  UPC collision detected, falling back to row-level processing...
   📊 1,378,500 foods (5/s) | I:354388 U:0 S:1024109 P:0 E:3 | fdc:2055289 ckpt:2055289
   ⚠️  UPC collision detected, falling back to row-level processing...
   📊 1,379,000 foods (5/s) | I:354389 U:0 S:1024608 P:0 E:3 | fdc:2055789 ckpt:2055789
   ⚠️  UPC collision detected, falling back to row-level processing...
   📊 1,379,500 foods (5/s) | I:354389 U:0 S:1025108 P:0 E:3 | fdc:2056292 ckpt:2056292
   ⚠️  UPC collision detected, falling back to row-level processing...
   📊 1,380,000 foods (5/s) | I:354389 U:0 S:1025608 P:0 E:3 | fdc:2056799 ckpt:2056799
   ⚠️  UPC collision detected, falling back to row-level processing...
   📊 1,380,500 foods (5/s) | I:354389 U:0 S:1026108 P:0 E:3 | fdc:2057303 ckpt:2057303
   ⚠️  UPC collision detected, falling back to row-level processing...
   📊 1,381,000 foods (5/s) | I:354389 U:0 S:1026608 P:0 E:3 | fdc:2057803 ckpt:2057803
   ⚠️  UPC collision detected, falling back to row-level processing...
   📊 1,381,500 foods (5/s) | I:354389 U:0 S:1027108 P:0 E:3 | fdc:2058304 ckpt:2058304
   ⚠️  UPC collision detected, falling back to row-level processing...
   📊 1,382,000 foods (5/s) | I:354389 U:0 S:1027608 P:0 E:3 | fdc:2058844 ckpt:2058844
   ⚠️  UPC collision detected, falling back to row-level processing...
   📊 1,382,500 foods (5/s) | I:354389 U:0 S:1028108 P:0 E:3 | fdc:2059371 ckpt:2059371
   ⚠️  UPC collision detected, falling back to row-level processing...
   📊 1,383,000 foods (5/s) | I:354389 U:0 S:1028608 P:0 E:3 | fdc:2059871 ckpt:2059871
   ⚠️  UPC collision detected, falling back to row-level processing...
   📊 1,383,500 foods (5/s) | I:354390 U:0 S:1029107 P:0 E:3 | fdc:2060379 ckpt:2060379
   ⚠️  UPC collision detected, falling back to row-level processing...
   📊 1,384,000 foods (5/s) | I:354390 U:0 S:1029607 P:0 E:3 | fdc:2060879 ckpt:2060879
   ⚠️  UPC collision detected, falling back to row-level processing...
   📊 1,384,500 foods (5/s) | I:354390 U:0 S:1030107 P:0 E:3 | fdc:2061381 ckpt:2061381
   ⚠️  UPC collision detected, falling back to row-level processing...
   📊 1,385,000 foods (5/s) | I:354390 U:0 S:1030607 P:0 E:3 | fdc:2061881 ckpt:2061881
   ⚠️  UPC collision detected, falling back to row-level processing...
   📊 1,385,500 foods (5/s) | I:354390 U:0 S:1031107 P:0 E:3 | fdc:2062426 ckpt:2062426
   ⚠️  UPC collision detected, falling back to row-level processing...
   📊 1,386,000 foods (5/s) | I:354390 U:0 S:1031607 P:0 E:3 | fdc:2062939 ckpt:2062939
   ⚠️  UPC collision detected, falling back to row-level processing...
   📊 1,386,500 foods (5/s) | I:354391 U:0 S:1032106 P:0 E:3 | fdc:2063444 ckpt:2063444
   ⚠️  UPC collision detected, falling back to row-level processing...
   📊 1,387,000 foods (5/s) | I:354392 U:0 S:1032605 P:0 E:3 | fdc:2063951 ckpt:2063951
   ⚠️  UPC collision detected, falling back to row-level processing...
   📊 1,387,500 foods (5/s) | I:354393 U:0 S:1033104 P:0 E:3 | fdc:2064492 ckpt:2064492
   ⚠️  UPC collision detected, falling back to row-level processing...
   📊 1,388,000 foods (5/s) | I:354393 U:0 S:1033604 P:0 E:3 | fdc:2065002 ckpt:2065002
   ⚠️  UPC collision detected, falling back to row-level processing...
   📊 1,388,500 foods (5/s) | I:354393 U:0 S:1034104 P:0 E:3 | fdc:2065504 ckpt:2065504
   ⚠️  UPC collision detected, falling back to row-level processing...
   📊 1,389,000 foods (5/s) | I:354393 U:0 S:1034604 P:0 E:3 | fdc:2066016 ckpt:2066016
   ⚠️  UPC collision detected, falling back to row-level processing...
   📊 1,389,500 foods (5/s) | I:354393 U:0 S:1035104 P:0 E:3 | fdc:2066516 ckpt:2066516
   ⚠️  UPC collision detected, falling back to row-level processing...
   📊 1,390,000 foods (5/s) | I:354393 U:0 S:1035604 P:0 E:3 | fdc:2067043 ckpt:2067043
   ⚠️  UPC collision detected, falling back to row-level processing...
   📊 1,390,500 foods (5/s) | I:354393 U:0 S:1036104 P:0 E:3 | fdc:2067544 ckpt:2067544
   ⚠️  UPC collision detected, falling back to row-level processing...
   📊 1,391,000 foods (5/s) | I:354393 U:0 S:1036604 P:0 E:3 | fdc:2068044 ckpt:2068044
   ⚠️  UPC collision detected, falling back to row-level processing...
   📊 1,391,500 foods (5/s) | I:354393 U:0 S:1037104 P:0 E:3 | fdc:2068546 ckpt:2068546
   ⚠️  UPC collision detected, falling back to row-level processing...
   📊 1,392,000 foods (5/s) | I:354393 U:0 S:1037604 P:0 E:3 | fdc:2069046 ckpt:2069046
   ⚠️  UPC collision detected, falling back to row-level processing...
   📊 1,392,500 foods (5/s) | I:354393 U:0 S:1038104 P:0 E:3 | fdc:2069547 ckpt:2069547
   ⚠️  UPC collision detected, falling back to row-level processing...
   📊 1,393,000 foods (5/s) | I:354393 U:0 S:1038604 P:0 E:3 | fdc:2070048 ckpt:2070048
   ⚠️  UPC collision detected, falling back to row-level processing...
   📊 1,393,500 foods (5/s) | I:354393 U:0 S:1039104 P:0 E:3 | fdc:2070568 ckpt:2070568
   ⚠️  UPC collision detected, falling back to row-level processing...
   📊 1,394,000 foods (5/s) | I:354393 U:0 S:1039604 P:0 E:3 | fdc:2071085 ckpt:2071085
   ⚠️  UPC collision detected, falling back to row-level processing...
   📊 1,394,500 foods (5/s) | I:354393 U:0 S:1040104 P:0 E:3 | fdc:2071619 ckpt:2071619
   ⚠️  UPC collision detected, falling back to row-level processing...
   📊 1,395,000 foods (5/s) | I:354393 U:0 S:1040604 P:0 E:3 | fdc:2072139 ckpt:2072139
   ⚠️  Transient error (attempt 1/6): TypeError: fetch failed
   ⏳ Retrying in 1s...
   ⚠️  UPC collision detected, falling back to row-level processing...
   📊 1,395,500 foods (5/s) | I:354393 U:0 S:1041104 P:0 E:3 | fdc:2072639 ckpt:2072639
   ⚠️  UPC collision detected, falling back to row-level processing...
   📊 1,396,000 foods (5/s) | I:354393 U:0 S:1041604 P:0 E:3 | fdc:2073186 ckpt:2073186
   ⚠️  UPC collision detected, falling back to row-level processing...
   📊 1,396,500 foods (5/s) | I:354393 U:0 S:1042104 P:0 E:3 | fdc:2073702 ckpt:2073702
   ⚠️  UPC collision detected, falling back to row-level processing...
   📊 1,397,000 foods (5/s) | I:354393 U:0 S:1042604 P:0 E:3 | fdc:2074242 ckpt:2074242
   ⚠️  UPC collision detected, falling back to row-level processing...
   📊 1,397,500 foods (5/s) | I:354393 U:0 S:1043104 P:0 E:3 | fdc:2074771 ckpt:2074771
   ⚠️  UPC collision detected, falling back to row-level processing...
   📊 1,398,000 foods (5/s) | I:354393 U:0 S:1043604 P:0 E:3 | fdc:2075295 ckpt:2075295
   ⚠️  UPC collision detected, falling back to row-level processing...
   📊 1,398,500 foods (5/s) | I:354393 U:0 S:1044104 P:0 E:3 | fdc:2075806 ckpt:2075806
   ⚠️  UPC collision detected, falling back to row-level processing...
   📊 1,399,000 foods (5/s) | I:354393 U:0 S:1044604 P:0 E:3 | fdc:2076307 ckpt:2076307
   ⚠️  UPC collision detected, falling back to row-level processing...
   📊 1,399,500 foods (5/s) | I:354393 U:0 S:1045104 P:0 E:3 | fdc:2076807 ckpt:2076807
   ⚠️  UPC collision detected, falling back to row-level processing...
   📊 1,400,000 foods (5/s) | I:354393 U:0 S:1045604 P:0 E:3 | fdc:2077308 ckpt:2077308
   ⚠️  UPC collision detected, falling back to row-level processing...
   📊 1,400,500 foods (5/s) | I:354393 U:0 S:1046104 P:0 E:3 | fdc:2077809 ckpt:2077809
   ⚠️  UPC collision detected, falling back to row-level processing...
   📊 1,401,000 foods (5/s) | I:354393 U:0 S:1046604 P:0 E:3 | fdc:2078352 ckpt:2078352
   ⚠️  UPC collision detected, falling back to row-level processing...
   📊 1,401,500 foods (5/s) | I:354393 U:0 S:1047104 P:0 E:3 | fdc:2078854 ckpt:2078854
   ⚠️  UPC collision detected, falling back to row-level processing...
   📊 1,402,000 foods (5/s) | I:354393 U:0 S:1047604 P:0 E:3 | fdc:2079354 ckpt:2079354
   ⚠️  UPC collision detected, falling back to row-level processing...
   📊 1,402,500 foods (5/s) | I:354393 U:0 S:1048104 P:0 E:3 | fdc:2079854 ckpt:2079854
   ⚠️  UPC collision detected, falling back to row-level processing...
   📊 1,403,000 foods (5/s) | I:354393 U:0 S:1048604 P:0 E:3 | fdc:2080367 ckpt:2080367
   ⚠️  UPC collision detected, falling back to row-level processing...
   📊 1,403,500 foods (5/s) | I:354393 U:0 S:1049104 P:0 E:3 | fdc:2080869 ckpt:2080869
   ⚠️  UPC collision detected, falling back to row-level processing...
   📊 1,404,000 foods (5/s) | I:354393 U:0 S:1049604 P:0 E:3 | fdc:2081369 ckpt:2081369
   ⚠️  UPC collision detected, falling back to row-level processing...
   📊 1,404,500 foods (5/s) | I:354393 U:0 S:1050104 P:0 E:3 | fdc:2081874 ckpt:2081874
   ⚠️  UPC collision detected, falling back to row-level processing...
   📊 1,405,000 foods (5/s) | I:354394 U:0 S:1050603 P:0 E:3 | fdc:2082381 ckpt:2082381
   ⚠️  UPC collision detected, falling back to row-level processing...
   📊 1,405,500 foods (5/s) | I:354396 U:0 S:1051101 P:0 E:3 | fdc:2082881 ckpt:2082881
   ⚠️  UPC collision detected, falling back to row-level processing...
   📊 1,406,000 foods (5/s) | I:354397 U:0 S:1051600 P:0 E:3 | fdc:2083385 ckpt:2083385
   ⚠️  UPC collision detected, falling back to row-level processing...
   📊 1,406,500 foods (5/s) | I:354397 U:0 S:1052100 P:0 E:3 | fdc:2083917 ckpt:2083917
   ⚠️  UPC collision detected, falling back to row-level processing...
   📊 1,407,000 foods (5/s) | I:354397 U:0 S:1052600 P:0 E:3 | fdc:2084433 ckpt:2084433
   ⚠️  UPC collision detected, falling back to row-level processing...
   📊 1,407,500 foods (5/s) | I:354398 U:0 S:1053099 P:0 E:3 | fdc:2084938 ckpt:2084938
   ⚠️  Transient error (attempt 1/6): TypeError: fetch failed
   ⏳ Retrying in 1s...
   ⚠️  UPC collision detected, falling back to row-level processing...
   📊 1,408,000 foods (5/s) | I:354398 U:0 S:1053599 P:0 E:3 | fdc:2085465 ckpt:2085465
   ⚠️  UPC collision detected, falling back to row-level processing...
   📊 1,408,500 foods (5/s) | I:354398 U:0 S:1054099 P:0 E:3 | fdc:2085987 ckpt:2085987
   ⚠️  UPC collision detected, falling back to row-level processing...
   📊 1,409,000 foods (5/s) | I:354398 U:0 S:1054599 P:0 E:3 | fdc:2086492 ckpt:2086492
   ⚠️  UPC collision detected, falling back to row-level processing...
   📊 1,409,500 foods (5/s) | I:354398 U:0 S:1055099 P:0 E:3 | fdc:2087004 ckpt:2087004
   ⚠️  UPC collision detected, falling back to row-level processing...
   📊 1,410,000 foods (5/s) | I:354398 U:0 S:1055599 P:0 E:3 | fdc:2087533 ckpt:2087533
   ⚠️  UPC collision detected, falling back to row-level processing...
   📊 1,410,500 foods (5/s) | I:354398 U:0 S:1056099 P:0 E:3 | fdc:2088083 ckpt:2088083
   ⚠️  UPC collision detected, falling back to row-level processing...
   📊 1,411,000 foods (5/s) | I:354398 U:0 S:1056599 P:0 E:3 | fdc:2088677 ckpt:2088677
   ⚠️  UPC collision detected, falling back to row-level processing...
   📊 1,411,500 foods (5/s) | I:354398 U:0 S:1057099 P:0 E:3 | fdc:2089274 ckpt:2089274
   ⚠️  UPC collision detected, falling back to row-level processing...
   📊 1,412,000 foods (5/s) | I:354398 U:0 S:1057599 P:0 E:3 | fdc:2089808 ckpt:2089808
   ⚠️  UPC collision detected, falling back to row-level processing...
   📊 1,412,500 foods (5/s) | I:354398 U:0 S:1058099 P:0 E:3 | fdc:2090343 ckpt:2090343
   ⚠️  UPC collision detected, falling back to row-level processing...
   📊 1,413,000 foods (5/s) | I:354398 U:0 S:1058599 P:0 E:3 | fdc:2090870 ckpt:2090870
   ⚠️  UPC collision detected, falling back to row-level processing...
   📊 1,413,500 foods (5/s) | I:354398 U:0 S:1059099 P:0 E:3 | fdc:2091413 ckpt:2091413
   ⚠️  UPC collision detected, falling back to row-level processing...
   📊 1,414,000 foods (5/s) | I:354398 U:0 S:1059599 P:0 E:3 | fdc:2091942 ckpt:2091942
   ⚠️  UPC collision detected, falling back to row-level processing...
   📊 1,414,500 foods (5/s) | I:354398 U:0 S:1060099 P:0 E:3 | fdc:2092499 ckpt:2092499
   ⚠️  UPC collision detected, falling back to row-level processing...
   📊 1,415,000 foods (5/s) | I:354398 U:0 S:1060599 P:0 E:3 | fdc:2093014 ckpt:2093014
   ⚠️  UPC collision detected, falling back to row-level processing...
   📊 1,415,500 foods (5/s) | I:354398 U:0 S:1061099 P:0 E:3 | fdc:2093539 ckpt:2093539
   ⚠️  Transient error (attempt 1/6): TypeError: fetch failed
   ⏳ Retrying in 1s...
   ⚠️  UPC collision detected, falling back to row-level processing...
   📊 1,416,000 foods (5/s) | I:354398 U:0 S:1061599 P:0 E:3 | fdc:2094077 ckpt:2094077
   ⚠️  UPC collision detected, falling back to row-level processing...
   📊 1,416,500 foods (5/s) | I:354398 U:0 S:1062099 P:0 E:3 | fdc:2094580 ckpt:2094580
   ⚠️  UPC collision detected, falling back to row-level processing...
   📊 1,417,000 foods (5/s) | I:354398 U:0 S:1062599 P:0 E:3 | fdc:2095082 ckpt:2095082
   ⚠️  UPC collision detected, falling back to row-level processing...
   📊 1,417,500 foods (5/s) | I:354399 U:0 S:1063098 P:0 E:3 | fdc:2095584 ckpt:2095584
   ⚠️  UPC collision detected, falling back to row-level processing...
   📊 1,418,000 foods (5/s) | I:354399 U:0 S:1063598 P:0 E:3 | fdc:2096088 ckpt:2096088
   ⚠️  UPC collision detected, falling back to row-level processing...
   📊 1,418,500 foods (5/s) | I:354399 U:0 S:1064098 P:0 E:3 | fdc:2096599 ckpt:2096599
   ⚠️  UPC collision detected, falling back to row-level processing...
   ⚠️  Transient error (attempt 1/6): <!DOCTYPE html>
<!--[if lt IE 7]> <html class="no-js ie6 oldie" lang="en-US"> <![endif]-->
<!--[if IE 7]>    <html class="no-js ie7 oldie" lang="en-US"> <![endif]-->
<!--[if IE 8]>    <html class="no-js ie8 oldie" lang="en-US"> <![endif]-->
<!--[if gt IE 8]><!--> <html class="no-js" lang="en-US"> <!--<![endif]-->
<head>

<title> | 500: Internal server error</title>
<meta charset="UTF-8" />
<meta http-equiv="Content-Type" content="text/html; charset=UTF-8" />
<meta http-equiv="X-UA-Compatible" content="IE=Edge" />
<meta name="robots" content="noindex, nofollow" />
<meta name="viewport" content="width=device-width,initial-scale=1" />
<link rel="stylesheet" id="cf_styles-css" href="/cdn-cgi/styles/main.css" />
</head>
<body>
<div id="cf-wrapper">
    <div id="cf-error-details" class="p-0">
        <header class="mx-auto pt-10 lg:pt-6 lg:px-8 w-240 lg:w-full mb-8">
            <h1 class="inline-block sm:block sm:mb-2 font-light text-60 lg:text-4xl text-black-dark leading-tight mr-2">
                <span class="inline-block">Internal server error</span>
                <span class="code-label">Error code 500</span>
            </h1>
            <div>
                Visit <a href="https://www.cloudflare.com/5xx-error-landing?utm_source=errorcode_500&utm_campaign=tssvlflebugqhtogqdfs.supabase.co" target="_blank" rel="noopener noreferrer">cloudflare.com</a> for more information.
            </div>
            <div class="mt-3">2026-02-16 08:08:02 UTC</div>
        </header>
        <div class="my-8 bg-gradient-gray">
            <div class="w-240 lg:w-full mx-auto">
                <div class="clearfix md:px-8">
                    <div id="cf-browser-status" class=" relative w-1/3 md:w-full py-15 md:p-0 md:py-8 md:text-left md:border-solid md:border-0 md:border-b md:border-gray-400 overflow-hidden float-left md:float-none text-center">
  <div class="relative mb-10 md:m-0">
    
    <span class="cf-icon-browser block md:hidden h-20 bg-center bg-no-repeat"></span>
    <span class="cf-icon-ok w-12 h-12 absolute left-1/2 md:left-auto md:right-0 md:top-0 -ml-6 -bottom-4"></span>
    
  </div>
  <span class="md:block w-full truncate">You</span>
  <h3 class="md:inline-block mt-3 md:mt-0 text-2xl text-gray-600 font-light leading-1.3">
  
    Browser
  
  </h3>
  
  <span class="leading-1.3 text-2xl text-green-success">Working</span>
  
</div>
                    <div id="cf-cloudflare-status" class="cf-error-source relative w-1/3 md:w-full py-15 md:p-0 md:py-8 md:text-left md:border-solid md:border-0 md:border-b md:border-gray-400 overflow-hidden float-left md:float-none text-center">
  <div class="relative mb-10 md:m-0">
    <a href="https://www.cloudflare.com/5xx-error-landing?utm_source=errorcode_500&#38;utm_campaign=tssvlflebugqhtogqdfs.supabase.co" target="_blank" rel="noopener noreferrer">
    <span class="cf-icon-cloud block md:hidden h-20 bg-center bg-no-repeat"></span>
    <span class="cf-icon-error w-12 h-12 absolute left-1/2 md:left-auto md:right-0 md:top-0 -ml-6 -bottom-4"></span>
    </a>
  </div>
  <span class="md:block w-full truncate">Kansas City</span>
  <h3 class="md:inline-block mt-3 md:mt-0 text-2xl text-gray-600 font-light leading-1.3">
  <a href="https://www.cloudflare.com/5xx-error-landing?utm_source=errorcode_500&utm_campaign=tssvlflebugqhtogqdfs.supabase.co" target="_blank" rel="noopener noreferrer">
    Cloudflare
  </a>
  </h3>
  
  <span class="leading-1.3 text-2xl text-red-error">Error</span>
  
</div>
                    <div id="cf-host-status" class=" relative w-1/3 md:w-full py-15 md:p-0 md:py-8 md:text-left md:border-solid md:border-0 md:border-b md:border-gray-400 overflow-hidden float-left md:float-none text-center">
  <div class="relative mb-10 md:m-0">
    
    <span class="cf-icon-server block md:hidden h-20 bg-center bg-no-repeat"></span>
    <span class="cf-icon-ok w-12 h-12 absolute left-1/2 md:left-auto md:right-0 md:top-0 -ml-6 -bottom-4"></span>
    
  </div>
  <span class="md:block w-full truncate">tssvlflebugqhtogqdfs.supabase.co</span>
  <h3 class="md:inline-block mt-3 md:mt-0 text-2xl text-gray-600 font-light leading-1.3">
  
    Host
  
  </h3>
  
  <span class="leading-1.3 text-2xl text-green-success">Working</span>
  
</div>
                </div>
            </div>
        </div>

        <div class="w-240 lg:w-full mx-auto mb-8 lg:px-8">
            <div class="clearfix">
                <div class="w-1/2 md:w-full float-left pr-6 md:pb-10 md:pr-0 leading-relaxed">
                    <h2 class="text-3xl font-normal leading-1.3 mb-4">What happened?</h2>
                    <p>There is an internal server error on Cloudflare's network.</p>
                </div>
                <div class="w-1/2 md:w-full float-left leading-relaxed">
                    <h2 class="text-3xl font-normal leading-1.3 mb-4">What can I do?</h2>
                    <p class="mb-6">Please try again in a few minutes.</p>
                </div>
            </div>
        </div>

        <div class="cf-error-footer cf-wrapper w-240 lg:w-full py-10 sm:py-4 sm:px-8 mx-auto text-center sm:text-left border-solid border-0 border-t border-gray-300">
    <p class="text-13">
      <span class="cf-footer-item sm:block sm:mb-1">Cloudflare Ray ID: <strong class="font-semibold">9ceb8e067b0050ec</strong></span>
      <span class="cf-footer-separator sm:hidden">&bull;</span>
      <span id="cf-footer-item-ip" class="cf-footer-item hidden sm:block sm:mb-1">
        Your IP:
        <button type="button" id="cf-footer-ip-reveal" class="cf-footer-ip-reveal-btn">Click to reveal</button>
        <span class="hidden" id="cf-footer-ip">68.13.243.86</span>
        <span class="cf-footer-separator sm:hidden">&bull;</span>
      </span>
      <span class="cf-footer-item sm:block sm:mb-1"><span>Performance &amp; security by</span> <a rel="noopener noreferrer" href="https://www.cloudflare.com/5xx-error-landing?utm_source=errorcode_500&#38;utm_campaign=tssvlflebugqhtogqdfs.supabase.co" id="brand_link" target="_blank">Cloudflare</a></span>
      
    </p>
    <script>(function(){function d(){var b=a.getElementById("cf-footer-item-ip"),c=a.getElementById("cf-footer-ip-reveal");b&&"classList"in b&&(b.classList.remove("hidden"),c.addEventListener("click",function(){c.classList.add("hidden");a.getElementById("cf-footer-ip").classList.remove("hidden")}))}var a=document;document.addEventListener&&a.addEventListener("DOMContentLoaded",d)})();</script>
  </div><!-- /.error-footer -->

    </div>
</div>
</body>
</html>
   ⏳ Retrying in 1s...
   📊 1,419,000 foods (5/s) | I:354399 U:0 S:1064598 P:0 E:3 | fdc:2097105 ckpt:2097105
   ⚠️  UPC collision detected, falling back to row-level processing...
   📊 1,419,500 foods (5/s) | I:354399 U:0 S:1065098 P:0 E:3 | fdc:2097614 ckpt:2097614
   ⚠️  UPC collision detected, falling back to row-level processing...
   📊 1,420,000 foods (5/s) | I:354399 U:0 S:1065598 P:0 E:3 | fdc:2098125 ckpt:2098125
   ⚠️  UPC collision detected, falling back to row-level processing...
   📊 1,420,500 foods (5/s) | I:354399 U:0 S:1066098 P:0 E:3 | fdc:2098676 ckpt:2098676
   ⚠️  UPC collision detected, falling back to row-level processing...
   📊 1,421,000 foods (5/s) | I:354399 U:0 S:1066598 P:0 E:3 | fdc:2099197 ckpt:2099197
   ⚠️  UPC collision detected, falling back to row-level processing...
   📊 1,421,500 foods (5/s) | I:354399 U:0 S:1067098 P:0 E:3 | fdc:2099720 ckpt:2099720
   ⚠️  UPC collision detected, falling back to row-level processing...
   📊 1,422,000 foods (5/s) | I:354399 U:0 S:1067598 P:0 E:3 | fdc:2100248 ckpt:2100248
   ⚠️  UPC collision detected, falling back to row-level processing...
   📊 1,422,500 foods (5/s) | I:354399 U:0 S:1068098 P:0 E:3 | fdc:2100777 ckpt:2100777
   ⚠️  UPC collision detected, falling back to row-level processing...
   📊 1,423,000 foods (5/s) | I:354399 U:0 S:1068598 P:0 E:3 | fdc:2101312 ckpt:2101312
   ⚠️  UPC collision detected, falling back to row-level processing...
   📊 1,423,500 foods (5/s) | I:354399 U:0 S:1069098 P:0 E:3 | fdc:2101834 ckpt:2101834
   ⚠️  UPC collision detected, falling back to row-level processing...
   📊 1,424,000 foods (5/s) | I:354399 U:0 S:1069598 P:0 E:3 | fdc:2102356 ckpt:2102356
   ⚠️  UPC collision detected, falling back to row-level processing...
   📊 1,424,500 foods (5/s) | I:354399 U:0 S:1070098 P:0 E:3 | fdc:2102879 ckpt:2102879
   ⚠️  UPC collision detected, falling back to row-level processing...
   📊 1,425,000 foods (5/s) | I:354399 U:0 S:1070598 P:0 E:3 | fdc:2103404 ckpt:2103404
   ⚠️  UPC collision detected, falling back to row-level processing...
   📊 1,425,500 foods (5/s) | I:354399 U:0 S:1071098 P:0 E:3 | fdc:2103927 ckpt:2103927
   ⚠️  UPC collision detected, falling back to row-level processing...
   📊 1,426,000 foods (5/s) | I:354399 U:0 S:1071598 P:0 E:3 | fdc:2104474 ckpt:2104474
   ⚠️  UPC collision detected, falling back to row-level processing...
   📊 1,426,500 foods (5/s) | I:354399 U:0 S:1072098 P:0 E:3 | fdc:2105022 ckpt:2105022
   ⚠️  UPC collision detected, falling back to row-level processing...
   📊 1,427,000 foods (5/s) | I:354399 U:0 S:1072598 P:0 E:3 | fdc:2105542 ckpt:2105542
   ⚠️  UPC collision detected, falling back to row-level processing...
   📊 1,427,500 foods (5/s) | I:354399 U:0 S:1073098 P:0 E:3 | fdc:2106053 ckpt:2106053
   ⚠️  UPC collision detected, falling back to row-level processing...
   📊 1,428,000 foods (5/s) | I:354399 U:0 S:1073598 P:0 E:3 | fdc:2106571 ckpt:2106571
   ⚠️  UPC collision detected, falling back to row-level processing...
   📊 1,428,500 foods (5/s) | I:354399 U:0 S:1074098 P:0 E:3 | fdc:2107100 ckpt:2107100
   ⚠️  UPC collision detected, falling back to row-level processing...
   📊 1,429,000 foods (5/s) | I:354399 U:0 S:1074598 P:0 E:3 | fdc:2107728 ckpt:2107728
   ⚠️  UPC collision detected, falling back to row-level processing...
   📊 1,429,500 foods (5/s) | I:354400 U:0 S:1075097 P:0 E:3 | fdc:2108354 ckpt:2108354
   ⚠️  UPC collision detected, falling back to row-level processing...
   📊 1,430,000 foods (5/s) | I:354400 U:0 S:1075597 P:0 E:3 | fdc:2109275 ckpt:2109275
   ⚠️  UPC collision detected, falling back to row-level processing...
   📊 1,430,500 foods (5/s) | I:354400 U:0 S:1076097 P:0 E:3 | fdc:2109840 ckpt:2109840
   ⚠️  UPC collision detected, falling back to row-level processing...
   📊 1,431,000 foods (5/s) | I:354400 U:0 S:1076597 P:0 E:3 | fdc:2110357 ckpt:2110357
   ⚠️  UPC collision detected, falling back to row-level processing...
   📊 1,431,500 foods (5/s) | I:354400 U:0 S:1077097 P:0 E:3 | fdc:2110876 ckpt:2110876
   ⚠️  UPC collision detected, falling back to row-level processing...
   📊 1,432,000 foods (5/s) | I:354400 U:0 S:1077597 P:0 E:3 | fdc:2111444 ckpt:2111444
   ⚠️  UPC collision detected, falling back to row-level processing...
   📊 1,432,500 foods (5/s) | I:354400 U:0 S:1078097 P:0 E:3 | fdc:2112016 ckpt:2112016
   ⚠️  UPC collision detected, falling back to row-level processing...
   📊 1,433,000 foods (5/s) | I:354400 U:0 S:1078597 P:0 E:3 | fdc:2112521 ckpt:2112521
   ⚠️  UPC collision detected, falling back to row-level processing...
   📊 1,433,500 foods (5/s) | I:354400 U:0 S:1079097 P:0 E:3 | fdc:2113044 ckpt:2113044
   ⚠️  UPC collision detected, falling back to row-level processing...
   📊 1,434,000 foods (5/s) | I:354400 U:0 S:1079597 P:0 E:3 | fdc:2113573 ckpt:2113573
   ⚠️  UPC collision detected, falling back to row-level processing...
   📊 1,434,500 foods (5/s) | I:354400 U:0 S:1080097 P:0 E:3 | fdc:2114080 ckpt:2114080
   ⚠️  UPC collision detected, falling back to row-level processing...
   📊 1,435,000 foods (5/s) | I:354401 U:0 S:1080596 P:0 E:3 | fdc:2114589 ckpt:2114589
   ⚠️  UPC collision detected, falling back to row-level processing...
   📊 1,435,500 foods (5/s) | I:354401 U:0 S:1081096 P:0 E:3 | fdc:2115256 ckpt:2115256
   ⚠️  UPC collision detected, falling back to row-level processing...
   📊 1,436,000 foods (5/s) | I:354401 U:0 S:1081596 P:0 E:3 | fdc:2115942 ckpt:2115942
   ⚠️  UPC collision detected, falling back to row-level processing...
   📊 1,436,500 foods (5/s) | I:354401 U:0 S:1082096 P:0 E:3 | fdc:2116446 ckpt:2116446
   ⚠️  UPC collision detected, falling back to row-level processing...
   📊 1,437,000 foods (5/s) | I:354402 U:0 S:1082595 P:0 E:3 | fdc:2116997 ckpt:2116997
   ⚠️  UPC collision detected, falling back to row-level processing...
   📊 1,437,500 foods (5/s) | I:354402 U:0 S:1083095 P:0 E:3 | fdc:2117501 ckpt:2117501
   ⚠️  UPC collision detected, falling back to row-level processing...
   📊 1,438,000 foods (5/s) | I:354402 U:0 S:1083595 P:0 E:3 | fdc:2118011 ckpt:2118011
   ⚠️  UPC collision detected, falling back to row-level processing...
   📊 1,438,500 foods (5/s) | I:354402 U:0 S:1084095 P:0 E:3 | fdc:2118521 ckpt:2118521
   ⚠️  UPC collision detected, falling back to row-level processing...
   📊 1,439,000 foods (5/s) | I:354402 U:0 S:1084595 P:0 E:3 | fdc:2119024 ckpt:2119024
   ⚠️  UPC collision detected, falling back to row-level processing...
   📊 1,439,500 foods (5/s) | I:354402 U:0 S:1085095 P:0 E:3 | fdc:2119531 ckpt:2119531
   ⚠️  UPC collision detected, falling back to row-level processing...
   📊 1,440,000 foods (5/s) | I:354402 U:0 S:1085595 P:0 E:3 | fdc:2120033 ckpt:2120033
   ⚠️  UPC collision detected, falling back to row-level processing...
   📊 1,440,500 foods (5/s) | I:354402 U:0 S:1086095 P:0 E:3 | fdc:2120539 ckpt:2120539
   ⚠️  UPC collision detected, falling back to row-level processing...
   📊 1,441,000 foods (5/s) | I:354402 U:0 S:1086595 P:0 E:3 | fdc:2121055 ckpt:2121055
   ⚠️  UPC collision detected, falling back to row-level processing...
   📊 1,441,500 foods (5/s) | I:354403 U:0 S:1087094 P:0 E:3 | fdc:2121569 ckpt:2121569
   ⚠️  UPC collision detected, falling back to row-level processing...
   📊 1,442,000 foods (5/s) | I:354403 U:0 S:1087594 P:0 E:3 | fdc:2122146 ckpt:2122146
   ⚠️  UPC collision detected, falling back to row-level processing...
   📊 1,442,500 foods (5/s) | I:354403 U:0 S:1088094 P:0 E:3 | fdc:2122687 ckpt:2122687
   ⚠️  UPC collision detected, falling back to row-level processing...
   📊 1,443,000 foods (5/s) | I:354403 U:0 S:1088594 P:0 E:3 | fdc:2123221 ckpt:2123221
   ⚠️  UPC collision detected, falling back to row-level processing...
   📊 1,443,500 foods (5/s) | I:354403 U:0 S:1089094 P:0 E:3 | fdc:2123731 ckpt:2123731
   ⚠️  UPC collision detected, falling back to row-level processing...
   📊 1,444,000 foods (5/s) | I:354403 U:0 S:1089594 P:0 E:3 | fdc:2124257 ckpt:2124257
   ⚠️  UPC collision detected, falling back to row-level processing...
   📊 1,444,500 foods (5/s) | I:354403 U:0 S:1090094 P:0 E:3 | fdc:2124800 ckpt:2124800
   ⚠️  UPC collision detected, falling back to row-level processing...
   📊 1,445,000 foods (5/s) | I:354403 U:0 S:1090594 P:0 E:3 | fdc:2125430 ckpt:2125430
   ⚠️  UPC collision detected, falling back to row-level processing...
   📊 1,445,500 foods (5/s) | I:354403 U:0 S:1091094 P:0 E:3 | fdc:2125969 ckpt:2125969
   ⚠️  UPC collision detected, falling back to row-level processing...
   📊 1,446,000 foods (5/s) | I:354403 U:0 S:1091594 P:0 E:3 | fdc:2126482 ckpt:2126482
   ⚠️  UPC collision detected, falling back to row-level processing...
   📊 1,446,500 foods (5/s) | I:354403 U:0 S:1092094 P:0 E:3 | fdc:2127048 ckpt:2127048
   ⚠️  UPC collision detected, falling back to row-level processing...
   📊 1,447,000 foods (5/s) | I:354403 U:0 S:1092594 P:0 E:3 | fdc:2127582 ckpt:2127582
   ⚠️  UPC collision detected, falling back to row-level processing...
   📊 1,447,500 foods (5/s) | I:354403 U:0 S:1093094 P:0 E:3 | fdc:2128153 ckpt:2128153
   ⚠️  UPC collision detected, falling back to row-level processing...
   📊 1,448,000 foods (5/s) | I:354403 U:0 S:1093594 P:0 E:3 | fdc:2128720 ckpt:2128720
   ⚠️  UPC collision detected, falling back to row-level processing...
   📊 1,448,500 foods (5/s) | I:354403 U:0 S:1094094 P:0 E:3 | fdc:2129282 ckpt:2129282
   ⚠️  UPC collision detected, falling back to row-level processing...
   📊 1,449,000 foods (5/s) | I:354403 U:0 S:1094594 P:0 E:3 | fdc:2129945 ckpt:2129945
   ⚠️  UPC collision detected, falling back to row-level processing...
   📊 1,449,500 foods (5/s) | I:354403 U:0 S:1095094 P:0 E:3 | fdc:2130660 ckpt:2130660
   ⚠️  UPC collision detected, falling back to row-level processing...
   📊 1,450,000 foods (5/s) | I:354403 U:0 S:1095594 P:0 E:3 | fdc:2131227 ckpt:2131227
   ⚠️  UPC collision detected, falling back to row-level processing...
   📊 1,450,500 foods (5/s) | I:354403 U:0 S:1096094 P:0 E:3 | fdc:2131756 ckpt:2131756
   ⚠️  UPC collision detected, falling back to row-level processing...
   📊 1,451,000 foods (5/s) | I:354403 U:0 S:1096594 P:0 E:3 | fdc:2132401 ckpt:2132401
   ⚠️  UPC collision detected, falling back to row-level processing...
   📊 1,451,500 foods (5/s) | I:354403 U:0 S:1097094 P:0 E:3 | fdc:2133011 ckpt:2133011
   ⚠️  UPC collision detected, falling back to row-level processing...
   📊 1,452,000 foods (5/s) | I:354403 U:0 S:1097594 P:0 E:3 | fdc:2133590 ckpt:2133590
   ⚠️  UPC collision detected, falling back to row-level processing...
   📊 1,452,500 foods (5/s) | I:354403 U:0 S:1098094 P:0 E:3 | fdc:2134168 ckpt:2134168
   ⚠️  UPC collision detected, falling back to row-level processing...
   📊 1,453,000 foods (5/s) | I:354403 U:0 S:1098594 P:0 E:3 | fdc:2134681 ckpt:2134681
   ⚠️  UPC collision detected, falling back to row-level processing...
   📊 1,453,500 foods (5/s) | I:354403 U:0 S:1099094 P:0 E:3 | fdc:2135217 ckpt:2135217
   ⚠️  UPC collision detected, falling back to row-level processing...
   📊 1,454,000 foods (5/s) | I:354403 U:0 S:1099594 P:0 E:3 | fdc:2135759 ckpt:2135759
   ⚠️  UPC collision detected, falling back to row-level processing...
   📊 1,454,500 foods (5/s) | I:354403 U:0 S:1100094 P:0 E:3 | fdc:2136275 ckpt:2136275
   ⚠️  UPC collision detected, falling back to row-level processing...
   📊 1,455,000 foods (5/s) | I:354403 U:0 S:1100594 P:0 E:3 | fdc:2136794 ckpt:2136794
   ⚠️  UPC collision detected, falling back to row-level processing...
   📊 1,455,500 foods (5/s) | I:354403 U:0 S:1101094 P:0 E:3 | fdc:2137358 ckpt:2137358
   ⚠️  UPC collision detected, falling back to row-level processing...
   📊 1,456,000 foods (5/s) | I:354403 U:0 S:1101594 P:0 E:3 | fdc:2137910 ckpt:2137910
   ⚠️  UPC collision detected, falling back to row-level processing...
   📊 1,456,500 foods (5/s) | I:354403 U:0 S:1102094 P:0 E:3 | fdc:2138444 ckpt:2138444
   ⚠️  UPC collision detected, falling back to row-level processing...
   📊 1,457,000 foods (5/s) | I:354403 U:0 S:1102594 P:0 E:3 | fdc:2138996 ckpt:2138996
   ⚠️  UPC collision detected, falling back to row-level processing...
   📊 1,457,500 foods (5/s) | I:354403 U:0 S:1103094 P:0 E:3 | fdc:2139546 ckpt:2139546
   ⚠️  UPC collision detected, falling back to row-level processing...
   📊 1,458,000 foods (5/s) | I:354403 U:0 S:1103594 P:0 E:3 | fdc:2140111 ckpt:2140111
   ⚠️  UPC collision detected, falling back to row-level processing...
   📊 1,458,500 foods (5/s) | I:354403 U:0 S:1104094 P:0 E:3 | fdc:2140630 ckpt:2140630
   ⚠️  UPC collision detected, falling back to row-level processing...
   📊 1,459,000 foods (5/s) | I:354403 U:0 S:1104594 P:0 E:3 | fdc:2141239 ckpt:2141239
   ⚠️  UPC collision detected, falling back to row-level processing...
   📊 1,459,500 foods (5/s) | I:354403 U:0 S:1105094 P:0 E:3 | fdc:2141822 ckpt:2141822
   ⚠️  UPC collision detected, falling back to row-level processing...
   📊 1,460,000 foods (5/s) | I:354403 U:0 S:1105594 P:0 E:3 | fdc:2142382 ckpt:2142382
   ⚠️  UPC collision detected, falling back to row-level processing...
   📊 1,460,500 foods (5/s) | I:354403 U:0 S:1106094 P:0 E:3 | fdc:2142943 ckpt:2142943
   ⚠️  UPC collision detected, falling back to row-level processing...
   📊 1,461,000 foods (5/s) | I:354403 U:0 S:1106594 P:0 E:3 | fdc:2143502 ckpt:2143502
   ⚠️  UPC collision detected, falling back to row-level processing...
   📊 1,461,500 foods (5/s) | I:354403 U:0 S:1107094 P:0 E:3 | fdc:2144025 ckpt:2144025
   ⚠️  UPC collision detected, falling back to row-level processing...
   📊 1,462,000 foods (5/s) | I:354403 U:0 S:1107594 P:0 E:3 | fdc:2144532 ckpt:2144532
   ⚠️  UPC collision detected, falling back to row-level processing...
   📊 1,462,500 foods (5/s) | I:354403 U:0 S:1108094 P:0 E:3 | fdc:2145058 ckpt:2145058
   ⚠️  UPC collision detected, falling back to row-level processing...
   📊 1,463,000 foods (5/s) | I:354403 U:0 S:1108594 P:0 E:3 | fdc:2145578 ckpt:2145578
   ⚠️  UPC collision detected, falling back to row-level processing...
   📊 1,463,500 foods (5/s) | I:354403 U:0 S:1109094 P:0 E:3 | fdc:2146114 ckpt:2146114
   ⚠️  UPC collision detected, falling back to row-level processing...
   📊 1,464,000 foods (5/s) | I:354403 U:0 S:1109594 P:0 E:3 | fdc:2146677 ckpt:2146677
   ⚠️  UPC collision detected, falling back to row-level processing...
   📊 1,464,500 foods (5/s) | I:354403 U:0 S:1110094 P:0 E:3 | fdc:2147210 ckpt:2147210
   ⚠️  UPC collision detected, falling back to row-level processing...
   📊 1,465,000 foods (5/s) | I:354404 U:0 S:1110593 P:0 E:3 | fdc:2147740 ckpt:2147740
   ⚠️  UPC collision detected, falling back to row-level processing...
   📊 1,465,500 foods (5/s) | I:354404 U:0 S:1111093 P:0 E:3 | fdc:2148247 ckpt:2148247
   ⚠️  UPC collision detected, falling back to row-level processing...
   📊 1,466,000 foods (5/s) | I:354404 U:0 S:1111593 P:0 E:3 | fdc:2148758 ckpt:2148758
   ⚠️  UPC collision detected, falling back to row-level processing...
   📊 1,466,500 foods (5/s) | I:354405 U:0 S:1112092 P:0 E:3 | fdc:2149260 ckpt:2149260
   ⚠️  UPC collision detected, falling back to row-level processing...
   📊 1,467,000 foods (5/s) | I:354405 U:0 S:1112592 P:0 E:3 | fdc:2149772 ckpt:2149772
   ⚠️  UPC collision detected, falling back to row-level processing...
   📊 1,467,500 foods (5/s) | I:354405 U:0 S:1113092 P:0 E:3 | fdc:2150314 ckpt:2150314
   ⚠️  UPC collision detected, falling back to row-level processing...
   📊 1,468,000 foods (5/s) | I:354405 U:0 S:1113592 P:0 E:3 | fdc:2150836 ckpt:2150836
   ⚠️  UPC collision detected, falling back to row-level processing...
   📊 1,468,500 foods (5/s) | I:354406 U:0 S:1114091 P:0 E:3 | fdc:2151355 ckpt:2151355
   ⚠️  UPC collision detected, falling back to row-level processing...
   📊 1,469,000 foods (5/s) | I:354406 U:0 S:1114591 P:0 E:3 | fdc:2151881 ckpt:2151881
   ⚠️  UPC collision detected, falling back to row-level processing...
   📊 1,469,500 foods (5/s) | I:354406 U:0 S:1115091 P:0 E:3 | fdc:2152399 ckpt:2152399
   ⚠️  UPC collision detected, falling back to row-level processing...
   📊 1,470,000 foods (5/s) | I:354406 U:0 S:1115591 P:0 E:3 | fdc:2152909 ckpt:2152909
   ⚠️  UPC collision detected, falling back to row-level processing...
   📊 1,470,500 foods (5/s) | I:354406 U:0 S:1116091 P:0 E:3 | fdc:2153418 ckpt:2153418
   ⚠️  UPC collision detected, falling back to row-level processing...
   📊 1,471,000 foods (5/s) | I:354406 U:0 S:1116591 P:0 E:3 | fdc:2153933 ckpt:2153933
   ⚠️  UPC collision detected, falling back to row-level processing...
   📊 1,471,500 foods (5/s) | I:354406 U:0 S:1117091 P:0 E:3 | fdc:2154447 ckpt:2154447
   ⚠️  UPC collision detected, falling back to row-level processing...
   📊 1,472,000 foods (5/s) | I:354407 U:0 S:1117590 P:0 E:3 | fdc:2154948 ckpt:2154948
   ⚠️  UPC collision detected, falling back to row-level processing...
   📊 1,472,500 foods (5/s) | I:354407 U:0 S:1118090 P:0 E:3 | fdc:2155452 ckpt:2155452
   ⚠️  UPC collision detected, falling back to row-level processing...
   📊 1,473,000 foods (5/s) | I:354407 U:0 S:1118590 P:0 E:3 | fdc:2155953 ckpt:2155953
   ⚠️  UPC collision detected, falling back to row-level processing...
   📊 1,473,500 foods (5/s) | I:354408 U:0 S:1119089 P:0 E:3 | fdc:2156463 ckpt:2156463
   ⚠️  UPC collision detected, falling back to row-level processing...
   📊 1,474,000 foods (5/s) | I:354410 U:0 S:1119587 P:0 E:3 | fdc:2156987 ckpt:2156987
   ⚠️  UPC collision detected, falling back to row-level processing...
   📊 1,474,500 foods (5/s) | I:354414 U:0 S:1120083 P:0 E:3 | fdc:2157502 ckpt:2157502
   ⚠️  UPC collision detected, falling back to row-level processing...
   📊 1,475,000 foods (5/s) | I:354414 U:0 S:1120583 P:0 E:3 | fdc:2158006 ckpt:2158006
   ⚠️  UPC collision detected, falling back to row-level processing...
   📊 1,475,500 foods (5/s) | I:354414 U:0 S:1121083 P:0 E:3 | fdc:2158514 ckpt:2158514
   ⚠️  UPC collision detected, falling back to row-level processing...
   📊 1,476,000 foods (5/s) | I:354414 U:0 S:1121583 P:0 E:3 | fdc:2159045 ckpt:2159045
   ⚠️  UPC collision detected, falling back to row-level processing...
   📊 1,476,500 foods (5/s) | I:354414 U:0 S:1122083 P:0 E:3 | fdc:2159569 ckpt:2159569
   ⚠️  UPC collision detected, falling back to row-level processing...
   📊 1,477,000 foods (5/s) | I:354415 U:0 S:1122582 P:0 E:3 | fdc:2160076 ckpt:2160076
   ⚠️  UPC collision detected, falling back to row-level processing...
   📊 1,477,500 foods (5/s) | I:354417 U:0 S:1123080 P:0 E:3 | fdc:2160589 ckpt:2160589
   ⚠️  UPC collision detected, falling back to row-level processing...
   📊 1,478,000 foods (5/s) | I:354417 U:0 S:1123580 P:0 E:3 | fdc:2161100 ckpt:2161100
   ⚠️  UPC collision detected, falling back to row-level processing...
   📊 1,478,500 foods (5/s) | I:354417 U:0 S:1124080 P:0 E:3 | fdc:2161609 ckpt:2161609
   ⚠️  UPC collision detected, falling back to row-level processing...
   📊 1,479,000 foods (5/s) | I:354417 U:0 S:1124580 P:0 E:3 | fdc:2162116 ckpt:2162116
   ⚠️  UPC collision detected, falling back to row-level processing...
   📊 1,479,500 foods (5/s) | I:354417 U:0 S:1125080 P:0 E:3 | fdc:2162620 ckpt:2162620
   ⚠️  UPC collision detected, falling back to row-level processing...
   📊 1,480,000 foods (5/s) | I:354417 U:0 S:1125580 P:0 E:3 | fdc:2163141 ckpt:2163141
   ⚠️  UPC collision detected, falling back to row-level processing...
   📊 1,480,500 foods (5/s) | I:354419 U:0 S:1126078 P:0 E:3 | fdc:2163668 ckpt:2163668
   ⚠️  UPC collision detected, falling back to row-level processing...
   📊 1,481,000 foods (5/s) | I:354419 U:0 S:1126578 P:0 E:3 | fdc:2164183 ckpt:2164183
   ⚠️  UPC collision detected, falling back to row-level processing...
   📊 1,481,500 foods (5/s) | I:354419 U:0 S:1127078 P:0 E:3 | fdc:2164688 ckpt:2164688
   ⚠️  UPC collision detected, falling back to row-level processing...
   📊 1,482,000 foods (5/s) | I:354419 U:0 S:1127578 P:0 E:3 | fdc:2165202 ckpt:2165202
   ⚠️  UPC collision detected, falling back to row-level processing...
   📊 1,482,500 foods (5/s) | I:354419 U:0 S:1128078 P:0 E:3 | fdc:2165712 ckpt:2165712
   ⚠️  UPC collision detected, falling back to row-level processing...
   📊 1,483,000 foods (5/s) | I:354419 U:0 S:1128578 P:0 E:3 | fdc:2166214 ckpt:2166214
   ⚠️  UPC collision detected, falling back to row-level processing...
   📊 1,483,500 foods (5/s) | I:354421 U:0 S:1129076 P:0 E:3 | fdc:2166719 ckpt:2166719
   ⚠️  UPC collision detected, falling back to row-level processing...
   📊 1,484,000 foods (5/s) | I:354421 U:0 S:1129576 P:0 E:3 | fdc:2167221 ckpt:2167221
   ⚠️  UPC collision detected, falling back to row-level processing...
   📊 1,484,500 foods (5/s) | I:354421 U:0 S:1130076 P:0 E:3 | fdc:2167721 ckpt:2167721
   ⚠️  UPC collision detected, falling back to row-level processing...
   📊 1,485,000 foods (5/s) | I:354421 U:0 S:1130576 P:0 E:3 | fdc:2168222 ckpt:2168222
   ⚠️  UPC collision detected, falling back to row-level processing...
   📊 1,485,500 foods (5/s) | I:354421 U:0 S:1131076 P:0 E:3 | fdc:2168726 ckpt:2168726
   ⚠️  UPC collision detected, falling back to row-level processing...
   📊 1,486,000 foods (5/s) | I:354422 U:0 S:1131575 P:0 E:3 | fdc:2169229 ckpt:2169229
   ⚠️  UPC collision detected, falling back to row-level processing...
   📊 1,486,500 foods (5/s) | I:354422 U:0 S:1132075 P:0 E:3 | fdc:2169737 ckpt:2169737
   ⚠️  UPC collision detected, falling back to row-level processing...
   📊 1,487,000 foods (5/s) | I:354422 U:0 S:1132575 P:0 E:3 | fdc:2170240 ckpt:2170240
   ⚠️  UPC collision detected, falling back to row-level processing...
   📊 1,487,500 foods (5/s) | I:354424 U:0 S:1133073 P:0 E:3 | fdc:2170742 ckpt:2170742
   ⚠️  UPC collision detected, falling back to row-level processing...
   📊 1,488,000 foods (5/s) | I:354424 U:0 S:1133573 P:0 E:3 | fdc:2171248 ckpt:2171248
   ⚠️  UPC collision detected, falling back to row-level processing...
   📊 1,488,500 foods (5/s) | I:354425 U:0 S:1134072 P:0 E:3 | fdc:2171755 ckpt:2171755
   ⚠️  UPC collision detected, falling back to row-level processing...
   📊 1,489,000 foods (5/s) | I:354425 U:0 S:1134572 P:0 E:3 | fdc:2172273 ckpt:2172273
   ⚠️  UPC collision detected, falling back to row-level processing...
   📊 1,489,500 foods (5/s) | I:354426 U:0 S:1135071 P:0 E:3 | fdc:2172774 ckpt:2172774
   ⚠️  UPC collision detected, falling back to row-level processing...
   📊 1,490,000 foods (5/s) | I:354427 U:0 S:1135570 P:0 E:3 | fdc:2173276 ckpt:2173276
   ⚠️  UPC collision detected, falling back to row-level processing...
   📊 1,490,500 foods (5/s) | I:354427 U:0 S:1136070 P:0 E:3 | fdc:2173789 ckpt:2173789
   ⚠️  UPC collision detected, falling back to row-level processing...
   📊 1,491,000 foods (5/s) | I:354428 U:0 S:1136569 P:0 E:3 | fdc:2174301 ckpt:2174301
   ⚠️  UPC collision detected, falling back to row-level processing...
   📊 1,491,500 foods (5/s) | I:354428 U:0 S:1137069 P:0 E:3 | fdc:2174801 ckpt:2174801
   ⚠️  UPC collision detected, falling back to row-level processing...
   📊 1,492,000 foods (5/s) | I:354429 U:0 S:1137568 P:0 E:3 | fdc:2175306 ckpt:2175306
   ⚠️  UPC collision detected, falling back to row-level processing...
   📊 1,492,500 foods (5/s) | I:354429 U:0 S:1138068 P:0 E:3 | fdc:2175813 ckpt:2175813
   ⚠️  UPC collision detected, falling back to row-level processing...
   📊 1,493,000 foods (5/s) | I:354432 U:0 S:1138565 P:0 E:3 | fdc:2176318 ckpt:2176318
   ⚠️  UPC collision detected, falling back to row-level processing...
   📊 1,493,500 foods (5/s) | I:354433 U:0 S:1139064 P:0 E:3 | fdc:2176818 ckpt:2176818
   ⚠️  UPC collision detected, falling back to row-level processing...
   📊 1,494,000 foods (5/s) | I:354436 U:0 S:1139561 P:0 E:3 | fdc:2177322 ckpt:2177322
   ⚠️  UPC collision detected, falling back to row-level processing...
   📊 1,494,500 foods (5/s) | I:354436 U:0 S:1140061 P:0 E:3 | fdc:2177824 ckpt:2177824
   ⚠️  UPC collision detected, falling back to row-level processing...
   📊 1,495,000 foods (5/s) | I:354632 U:0 S:1140365 P:0 E:3 | fdc:2178330 ckpt:2178330
   📊 1,495,500 foods (5/s) | I:355132 U:0 S:1140365 P:0 E:3 | fdc:2178840 ckpt:2178840
   ⚠️  Transient error (attempt 1/6): TypeError: fetch failed
   ⏳ Retrying in 1s...
   📊 1,496,000 foods (5/s) | I:355632 U:0 S:1140365 P:0 E:3 | fdc:2179342 ckpt:2179342
   📊 1,496,500 foods (5/s) | I:356132 U:0 S:1140365 P:0 E:3 | fdc:2179844 ckpt:2179844
   📊 1,497,000 foods (5/s) | I:356632 U:0 S:1140365 P:0 E:3 | fdc:2180346 ckpt:2180346
   📊 1,497,500 foods (5/s) | I:357132 U:0 S:1140365 P:0 E:3 | fdc:2180848 ckpt:2180848
   📊 1,498,000 foods (5/s) | I:357632 U:0 S:1140365 P:0 E:3 | fdc:2181349 ckpt:2181349
   📊 1,498,500 foods (5/s) | I:358132 U:0 S:1140365 P:0 E:3 | fdc:2181855 ckpt:2181855
   📊 1,499,000 foods (5/s) | I:358632 U:0 S:1140365 P:0 E:3 | fdc:2182357 ckpt:2182357
   ⚠️  UPC collision detected, falling back to row-level processing...
   📊 1,499,500 foods (5/s) | I:359131 U:0 S:1140366 P:0 E:3 | fdc:2182858 ckpt:2182858
   ⚠️  UPC collision detected, falling back to row-level processing...
   📊 1,500,000 foods (5/s) | I:359475 U:0 S:1140522 P:0 E:3 | fdc:2183358 ckpt:2183358
   ⚠️  UPC collision detected, falling back to row-level processing...
   📊 1,500,500 foods (5/s) | I:359475 U:0 S:1141022 P:0 E:3 | fdc:2183858 ckpt:2183858
   ⚠️  UPC collision detected, falling back to row-level processing...
   📊 1,501,000 foods (5/s) | I:359475 U:0 S:1141522 P:0 E:3 | fdc:2184358 ckpt:2184358
   ⚠️  UPC collision detected, falling back to row-level processing...
   📊 1,501,500 foods (5/s) | I:359476 U:0 S:1142021 P:0 E:3 | fdc:2184858 ckpt:2184858
   ⚠️  UPC collision detected, falling back to row-level processing...
   📊 1,502,000 foods (5/s) | I:359942 U:0 S:1142055 P:0 E:3 | fdc:2185359 ckpt:2185359
   ⚠️  UPC collision detected, falling back to row-level processing...
   📊 1,502,500 foods (5/s) | I:359998 U:0 S:1142499 P:0 E:3 | fdc:2185862 ckpt:2185862
   ⚠️  UPC collision detected, falling back to row-level processing...
   📊 1,503,000 foods (5/s) | I:360011 U:0 S:1142986 P:0 E:3 | fdc:2186369 ckpt:2186369
   ⚠️  UPC collision detected, falling back to row-level processing...
   📊 1,503,500 foods (5/s) | I:360026 U:0 S:1143471 P:0 E:3 | fdc:2186873 ckpt:2186873
   ⚠️  UPC collision detected, falling back to row-level processing...
   📊 1,504,000 foods (5/s) | I:360029 U:0 S:1143968 P:0 E:3 | fdc:2187379 ckpt:2187379
   ⚠️  UPC collision detected, falling back to row-level processing...
   📊 1,504,500 foods (5/s) | I:360033 U:0 S:1144464 P:0 E:3 | fdc:2187897 ckpt:2187897
   ⚠️  UPC collision detected, falling back to row-level processing...
   📊 1,505,000 foods (5/s) | I:360033 U:0 S:1144964 P:0 E:3 | fdc:2188397 ckpt:2188397
   ⚠️  UPC collision detected, falling back to row-level processing...
   📊 1,505,500 foods (5/s) | I:360036 U:0 S:1145461 P:0 E:3 | fdc:2188951 ckpt:2188951
   ⚠️  UPC collision detected, falling back to row-level processing...
   📊 1,506,000 foods (5/s) | I:360036 U:0 S:1145961 P:0 E:3 | fdc:2189464 ckpt:2189464
   ⚠️  UPC collision detected, falling back to row-level processing...
   📊 1,506,500 foods (5/s) | I:360037 U:0 S:1146460 P:0 E:3 | fdc:2190010 ckpt:2190010
   ⚠️  Transient error (attempt 1/6): TypeError: fetch failed
   ⏳ Retrying in 1s...
   ⚠️  UPC collision detected, falling back to row-level processing...
   📊 1,507,000 foods (5/s) | I:360037 U:0 S:1146960 P:0 E:3 | fdc:2190529 ckpt:2190529
   ⚠️  UPC collision detected, falling back to row-level processing...
   📊 1,507,500 foods (5/s) | I:360048 U:0 S:1147449 P:0 E:3 | fdc:2191045 ckpt:2191045
   ⚠️  UPC collision detected, falling back to row-level processing...
   📊 1,508,000 foods (5/s) | I:360054 U:0 S:1147943 P:0 E:3 | fdc:2191553 ckpt:2191553
   ⚠️  UPC collision detected, falling back to row-level processing...
   📊 1,508,500 foods (5/s) | I:360060 U:0 S:1148437 P:0 E:3 | fdc:2192054 ckpt:2192054
   ⚠️  UPC collision detected, falling back to row-level processing...
   📊 1,509,000 foods (5/s) | I:360539 U:0 S:1148458 P:0 E:3 | fdc:2192556 ckpt:2192556
   📊 1,509,500 foods (5/s) | I:361039 U:0 S:1148458 P:0 E:3 | fdc:2193056 ckpt:2193056
   📊 1,510,000 foods (5/s) | I:361539 U:0 S:1148458 P:0 E:3 | fdc:2193556 ckpt:2193556
   📊 1,510,500 foods (5/s) | I:362039 U:0 S:1148458 P:0 E:3 | fdc:2194060 ckpt:2194060
   📊 1,511,000 foods (5/s) | I:362539 U:0 S:1148458 P:0 E:3 | fdc:2194560 ckpt:2194560
   📊 1,511,500 foods (5/s) | I:363039 U:0 S:1148458 P:0 E:3 | fdc:2195062 ckpt:2195062
   📊 1,512,000 foods (5/s) | I:363539 U:0 S:1148458 P:0 E:3 | fdc:2195564 ckpt:2195564
   📊 1,512,500 foods (5/s) | I:364039 U:0 S:1148458 P:0 E:3 | fdc:2196065 ckpt:2196065
   ⚠️  UPC collision detected, falling back to row-level processing...
   📊 1,513,000 foods (5/s) | I:364468 U:0 S:1148529 P:0 E:3 | fdc:2196566 ckpt:2196566
   ⚠️  UPC collision detected, falling back to row-level processing...
   📊 1,513,500 foods (5/s) | I:364468 U:0 S:1149029 P:0 E:3 | fdc:2197066 ckpt:2197066
   ⚠️  UPC collision detected, falling back to row-level processing...
   📊 1,514,000 foods (5/s) | I:364479 U:0 S:1149518 P:0 E:3 | fdc:2197571 ckpt:2197571
   ⚠️  UPC collision detected, falling back to row-level processing...
   📊 1,514,500 foods (5/s) | I:364636 U:0 S:1149861 P:0 E:3 | fdc:2198071 ckpt:2198071
   ⚠️  UPC collision detected, falling back to row-level processing...
   📊 1,515,000 foods (5/s) | I:364644 U:0 S:1150353 P:0 E:3 | fdc:2198580 ckpt:2198580
   ⚠️  UPC collision detected, falling back to row-level processing...
   📊 1,515,500 foods (5/s) | I:364650 U:0 S:1150847 P:0 E:3 | fdc:2199089 ckpt:2199089
   ⚠️  UPC collision detected, falling back to row-level processing...
   📊 1,516,000 foods (5/s) | I:364657 U:0 S:1151340 P:0 E:3 | fdc:2199709 ckpt:2199709
   ⚠️  UPC collision detected, falling back to row-level processing...
   📊 1,516,500 foods (5/s) | I:364662 U:0 S:1151835 P:0 E:3 | fdc:2200380 ckpt:2200380
   ⚠️  UPC collision detected, falling back to row-level processing...
   📊 1,517,000 foods (5/s) | I:364662 U:0 S:1152335 P:0 E:3 | fdc:2201305 ckpt:2201305
   ⚠️  UPC collision detected, falling back to row-level processing...
   📊 1,517,500 foods (5/s) | I:364664 U:0 S:1152833 P:0 E:3 | fdc:2201912 ckpt:2201912
   ⚠️  UPC collision detected, falling back to row-level processing...
   📊 1,518,000 foods (5/s) | I:364664 U:0 S:1153333 P:0 E:3 | fdc:2202509 ckpt:2202509
   ⚠️  UPC collision detected, falling back to row-level processing...
   📊 1,518,500 foods (5/s) | I:364672 U:0 S:1153825 P:0 E:3 | fdc:2203054 ckpt:2203054
   ⚠️  UPC collision detected, falling back to row-level processing...
   📊 1,519,000 foods (5/s) | I:364680 U:0 S:1154317 P:0 E:3 | fdc:2203596 ckpt:2203596
   ⚠️  UPC collision detected, falling back to row-level processing...
   📊 1,519,500 foods (5/s) | I:365058 U:0 S:1154439 P:0 E:3 | fdc:2204415 ckpt:2204415
   📊 1,520,000 foods (5/s) | I:365558 U:0 S:1154439 P:0 E:3 | fdc:2205309 ckpt:2205309
   📊 1,520,500 foods (5/s) | I:366058 U:0 S:1154439 P:0 E:3 | fdc:2206218 ckpt:2206218
   📊 1,521,000 foods (5/s) | I:366558 U:0 S:1154439 P:0 E:3 | fdc:2207486 ckpt:2207486
   ⚠️  UPC collision detected, falling back to row-level processing...
   📊 1,521,500 foods (5/s) | I:366724 U:0 S:1154773 P:0 E:3 | fdc:2208286 ckpt:2208286
   ⚠️  UPC collision detected, falling back to row-level processing...
   📊 1,522,000 foods (5/s) | I:366724 U:0 S:1155273 P:0 E:3 | fdc:2208786 ckpt:2208786
   ⚠️  UPC collision detected, falling back to row-level processing...
   📊 1,522,500 foods (5/s) | I:366724 U:0 S:1155773 P:0 E:3 | fdc:2209291 ckpt:2209291
   ⚠️  UPC collision detected, falling back to row-level processing...
   📊 1,523,000 foods (5/s) | I:366724 U:0 S:1156273 P:0 E:3 | fdc:2209797 ckpt:2209797
   ⚠️  UPC collision detected, falling back to row-level processing...
   📊 1,523,500 foods (5/s) | I:366724 U:0 S:1156773 P:0 E:3 | fdc:2210307 ckpt:2210307
   ⚠️  UPC collision detected, falling back to row-level processing...
   📊 1,524,000 foods (5/s) | I:366724 U:0 S:1157273 P:0 E:3 | fdc:2210842 ckpt:2210842
   ⚠️  UPC collision detected, falling back to row-level processing...
   📊 1,524,500 foods (5/s) | I:366724 U:0 S:1157773 P:0 E:3 | fdc:2211481 ckpt:2211481
   ⚠️  UPC collision detected, falling back to row-level processing...
   📊 1,525,000 foods (5/s) | I:366724 U:0 S:1158273 P:0 E:3 | fdc:2212281 ckpt:2212281
   ⚠️  UPC collision detected, falling back to row-level processing...
   📊 1,525,500 foods (5/s) | I:366724 U:0 S:1158773 P:0 E:3 | fdc:2213096 ckpt:2213096
   ⚠️  UPC collision detected, falling back to row-level processing...
   📊 1,526,000 foods (5/s) | I:366724 U:0 S:1159273 P:0 E:3 | fdc:2213693 ckpt:2213693
   ⚠️  UPC collision detected, falling back to row-level processing...
   📊 1,526,500 foods (5/s) | I:366724 U:0 S:1159773 P:0 E:3 | fdc:2214240 ckpt:2214240
   ⚠️  Transient error (attempt 1/6): TypeError: fetch failed
   ⏳ Retrying in 1s...
   ⚠️  Transient error (attempt 2/6): TypeError: fetch failed
   ⏳ Retrying in 1s...
   ⚠️  UPC collision detected, falling back to row-level processing...
   📊 1,527,000 foods (5/s) | I:366724 U:0 S:1160273 P:0 E:3 | fdc:2214815 ckpt:2214815
   ⚠️  UPC collision detected, falling back to row-level processing...
   📊 1,527,500 foods (5/s) | I:366724 U:0 S:1160773 P:0 E:3 | fdc:2215485 ckpt:2215485
   ⚠️  UPC collision detected, falling back to row-level processing...
   📊 1,528,000 foods (5/s) | I:366724 U:0 S:1161273 P:0 E:3 | fdc:2216333 ckpt:2216333
   ⚠️  UPC collision detected, falling back to row-level processing...
   📊 1,528,500 foods (5/s) | I:366724 U:0 S:1161773 P:0 E:3 | fdc:2217240 ckpt:2217240
   ⚠️  UPC collision detected, falling back to row-level processing...
   📊 1,529,000 foods (5/s) | I:366724 U:0 S:1162273 P:0 E:3 | fdc:2218121 ckpt:2218121
   ⚠️  UPC collision detected, falling back to row-level processing...
   📊 1,529,500 foods (5/s) | I:366724 U:0 S:1162773 P:0 E:3 | fdc:2219507 ckpt:2219507
   ⚠️  UPC collision detected, falling back to row-level processing...
   📊 1,530,000 foods (5/s) | I:366725 U:0 S:1163272 P:0 E:3 | fdc:2220007 ckpt:2220007
   ⚠️  UPC collision detected, falling back to row-level processing...
   📊 1,530,500 foods (5/s) | I:366725 U:0 S:1163772 P:0 E:3 | fdc:2220507 ckpt:2220507
   ⚠️  UPC collision detected, falling back to row-level processing...
   📊 1,531,000 foods (5/s) | I:366725 U:0 S:1164272 P:0 E:3 | fdc:2221007 ckpt:2221007
   ⚠️  UPC collision detected, falling back to row-level processing...
   📊 1,531,500 foods (5/s) | I:366725 U:0 S:1164772 P:0 E:3 | fdc:2221507 ckpt:2221507
   ⚠️  UPC collision detected, falling back to row-level processing...
   📊 1,532,000 foods (5/s) | I:366725 U:0 S:1165272 P:0 E:3 | fdc:2222007 ckpt:2222007
   ⚠️  UPC collision detected, falling back to row-level processing...
   📊 1,532,500 foods (5/s) | I:366784 U:0 S:1165713 P:0 E:3 | fdc:2222514 ckpt:2222514
   ⚠️  UPC collision detected, falling back to row-level processing...
   📊 1,533,000 foods (5/s) | I:366812 U:0 S:1166185 P:0 E:3 | fdc:2223014 ckpt:2223014
   ⚠️  UPC collision detected, falling back to row-level processing...
   📊 1,533,500 foods (5/s) | I:366988 U:0 S:1166509 P:0 E:3 | fdc:2746980 ckpt:2746980
   📋 Deduplicated 1 intra-batch UPC duplicates
   ⚠️  UPC collision detected, falling back to row-level processing...
   📊 1,534,000 foods (5/s) | I:367201 U:0 S:1166796 P:0 E:3 | fdc:2226007 ckpt:2226007
   ⚠️  UPC collision detected, falling back to row-level processing...
   📊 1,534,500 foods (5/s) | I:367201 U:0 S:1167296 P:0 E:3 | fdc:2226507 ckpt:2226507
   ⚠️  UPC collision detected, falling back to row-level processing...
   📊 1,535,000 foods (5/s) | I:367201 U:0 S:1167796 P:0 E:3 | fdc:2227007 ckpt:2227007
   ⚠️  UPC collision detected, falling back to row-level processing...
   📊 1,535,500 foods (5/s) | I:367201 U:0 S:1168296 P:0 E:3 | fdc:2227507 ckpt:2227507
   ⚠️  UPC collision detected, falling back to row-level processing...
   📊 1,536,000 foods (5/s) | I:367201 U:0 S:1168796 P:0 E:3 | fdc:2228007 ckpt:2228007
   ⚠️  UPC collision detected, falling back to row-level processing...
   📊 1,536,500 foods (5/s) | I:367208 U:0 S:1169289 P:0 E:3 | fdc:2228514 ckpt:2228514
   ⚠️  UPC collision detected, falling back to row-level processing...
   📊 1,537,000 foods (5/s) | I:367209 U:0 S:1169788 P:0 E:3 | fdc:2229015 ckpt:2229015
   ⚠️  UPC collision detected, falling back to row-level processing...
   📊 1,537,500 foods (5/s) | I:367224 U:0 S:1170273 P:0 E:3 | fdc:2229515 ckpt:2229515
   ⚠️  UPC collision detected, falling back to row-level processing...
   📊 1,538,000 foods (5/s) | I:367224 U:0 S:1170773 P:0 E:3 | fdc:2230015 ckpt:2230015
   ⚠️  UPC collision detected, falling back to row-level processing...
   📊 1,538,500 foods (5/s) | I:367224 U:0 S:1171273 P:0 E:3 | fdc:2230515 ckpt:2230515
   ⚠️  UPC collision detected, falling back to row-level processing...
   📊 1,539,000 foods (5/s) | I:367224 U:0 S:1171773 P:0 E:3 | fdc:2231015 ckpt:2231015
   ⚠️  UPC collision detected, falling back to row-level processing...
   📊 1,539,500 foods (5/s) | I:367224 U:0 S:1172273 P:0 E:3 | fdc:2231515 ckpt:2231515
   ⚠️  UPC collision detected, falling back to row-level processing...
   📊 1,540,000 foods (5/s) | I:367224 U:0 S:1172773 P:0 E:3 | fdc:2232015 ckpt:2232015
   ⚠️  UPC collision detected, falling back to row-level processing...
   📊 1,540,500 foods (5/s) | I:367231 U:0 S:1173266 P:0 E:3 | fdc:2232522 ckpt:2232522
   ⚠️  UPC collision detected, falling back to row-level processing...
   📊 1,541,000 foods (5/s) | I:367233 U:0 S:1173764 P:0 E:3 | fdc:2233022 ckpt:2233022
   ⚠️  UPC collision detected, falling back to row-level processing...
   📊 1,541,500 foods (5/s) | I:367233 U:0 S:1174264 P:0 E:3 | fdc:2233523 ckpt:2233523
   ⚠️  UPC collision detected, falling back to row-level processing...
   📊 1,542,000 foods (5/s) | I:367338 U:0 S:1174659 P:0 E:3 | fdc:2234024 ckpt:2234024
   ⚠️  UPC collision detected, falling back to row-level processing...
   📊 1,542,500 foods (5/s) | I:367338 U:0 S:1175159 P:0 E:3 | fdc:2234524 ckpt:2234524
   ⚠️  UPC collision detected, falling back to row-level processing...
   📊 1,543,000 foods (5/s) | I:367338 U:0 S:1175659 P:0 E:3 | fdc:2235027 ckpt:2235027
   ⚠️  UPC collision detected, falling back to row-level processing...
   📊 1,543,500 foods (5/s) | I:367342 U:0 S:1176155 P:0 E:3 | fdc:2235531 ckpt:2235531
   ⚠️  UPC collision detected, falling back to row-level processing...
   📊 1,544,000 foods (5/s) | I:367346 U:0 S:1176651 P:0 E:3 | fdc:2236031 ckpt:2236031
   ⚠️  UPC collision detected, falling back to row-level processing...
   📊 1,544,500 foods (5/s) | I:367346 U:0 S:1177151 P:0 E:3 | fdc:2236532 ckpt:2236532
   ⚠️  UPC collision detected, falling back to row-level processing...
   📊 1,545,000 foods (5/s) | I:367346 U:0 S:1177651 P:0 E:3 | fdc:2237032 ckpt:2237032
   ⚠️  UPC collision detected, falling back to row-level processing...
   📊 1,545,500 foods (5/s) | I:367355 U:0 S:1178142 P:0 E:3 | fdc:2237532 ckpt:2237532
   ⚠️  UPC collision detected, falling back to row-level processing...
   📊 1,546,000 foods (5/s) | I:367395 U:0 S:1178602 P:0 E:3 | fdc:2238032 ckpt:2238032
   📋 Deduplicated 77 intra-batch UPC duplicates
   ⚠️  UPC collision detected, falling back to row-level processing...
   📊 1,546,500 foods (5/s) | I:367426 U:0 S:1179071 P:0 E:3 | fdc:2238551 ckpt:2238551
   📋 Deduplicated 293 intra-batch UPC duplicates
   ⚠️  UPC collision detected, falling back to row-level processing...
   📊 1,547,000 foods (5/s) | I:367426 U:0 S:1179571 P:0 E:3 | fdc:2239163 ckpt:2239163
   📋 Deduplicated 246 intra-batch UPC duplicates
   ⚠️  UPC collision detected, falling back to row-level processing...
   📊 1,547,500 foods (5/s) | I:367430 U:0 S:1180067 P:0 E:3 | fdc:2239745 ckpt:2239745
   📋 Deduplicated 227 intra-batch UPC duplicates
   ⚠️  UPC collision detected, falling back to row-level processing...
   📊 1,548,000 foods (5/s) | I:367430 U:0 S:1180567 P:0 E:3 | fdc:2240277 ckpt:2240277
   📋 Deduplicated 326 intra-batch UPC duplicates
   ⚠️  UPC collision detected, falling back to row-level processing...
   📊 1,548,500 foods (5/s) | I:367430 U:0 S:1181067 P:0 E:3 | fdc:2240795 ckpt:2240795
   📋 Deduplicated 314 intra-batch UPC duplicates
   ⚠️  UPC collision detected, falling back to row-level processing...
   📊 1,549,000 foods (5/s) | I:367430 U:0 S:1181567 P:0 E:3 | fdc:2241317 ckpt:2241317
   📋 Deduplicated 289 intra-batch UPC duplicates
   ⚠️  UPC collision detected, falling back to row-level processing...
   📊 1,549,500 foods (5/s) | I:367430 U:0 S:1182067 P:0 E:3 | fdc:2241848 ckpt:2241848
   📋 Deduplicated 215 intra-batch UPC duplicates
   ⚠️  UPC collision detected, falling back to row-level processing...
   📊 1,550,000 foods (5/s) | I:367434 U:0 S:1182563 P:0 E:3 | fdc:2242373 ckpt:2242373
   📋 Deduplicated 233 intra-batch UPC duplicates
   ⚠️  UPC collision detected, falling back to row-level processing...
   📊 1,550,500 foods (5/s) | I:367435 U:0 S:1183062 P:0 E:3 | fdc:2242922 ckpt:2242922
   📋 Deduplicated 324 intra-batch UPC duplicates
   ⚠️  Transient error (attempt 1/6): TypeError: fetch failed
   ⏳ Retrying in 1s...
   ⚠️  UPC collision detected, falling back to row-level processing...
   📊 1,551,000 foods (5/s) | I:367436 U:0 S:1183561 P:0 E:3 | fdc:2243446 ckpt:2243446
   📋 Deduplicated 270 intra-batch UPC duplicates
   ⚠️  UPC collision detected, falling back to row-level processing...
   📊 1,551,500 foods (5/s) | I:367436 U:0 S:1184061 P:0 E:3 | fdc:2244006 ckpt:2244006
   📋 Deduplicated 236 intra-batch UPC duplicates
   ⚠️  UPC collision detected, falling back to row-level processing...
   📊 1,552,000 foods (5/s) | I:367437 U:0 S:1184560 P:0 E:3 | fdc:2244579 ckpt:2244579
   📋 Deduplicated 245 intra-batch UPC duplicates
   ⚠️  UPC collision detected, falling back to row-level processing...
   📊 1,552,500 foods (5/s) | I:367438 U:0 S:1185059 P:0 E:3 | fdc:2245144 ckpt:2245144
   📋 Deduplicated 322 intra-batch UPC duplicates
   ⚠️  UPC collision detected, falling back to row-level processing...
   📊 1,553,000 foods (5/s) | I:367438 U:0 S:1185559 P:0 E:3 | fdc:2245708 ckpt:2245708
   📋 Deduplicated 323 intra-batch UPC duplicates
   ⚠️  UPC collision detected, falling back to row-level processing...
   📊 1,553,500 foods (5/s) | I:367438 U:0 S:1186059 P:0 E:3 | fdc:2246277 ckpt:2246277
   📋 Deduplicated 320 intra-batch UPC duplicates
   ⚠️  UPC collision detected, falling back to row-level processing...
   📊 1,554,000 foods (5/s) | I:367438 U:0 S:1186559 P:0 E:3 | fdc:2246839 ckpt:2246839
   📋 Deduplicated 294 intra-batch UPC duplicates
   ⚠️  UPC collision detected, falling back to row-level processing...
   📊 1,554,500 foods (5/s) | I:367438 U:0 S:1187059 P:0 E:3 | fdc:2247376 ckpt:2247376
   📋 Deduplicated 319 intra-batch UPC duplicates
   ⚠️  UPC collision detected, falling back to row-level processing...
   📊 1,555,000 foods (5/s) | I:367438 U:0 S:1187559 P:0 E:3 | fdc:2247902 ckpt:2247902
   📋 Deduplicated 336 intra-batch UPC duplicates
   ⚠️  UPC collision detected, falling back to row-level processing...
   📊 1,555,500 foods (5/s) | I:367438 U:0 S:1188059 P:0 E:3 | fdc:2248404 ckpt:2248404
   📋 Deduplicated 286 intra-batch UPC duplicates
   ⚠️  UPC collision detected, falling back to row-level processing...
   📊 1,556,000 foods (5/s) | I:367438 U:0 S:1188559 P:0 E:3 | fdc:2248952 ckpt:2248952
   📋 Deduplicated 322 intra-batch UPC duplicates
   ⚠️  UPC collision detected, falling back to row-level processing...
   📊 1,556,500 foods (5/s) | I:367438 U:0 S:1189059 P:0 E:3 | fdc:2249470 ckpt:2249470
   📋 Deduplicated 338 intra-batch UPC duplicates
   ⚠️  UPC collision detected, falling back to row-level processing...
   📊 1,557,000 foods (5/s) | I:367438 U:0 S:1189559 P:0 E:3 | fdc:2249973 ckpt:2249973
   📋 Deduplicated 319 intra-batch UPC duplicates
   ⚠️  UPC collision detected, falling back to row-level processing...
   📊 1,557,500 foods (5/s) | I:367438 U:0 S:1190059 P:0 E:3 | fdc:2250485 ckpt:2250485
   📋 Deduplicated 325 intra-batch UPC duplicates
   ⚠️  UPC collision detected, falling back to row-level processing...
   📊 1,558,000 foods (5/s) | I:367438 U:0 S:1190559 P:0 E:3 | fdc:2250996 ckpt:2250996
   📋 Deduplicated 333 intra-batch UPC duplicates
   ⚠️  UPC collision detected, falling back to row-level processing...
   📊 1,558,500 foods (5/s) | I:367438 U:0 S:1191059 P:0 E:3 | fdc:2251570 ckpt:2251570
   📋 Deduplicated 330 intra-batch UPC duplicates
   ⚠️  UPC collision detected, falling back to row-level processing...
   📊 1,559,000 foods (5/s) | I:367438 U:0 S:1191559 P:0 E:3 | fdc:2252147 ckpt:2252147
   📋 Deduplicated 333 intra-batch UPC duplicates
   ⚠️  UPC collision detected, falling back to row-level processing...
   📊 1,559,500 foods (5/s) | I:367438 U:0 S:1192059 P:0 E:3 | fdc:2252702 ckpt:2252702
   📋 Deduplicated 311 intra-batch UPC duplicates
   ⚠️  UPC collision detected, falling back to row-level processing...
   📊 1,560,000 foods (5/s) | I:367438 U:0 S:1192559 P:0 E:3 | fdc:2253257 ckpt:2253257
   📋 Deduplicated 297 intra-batch UPC duplicates
   ⚠️  UPC collision detected, falling back to row-level processing...
   📊 1,560,500 foods (5/s) | I:367439 U:0 S:1193058 P:0 E:3 | fdc:2253795 ckpt:2253795
   📋 Deduplicated 281 intra-batch UPC duplicates
   ⚠️  UPC collision detected, falling back to row-level processing...
   📊 1,561,000 foods (5/s) | I:367449 U:0 S:1193548 P:0 E:3 | fdc:2254383 ckpt:2254383
   📋 Deduplicated 284 intra-batch UPC duplicates
   ⚠️  UPC collision detected, falling back to row-level processing...
   📊 1,561,500 foods (5/s) | I:367461 U:0 S:1194036 P:0 E:3 | fdc:2254908 ckpt:2254908
   📋 Deduplicated 203 intra-batch UPC duplicates
   ⚠️  UPC collision detected, falling back to row-level processing...
   📊 1,562,000 foods (5/s) | I:367492 U:0 S:1194505 P:0 E:3 | fdc:2255521 ckpt:2255521
   📋 Deduplicated 256 intra-batch UPC duplicates
   ⚠️  UPC collision detected, falling back to row-level processing...
   📊 1,562,500 foods (5/s) | I:367517 U:0 S:1194980 P:0 E:3 | fdc:2256152 ckpt:2256152
   📋 Deduplicated 193 intra-batch UPC duplicates
   ⚠️  UPC collision detected, falling back to row-level processing...
   📊 1,563,000 foods (5/s) | I:367572 U:0 S:1195425 P:0 E:3 | fdc:2256667 ckpt:2256667
   📋 Deduplicated 45 intra-batch UPC duplicates
   ⚠️  UPC collision detected, falling back to row-level processing...
   📊 1,563,500 foods (5/s) | I:367737 U:0 S:1195760 P:0 E:3 | fdc:2265329 ckpt:2265329
   ⚠️  UPC collision detected, falling back to row-level processing...
   📊 1,564,000 foods (5/s) | I:367737 U:0 S:1196260 P:0 E:3 | fdc:2265842 ckpt:2265842
   ⚠️  UPC collision detected, falling back to row-level processing...
   📊 1,564,500 foods (5/s) | I:367923 U:0 S:1196574 P:0 E:3 | fdc:2266351 ckpt:2266351
   ⚠️  UPC collision detected, falling back to row-level processing...
   📊 1,565,000 foods (5/s) | I:368073 U:0 S:1196924 P:0 E:3 | fdc:2266854 ckpt:2266854
   ⚠️  UPC collision detected, falling back to row-level processing...
   📊 1,565,500 foods (5/s) | I:368250 U:0 S:1197247 P:0 E:3 | fdc:2267354 ckpt:2267354
   ⚠️  UPC collision detected, falling back to row-level processing...
   📊 1,566,000 foods (5/s) | I:368413 U:0 S:1197584 P:0 E:3 | fdc:2267857 ckpt:2267857
   ⚠️  Transient error (attempt 1/6): TypeError: fetch failed
   ⏳ Retrying in 1s...
   ⚠️  UPC collision detected, falling back to row-level processing...
   📊 1,566,500 foods (5/s) | I:368485 U:0 S:1198012 P:0 E:3 | fdc:2268368 ckpt:2268368
   ⚠️  UPC collision detected, falling back to row-level processing...
   📊 1,567,000 foods (5/s) | I:368544 U:0 S:1198453 P:0 E:3 | fdc:2268903 ckpt:2268903
   ⚠️  UPC collision detected, falling back to row-level processing...
   📊 1,567,500 foods (5/s) | I:368677 U:0 S:1198820 P:0 E:3 | fdc:2269412 ckpt:2269412
   ⚠️  UPC collision detected, falling back to row-level processing...
   📊 1,568,000 foods (5/s) | I:368741 U:0 S:1199256 P:0 E:3 | fdc:2269919 ckpt:2269919
   ⚠️  UPC collision detected, falling back to row-level processing...
   📊 1,568,500 foods (5/s) | I:368885 U:0 S:1199612 P:0 E:3 | fdc:2270424 ckpt:2270424
   ⚠️  UPC collision detected, falling back to row-level processing...
   📊 1,569,000 foods (5/s) | I:369035 U:0 S:1199962 P:0 E:3 | fdc:2270950 ckpt:2270950
   ⚠️  UPC collision detected, falling back to row-level processing...
   📊 1,569,500 foods (5/s) | I:369162 U:0 S:1200335 P:0 E:3 | fdc:2271475 ckpt:2271475
   ⚠️  UPC collision detected, falling back to row-level processing...
   📊 1,570,000 foods (5/s) | I:369318 U:0 S:1200679 P:0 E:3 | fdc:2271981 ckpt:2271981
   ⚠️  UPC collision detected, falling back to row-level processing...
   📊 1,570,500 foods (5/s) | I:369405 U:0 S:1201092 P:0 E:3 | fdc:2272492 ckpt:2272492
   ⚠️  UPC collision detected, falling back to row-level processing...
   📊 1,571,000 foods (5/s) | I:369555 U:0 S:1201442 P:0 E:3 | fdc:2273007 ckpt:2273007
   ⚠️  UPC collision detected, falling back to row-level processing...
   📊 1,571,500 foods (5/s) | I:369685 U:0 S:1201812 P:0 E:3 | fdc:2273542 ckpt:2273542
   ⚠️  UPC collision detected, falling back to row-level processing...
   📊 1,572,000 foods (5/s) | I:369846 U:0 S:1202151 P:0 E:3 | fdc:2274087 ckpt:2274087
   ⚠️  UPC collision detected, falling back to row-level processing...
   📊 1,572,500 foods (5/s) | I:370062 U:0 S:1202435 P:0 E:3 | fdc:2274665 ckpt:2274665
   ⚠️  UPC collision detected, falling back to row-level processing...
   📊 1,573,000 foods (5/s) | I:370348 U:0 S:1202649 P:0 E:3 | fdc:2275171 ckpt:2275171
   ⚠️  UPC collision detected, falling back to row-level processing...
   📊 1,573,500 foods (5/s) | I:370608 U:0 S:1202889 P:0 E:3 | fdc:2275677 ckpt:2275677
   ⚠️  UPC collision detected, falling back to row-level processing...
   📊 1,574,000 foods (5/s) | I:370870 U:0 S:1203127 P:0 E:3 | fdc:2276193 ckpt:2276193
   ⚠️  UPC collision detected, falling back to row-level processing...
   📊 1,574,500 foods (5/s) | I:371112 U:0 S:1203385 P:0 E:3 | fdc:2276701 ckpt:2276701
   ⚠️  UPC collision detected, falling back to row-level processing...
   📊 1,575,000 foods (5/s) | I:371371 U:0 S:1203626 P:0 E:3 | fdc:2277207 ckpt:2277207
   ⚠️  UPC collision detected, falling back to row-level processing...
   📊 1,575,500 foods (5/s) | I:371564 U:0 S:1203933 P:0 E:3 | fdc:2277727 ckpt:2277727
   ⚠️  UPC collision detected, falling back to row-level processing...
   📊 1,576,000 foods (5/s) | I:371780 U:0 S:1204217 P:0 E:3 | fdc:2278239 ckpt:2278239
   ⚠️  UPC collision detected, falling back to row-level processing...
   📊 1,576,500 foods (5/s) | I:372048 U:0 S:1204449 P:0 E:3 | fdc:2278748 ckpt:2278748
   ⚠️  UPC collision detected, falling back to row-level processing...
   📊 1,577,000 foods (5/s) | I:372232 U:0 S:1204765 P:0 E:3 | fdc:2279261 ckpt:2279261
   ⚠️  UPC collision detected, falling back to row-level processing...
   📊 1,577,500 foods (5/s) | I:372486 U:0 S:1205011 P:0 E:3 | fdc:2279768 ckpt:2279768
   ⚠️  UPC collision detected, falling back to row-level processing...
   📊 1,578,000 foods (5/s) | I:372709 U:0 S:1205288 P:0 E:3 | fdc:2280272 ckpt:2280272
   ⚠️  UPC collision detected, falling back to row-level processing...
   📊 1,578,500 foods (5/s) | I:372920 U:0 S:1205577 P:0 E:3 | fdc:2280780 ckpt:2280780
   ⚠️  UPC collision detected, falling back to row-level processing...
   📊 1,579,000 foods (5/s) | I:373075 U:0 S:1205922 P:0 E:3 | fdc:2281287 ckpt:2281287
   ⚠️  UPC collision detected, falling back to row-level processing...
   📊 1,579,500 foods (5/s) | I:373262 U:0 S:1206235 P:0 E:3 | fdc:2281822 ckpt:2281822
   ⚠️  UPC collision detected, falling back to row-level processing...
   📊 1,580,000 foods (5/s) | I:373379 U:0 S:1206618 P:0 E:3 | fdc:2282410 ckpt:2282410
   ⚠️  UPC collision detected, falling back to row-level processing...
   📊 1,580,500 foods (5/s) | I:373486 U:0 S:1207011 P:0 E:3 | fdc:2282964 ckpt:2282964
   ⚠️  UPC collision detected, falling back to row-level processing...
   📊 1,581,000 foods (5/s) | I:373633 U:0 S:1207364 P:0 E:3 | fdc:2283468 ckpt:2283468
   ⚠️  UPC collision detected, falling back to row-level processing...
   📊 1,581,500 foods (5/s) | I:373709 U:0 S:1207788 P:0 E:3 | fdc:2283971 ckpt:2283971
   ⚠️  UPC collision detected, falling back to row-level processing...
   📊 1,582,000 foods (5/s) | I:373743 U:0 S:1208254 P:0 E:3 | fdc:2284508 ckpt:2284508
   ⚠️  UPC collision detected, falling back to row-level processing...
   📊 1,582,500 foods (5/s) | I:373746 U:0 S:1208751 P:0 E:3 | fdc:2285018 ckpt:2285018
   ⚠️  UPC collision detected, falling back to row-level processing...
   📊 1,583,000 foods (5/s) | I:373748 U:0 S:1209249 P:0 E:3 | fdc:2285524 ckpt:2285524
   ⚠️  UPC collision detected, falling back to row-level processing...
   📊 1,583,500 foods (5/s) | I:373751 U:0 S:1209746 P:0 E:3 | fdc:2286035 ckpt:2286035
   ⚠️  UPC collision detected, falling back to row-level processing...
   📊 1,584,000 foods (5/s) | I:373751 U:0 S:1210246 P:0 E:3 | fdc:2286538 ckpt:2286538
   ⚠️  UPC collision detected, falling back to row-level processing...
   📊 1,584,500 foods (5/s) | I:373751 U:0 S:1210746 P:0 E:3 | fdc:2287042 ckpt:2287042
   ⚠️  UPC collision detected, falling back to row-level processing...
   📊 1,585,000 foods (5/s) | I:373751 U:0 S:1211246 P:0 E:3 | fdc:2287555 ckpt:2287555
   ⚠️  UPC collision detected, falling back to row-level processing...
   📊 1,585,500 foods (5/s) | I:373751 U:0 S:1211746 P:0 E:3 | fdc:2288066 ckpt:2288066
   ⚠️  UPC collision detected, falling back to row-level processing...
   📊 1,586,000 foods (5/s) | I:373751 U:0 S:1212246 P:0 E:3 | fdc:2288575 ckpt:2288575
   ⚠️  UPC collision detected, falling back to row-level processing...
   📊 1,586,500 foods (5/s) | I:373751 U:0 S:1212746 P:0 E:3 | fdc:2289085 ckpt:2289085
   ⚠️  UPC collision detected, falling back to row-level processing...
   📊 1,587,000 foods (5/s) | I:373751 U:0 S:1213246 P:0 E:3 | fdc:2289593 ckpt:2289593
   ⚠️  UPC collision detected, falling back to row-level processing...
   📊 1,587,500 foods (5/s) | I:373751 U:0 S:1213746 P:0 E:3 | fdc:2290096 ckpt:2290096
   ⚠️  UPC collision detected, falling back to row-level processing...
   📊 1,588,000 foods (5/s) | I:373751 U:0 S:1214246 P:0 E:3 | fdc:2290603 ckpt:2290603
   ⚠️  UPC collision detected, falling back to row-level processing...
   📊 1,588,500 foods (5/s) | I:373751 U:0 S:1214746 P:0 E:3 | fdc:2291126 ckpt:2291126
   ⚠️  UPC collision detected, falling back to row-level processing...
   📊 1,589,000 foods (5/s) | I:373752 U:0 S:1215245 P:0 E:3 | fdc:2291630 ckpt:2291630
   ⚠️  UPC collision detected, falling back to row-level processing...
   📊 1,589,500 foods (5/s) | I:373855 U:0 S:1215642 P:0 E:3 | fdc:2292132 ckpt:2292132
   ⚠️  UPC collision detected, falling back to row-level processing...
   📊 1,590,000 foods (5/s) | I:373949 U:0 S:1216048 P:0 E:3 | fdc:2292634 ckpt:2292634
   ⚠️  UPC collision detected, falling back to row-level processing...
   📊 1,590,500 foods (5/s) | I:374093 U:0 S:1216404 P:0 E:3 | fdc:2293137 ckpt:2293137
   ⚠️  UPC collision detected, falling back to row-level processing...
   📊 1,591,000 foods (5/s) | I:374198 U:0 S:1216799 P:0 E:3 | fdc:2293637 ckpt:2293637
   ⚠️  UPC collision detected, falling back to row-level processing...
   📊 1,591,500 foods (5/s) | I:374264 U:0 S:1217233 P:0 E:3 | fdc:2294137 ckpt:2294137
   ⚠️  UPC collision detected, falling back to row-level processing...
   📊 1,592,000 foods (5/s) | I:374410 U:0 S:1217587 P:0 E:3 | fdc:2294638 ckpt:2294638
   ⚠️  UPC collision detected, falling back to row-level processing...
   📊 1,592,500 foods (5/s) | I:374542 U:0 S:1217955 P:0 E:3 | fdc:2295140 ckpt:2295140
   ⚠️  UPC collision detected, falling back to row-level processing...
   📊 1,593,000 foods (5/s) | I:374679 U:0 S:1218318 P:0 E:3 | fdc:2295650 ckpt:2295650
   ⚠️  UPC collision detected, falling back to row-level processing...
   📊 1,593,500 foods (5/s) | I:374811 U:0 S:1218686 P:0 E:3 | fdc:2296159 ckpt:2296159
   ⚠️  UPC collision detected, falling back to row-level processing...
   📊 1,594,000 foods (5/s) | I:374855 U:0 S:1219142 P:0 E:3 | fdc:2296720 ckpt:2296720
   ⚠️  UPC collision detected, falling back to row-level processing...
   📊 1,594,500 foods (5/s) | I:374899 U:0 S:1219598 P:0 E:3 | fdc:2297233 ckpt:2297233
   ⚠️  UPC collision detected, falling back to row-level processing...
   📊 1,595,000 foods (5/s) | I:375016 U:0 S:1219981 P:0 E:3 | fdc:2297746 ckpt:2297746
   ⚠️  UPC collision detected, falling back to row-level processing...
   📊 1,595,500 foods (5/s) | I:375184 U:0 S:1220313 P:0 E:3 | fdc:2298251 ckpt:2298251
   ⚠️  UPC collision detected, falling back to row-level processing...
   📊 1,596,000 foods (5/s) | I:375323 U:0 S:1220674 P:0 E:3 | fdc:2298758 ckpt:2298758
   ⚠️  UPC collision detected, falling back to row-level processing...
   📊 1,596,500 foods (5/s) | I:375481 U:0 S:1221016 P:0 E:3 | fdc:2299261 ckpt:2299261
   ⚠️  Transient error (attempt 1/6): TypeError: fetch failed
   ⏳ Retrying in 1s...
   ⚠️  UPC collision detected, falling back to row-level processing...
   📊 1,597,000 foods (5/s) | I:375574 U:0 S:1221423 P:0 E:3 | fdc:2299769 ckpt:2299769
   ⚠️  UPC collision detected, falling back to row-level processing...
   📊 1,597,500 foods (5/s) | I:375722 U:0 S:1221775 P:0 E:3 | fdc:2300280 ckpt:2300280
   ⚠️  UPC collision detected, falling back to row-level processing...
   📊 1,598,000 foods (5/s) | I:375796 U:0 S:1222201 P:0 E:3 | fdc:2300793 ckpt:2300793
   ⚠️  UPC collision detected, falling back to row-level processing...
   📊 1,598,500 foods (5/s) | I:375881 U:0 S:1222616 P:0 E:3 | fdc:2301297 ckpt:2301297
   ⚠️  UPC collision detected, falling back to row-level processing...
   📊 1,599,000 foods (5/s) | I:376037 U:0 S:1222960 P:0 E:3 | fdc:2301808 ckpt:2301808
   ⚠️  UPC collision detected, falling back to row-level processing...
   📊 1,599,500 foods (5/s) | I:376137 U:0 S:1223360 P:0 E:3 | fdc:2302331 ckpt:2302331
   ⚠️  UPC collision detected, falling back to row-level processing...
   📊 1,600,000 foods (5/s) | I:376213 U:0 S:1223784 P:0 E:3 | fdc:2302852 ckpt:2302852
   ⚠️  UPC collision detected, falling back to row-level processing...
   📊 1,600,500 foods (5/s) | I:376468 U:0 S:1224029 P:0 E:3 | fdc:2303366 ckpt:2303366
   ⚠️  UPC collision detected, falling back to row-level processing...
   📊 1,601,000 foods (5/s) | I:376832 U:0 S:1224165 P:0 E:3 | fdc:2303877 ckpt:2303877
   ⚠️  UPC collision detected, falling back to row-level processing...
   📊 1,601,500 foods (5/s) | I:377112 U:0 S:1224385 P:0 E:3 | fdc:2304390 ckpt:2304390
   ⚠️  UPC collision detected, falling back to row-level processing...
   📊 1,602,000 foods (5/s) | I:377284 U:0 S:1224713 P:0 E:3 | fdc:2304917 ckpt:2304917
   ⚠️  UPC collision detected, falling back to row-level processing...
   📊 1,602,500 foods (5/s) | I:377497 U:0 S:1225000 P:0 E:3 | fdc:2305423 ckpt:2305423
   ⚠️  UPC collision detected, falling back to row-level processing...
   📊 1,603,000 foods (5/s) | I:377675 U:0 S:1225322 P:0 E:3 | fdc:2305931 ckpt:2305931
   ⚠️  UPC collision detected, falling back to row-level processing...
   📊 1,603,500 foods (5/s) | I:377833 U:0 S:1225664 P:0 E:3 | fdc:2306440 ckpt:2306440
   ⚠️  UPC collision detected, falling back to row-level processing...
   📊 1,604,000 foods (5/s) | I:377994 U:0 S:1226003 P:0 E:3 | fdc:2306949 ckpt:2306949
   ⚠️  UPC collision detected, falling back to row-level processing...
   📊 1,604,500 foods (5/s) | I:378123 U:0 S:1226374 P:0 E:3 | fdc:2307467 ckpt:2307467
   ⚠️  UPC collision detected, falling back to row-level processing...
   📊 1,605,000 foods (5/s) | I:378213 U:0 S:1226784 P:0 E:3 | fdc:2307975 ckpt:2307975
   ⚠️  UPC collision detected, falling back to row-level processing...
   📊 1,605,500 foods (5/s) | I:378355 U:0 S:1227142 P:0 E:3 | fdc:2308490 ckpt:2308490
   ⚠️  UPC collision detected, falling back to row-level processing...
   📊 1,606,000 foods (5/s) | I:378430 U:0 S:1227567 P:0 E:3 | fdc:2309009 ckpt:2309009
   ⚠️  UPC collision detected, falling back to row-level processing...
   📊 1,606,500 foods (5/s) | I:378565 U:0 S:1227932 P:0 E:3 | fdc:2309533 ckpt:2309533
   ⚠️  UPC collision detected, falling back to row-level processing...
   📊 1,607,000 foods (5/s) | I:378642 U:0 S:1228355 P:0 E:3 | fdc:2310055 ckpt:2310055
   ⚠️  UPC collision detected, falling back to row-level processing...
   📊 1,607,500 foods (5/s) | I:378746 U:0 S:1228751 P:0 E:3 | fdc:2310569 ckpt:2310569
   ⚠️  UPC collision detected, falling back to row-level processing...
   📊 1,608,000 foods (5/s) | I:378864 U:0 S:1229133 P:0 E:3 | fdc:2311086 ckpt:2311086
   ⚠️  UPC collision detected, falling back to row-level processing...
   📊 1,608,500 foods (5/s) | I:379003 U:0 S:1229494 P:0 E:3 | fdc:2311605 ckpt:2311605
   ⚠️  UPC collision detected, falling back to row-level processing...
   📊 1,609,000 foods (5/s) | I:379122 U:0 S:1229875 P:0 E:3 | fdc:2312123 ckpt:2312123
   ⚠️  UPC collision detected, falling back to row-level processing...
   📊 1,609,500 foods (5/s) | I:379193 U:0 S:1230304 P:0 E:3 | fdc:2312644 ckpt:2312644
   ⚠️  UPC collision detected, falling back to row-level processing...
   📊 1,610,000 foods (5/s) | I:379260 U:0 S:1230737 P:0 E:3 | fdc:2313148 ckpt:2313148
   ⚠️  UPC collision detected, falling back to row-level processing...
   📊 1,610,500 foods (5/s) | I:379391 U:0 S:1231106 P:0 E:3 | fdc:2313663 ckpt:2313663
   ⚠️  UPC collision detected, falling back to row-level processing...
   📊 1,611,000 foods (5/s) | I:379513 U:0 S:1231484 P:0 E:3 | fdc:2314172 ckpt:2314172
   ⚠️  UPC collision detected, falling back to row-level processing...
   📊 1,611,500 foods (5/s) | I:379513 U:0 S:1231984 P:0 E:3 | fdc:2314683 ckpt:2314683
   ⚠️  UPC collision detected, falling back to row-level processing...
   📊 1,612,000 foods (5/s) | I:379522 U:0 S:1232475 P:0 E:3 | fdc:2315222 ckpt:2315222
   ⚠️  UPC collision detected, falling back to row-level processing...
   📊 1,612,500 foods (5/s) | I:379523 U:0 S:1232974 P:0 E:3 | fdc:2315731 ckpt:2315731
   ⚠️  UPC collision detected, falling back to row-level processing...
   📊 1,613,000 foods (5/s) | I:379523 U:0 S:1233474 P:0 E:3 | fdc:2316239 ckpt:2316239
   ⚠️  UPC collision detected, falling back to row-level processing...
   📊 1,613,500 foods (5/s) | I:379524 U:0 S:1233973 P:0 E:3 | fdc:2316750 ckpt:2316750
   ⚠️  UPC collision detected, falling back to row-level processing...
   📊 1,614,000 foods (5/s) | I:379953 U:0 S:1234044 P:0 E:3 | fdc:2317252 ckpt:2317252
   ⚠️  UPC collision detected, falling back to row-level processing...
   📊 1,614,500 foods (5/s) | I:380093 U:0 S:1234404 P:0 E:3 | fdc:2317754 ckpt:2317754
   ⚠️  UPC collision detected, falling back to row-level processing...
   📊 1,615,000 foods (5/s) | I:380128 U:0 S:1234869 P:0 E:3 | fdc:2318255 ckpt:2318255
   ⚠️  UPC collision detected, falling back to row-level processing...
   📊 1,615,500 foods (5/s) | I:380150 U:0 S:1235347 P:0 E:3 | fdc:2318760 ckpt:2318760
   ⚠️  UPC collision detected, falling back to row-level processing...
   📊 1,616,000 foods (5/s) | I:380180 U:0 S:1235817 P:0 E:3 | fdc:2319262 ckpt:2319262
   ⚠️  UPC collision detected, falling back to row-level processing...
   📊 1,616,500 foods (5/s) | I:380211 U:0 S:1236286 P:0 E:3 | fdc:2319765 ckpt:2319765
   ⚠️  UPC collision detected, falling back to row-level processing...
   📊 1,617,000 foods (5/s) | I:380211 U:0 S:1236786 P:0 E:3 | fdc:2320333 ckpt:2320333
   ⚠️  UPC collision detected, falling back to row-level processing...
   📊 1,617,500 foods (5/s) | I:380211 U:0 S:1237286 P:0 E:3 | fdc:2320856 ckpt:2320856
   ⚠️  UPC collision detected, falling back to row-level processing...
   📊 1,618,000 foods (5/s) | I:380211 U:0 S:1237786 P:0 E:3 | fdc:2321390 ckpt:2321390
   ⚠️  UPC collision detected, falling back to row-level processing...
   📊 1,618,500 foods (5/s) | I:380211 U:0 S:1238286 P:0 E:3 | fdc:2321914 ckpt:2321914
   ⚠️  UPC collision detected, falling back to row-level processing...
   📊 1,619,000 foods (5/s) | I:380211 U:0 S:1238786 P:0 E:3 | fdc:2322424 ckpt:2322424
   ⚠️  UPC collision detected, falling back to row-level processing...
   📊 1,619,500 foods (5/s) | I:380211 U:0 S:1239286 P:0 E:3 | fdc:2322936 ckpt:2322936
   ⚠️  UPC collision detected, falling back to row-level processing...
   📊 1,620,000 foods (5/s) | I:380211 U:0 S:1239786 P:0 E:3 | fdc:2323449 ckpt:2323449
   ⚠️  UPC collision detected, falling back to row-level processing...
   📊 1,620,500 foods (5/s) | I:380211 U:0 S:1240286 P:0 E:3 | fdc:2324035 ckpt:2324035
   ⚠️  UPC collision detected, falling back to row-level processing...
   📊 1,621,000 foods (5/s) | I:380211 U:0 S:1240786 P:0 E:3 | fdc:2324562 ckpt:2324562
   ⚠️  UPC collision detected, falling back to row-level processing...
   📊 1,621,500 foods (5/s) | I:380211 U:0 S:1241286 P:0 E:3 | fdc:2325069 ckpt:2325069
   ⚠️  UPC collision detected, falling back to row-level processing...
   📊 1,622,000 foods (5/s) | I:380211 U:0 S:1241786 P:0 E:3 | fdc:2325618 ckpt:2325618
   ⚠️  UPC collision detected, falling back to row-level processing...
   📊 1,622,500 foods (5/s) | I:380211 U:0 S:1242286 P:0 E:3 | fdc:2326122 ckpt:2326122
   ⚠️  UPC collision detected, falling back to row-level processing...
   📊 1,623,000 foods (5/s) | I:380211 U:0 S:1242786 P:0 E:3 | fdc:2326638 ckpt:2326638
   ⚠️  UPC collision detected, falling back to row-level processing...
   📊 1,623,500 foods (5/s) | I:380211 U:0 S:1243286 P:0 E:3 | fdc:2327144 ckpt:2327144
   ⚠️  UPC collision detected, falling back to row-level processing...
   📊 1,624,000 foods (5/s) | I:380211 U:0 S:1243786 P:0 E:3 | fdc:2327649 ckpt:2327649
   ⚠️  UPC collision detected, falling back to row-level processing...
   📊 1,624,500 foods (5/s) | I:380211 U:0 S:1244286 P:0 E:3 | fdc:2328168 ckpt:2328168
   ⚠️  UPC collision detected, falling back to row-level processing...
   📊 1,625,000 foods (5/s) | I:380211 U:0 S:1244786 P:0 E:3 | fdc:2328675 ckpt:2328675
   ⚠️  UPC collision detected, falling back to row-level processing...
   📊 1,625,500 foods (5/s) | I:380211 U:0 S:1245286 P:0 E:3 | fdc:2329178 ckpt:2329178
   ⚠️  UPC collision detected, falling back to row-level processing...
   📊 1,626,000 foods (5/s) | I:380211 U:0 S:1245786 P:0 E:3 | fdc:2329681 ckpt:2329681
   ⚠️  UPC collision detected, falling back to row-level processing...
   📊 1,626,500 foods (5/s) | I:380211 U:0 S:1246286 P:0 E:3 | fdc:2330214 ckpt:2330214
   ⚠️  UPC collision detected, falling back to row-level processing...
   📊 1,627,000 foods (5/s) | I:380212 U:0 S:1246785 P:0 E:3 | fdc:2330720 ckpt:2330720
   ⚠️  UPC collision detected, falling back to row-level processing...
   📊 1,627,500 foods (5/s) | I:380212 U:0 S:1247285 P:0 E:3 | fdc:2331220 ckpt:2331220
   ⚠️  UPC collision detected, falling back to row-level processing...
   📊 1,628,000 foods (5/s) | I:380213 U:0 S:1247784 P:0 E:3 | fdc:2331720 ckpt:2331720
   ⚠️  UPC collision detected, falling back to row-level processing...
   📊 1,628,500 foods (5/s) | I:380297 U:0 S:1248200 P:0 E:3 | fdc:2332220 ckpt:2332220
   ⚠️  UPC collision detected, falling back to row-level processing...
   📊 1,629,000 foods (5/s) | I:380371 U:0 S:1248626 P:0 E:3 | fdc:2332720 ckpt:2332720
   ⚠️  UPC collision detected, falling back to row-level processing...
   📊 1,629,500 foods (5/s) | I:380371 U:0 S:1249126 P:0 E:3 | fdc:2333283 ckpt:2333283
   ⚠️  UPC collision detected, falling back to row-level processing...
   📊 1,630,000 foods (5/s) | I:380371 U:0 S:1249626 P:0 E:3 | fdc:2333815 ckpt:2333815
   ⚠️  UPC collision detected, falling back to row-level processing...
   📊 1,630,500 foods (5/s) | I:380371 U:0 S:1250126 P:0 E:3 | fdc:2334388 ckpt:2334388
   ⚠️  UPC collision detected, falling back to row-level processing...
   📊 1,631,000 foods (5/s) | I:380371 U:0 S:1250626 P:0 E:3 | fdc:2334926 ckpt:2334926
   ⚠️  UPC collision detected, falling back to row-level processing...
   📊 1,631,500 foods (5/s) | I:380371 U:0 S:1251126 P:0 E:3 | fdc:2335438 ckpt:2335438
   ⚠️  UPC collision detected, falling back to row-level processing...
   📊 1,632,000 foods (5/s) | I:380371 U:0 S:1251626 P:0 E:3 | fdc:2335952 ckpt:2335952
   ⚠️  UPC collision detected, falling back to row-level processing...
   📊 1,632,500 foods (5/s) | I:380371 U:0 S:1252126 P:0 E:3 | fdc:2336452 ckpt:2336452
   ⚠️  UPC collision detected, falling back to row-level processing...
   📊 1,633,000 foods (5/s) | I:380371 U:0 S:1252626 P:0 E:3 | fdc:2336952 ckpt:2336952
   ⚠️  UPC collision detected, falling back to row-level processing...
   📊 1,633,500 foods (5/s) | I:380371 U:0 S:1253126 P:0 E:3 | fdc:2337452 ckpt:2337452
   ⚠️  UPC collision detected, falling back to row-level processing...
   📊 1,634,000 foods (5/s) | I:380371 U:0 S:1253626 P:0 E:3 | fdc:2337980 ckpt:2337980
   ⚠️  UPC collision detected, falling back to row-level processing...
   📊 1,634,500 foods (5/s) | I:380371 U:0 S:1254126 P:0 E:3 | fdc:2338544 ckpt:2338544
   ⚠️  UPC collision detected, falling back to row-level processing...
   📊 1,635,000 foods (5/s) | I:380371 U:0 S:1254626 P:0 E:3 | fdc:2339108 ckpt:2339108
   ⚠️  UPC collision detected, falling back to row-level processing...
   📊 1,635,500 foods (5/s) | I:380371 U:0 S:1255126 P:0 E:3 | fdc:2339643 ckpt:2339643
   ⚠️  UPC collision detected, falling back to row-level processing...
   📊 1,636,000 foods (5/s) | I:380371 U:0 S:1255626 P:0 E:3 | fdc:2340173 ckpt:2340173
   ⚠️  UPC collision detected, falling back to row-level processing...
   📊 1,636,500 foods (5/s) | I:380371 U:0 S:1256126 P:0 E:3 | fdc:2340684 ckpt:2340684
   ⚠️  UPC collision detected, falling back to row-level processing...
   📊 1,637,000 foods (5/s) | I:380619 U:0 S:1256378 P:0 E:3 | fdc:2364090 ckpt:2364090
   ⚠️  UPC collision detected, falling back to row-level processing...
   📊 1,637,500 foods (5/s) | I:380658 U:0 S:1256839 P:0 E:3 | fdc:2364590 ckpt:2364590
   ⚠️  UPC collision detected, falling back to row-level processing...
   📊 1,638,000 foods (5/s) | I:380668 U:0 S:1257329 P:0 E:3 | fdc:2365090 ckpt:2365090
   ⚠️  UPC collision detected, falling back to row-level processing...
   📊 1,638,500 foods (5/s) | I:380781 U:0 S:1257716 P:0 E:3 | fdc:2365590 ckpt:2365590
   ⚠️  UPC collision detected, falling back to row-level processing...
   📊 1,639,000 foods (5/s) | I:381015 U:0 S:1257982 P:0 E:3 | fdc:2366090 ckpt:2366090
   ⚠️  UPC collision detected, falling back to row-level processing...
   📊 1,639,500 foods (5/s) | I:381309 U:0 S:1258188 P:0 E:3 | fdc:2366590 ckpt:2366590
   ⚠️  UPC collision detected, falling back to row-level processing...
   📊 1,640,000 foods (5/s) | I:381612 U:0 S:1258385 P:0 E:3 | fdc:2367093 ckpt:2367093
   ⚠️  UPC collision detected, falling back to row-level processing...
   📊 1,640,500 foods (5/s) | I:381975 U:0 S:1258522 P:0 E:3 | fdc:2367593 ckpt:2367593
   ⚠️  UPC collision detected, falling back to row-level processing...
   📊 1,641,000 foods (5/s) | I:382355 U:0 S:1258642 P:0 E:3 | fdc:2368095 ckpt:2368095
   ⚠️  UPC collision detected, falling back to row-level processing...
   ⚠️  Transient error (attempt 1/6): <!DOCTYPE html>
<!--[if lt IE 7]> <html class="no-js ie6 oldie" lang="en-US"> <![endif]-->
<!--[if IE 7]>    <html class="no-js ie7 oldie" lang="en-US"> <![endif]-->
<!--[if IE 8]>    <html class="no-js ie8 oldie" lang="en-US"> <![endif]-->
<!--[if gt IE 8]><!--> <html class="no-js" lang="en-US"> <!--<![endif]-->
<head>

<title> | 500: Internal server error</title>
<meta charset="UTF-8" />
<meta http-equiv="Content-Type" content="text/html; charset=UTF-8" />
<meta http-equiv="X-UA-Compatible" content="IE=Edge" />
<meta name="robots" content="noindex, nofollow" />
<meta name="viewport" content="width=device-width,initial-scale=1" />
<link rel="stylesheet" id="cf_styles-css" href="/cdn-cgi/styles/main.css" />
</head>
<body>
<div id="cf-wrapper">
    <div id="cf-error-details" class="p-0">
        <header class="mx-auto pt-10 lg:pt-6 lg:px-8 w-240 lg:w-full mb-8">
            <h1 class="inline-block sm:block sm:mb-2 font-light text-60 lg:text-4xl text-black-dark leading-tight mr-2">
                <span class="inline-block">Internal server error</span>
                <span class="code-label">Error code 500</span>
            </h1>
            <div>
                Visit <a href="https://www.cloudflare.com/5xx-error-landing?utm_source=errorcode_500&utm_campaign=tssvlflebugqhtogqdfs.supabase.co" target="_blank" rel="noopener noreferrer">cloudflare.com</a> for more information.
            </div>
            <div class="mt-3">2026-02-16 15:58:36 UTC</div>
        </header>
        <div class="my-8 bg-gradient-gray">
            <div class="w-240 lg:w-full mx-auto">
                <div class="clearfix md:px-8">
                    <div id="cf-browser-status" class=" relative w-1/3 md:w-full py-15 md:p-0 md:py-8 md:text-left md:border-solid md:border-0 md:border-b md:border-gray-400 overflow-hidden float-left md:float-none text-center">
  <div class="relative mb-10 md:m-0">
    
    <span class="cf-icon-browser block md:hidden h-20 bg-center bg-no-repeat"></span>
    <span class="cf-icon-ok w-12 h-12 absolute left-1/2 md:left-auto md:right-0 md:top-0 -ml-6 -bottom-4"></span>
    
  </div>
  <span class="md:block w-full truncate">You</span>
  <h3 class="md:inline-block mt-3 md:mt-0 text-2xl text-gray-600 font-light leading-1.3">
  
    Browser
  
  </h3>
  
  <span class="leading-1.3 text-2xl text-green-success">Working</span>
  
</div>
                    <div id="cf-cloudflare-status" class="cf-error-source relative w-1/3 md:w-full py-15 md:p-0 md:py-8 md:text-left md:border-solid md:border-0 md:border-b md:border-gray-400 overflow-hidden float-left md:float-none text-center">
  <div class="relative mb-10 md:m-0">
    <a href="https://www.cloudflare.com/5xx-error-landing?utm_source=errorcode_500&#38;utm_campaign=tssvlflebugqhtogqdfs.supabase.co" target="_blank" rel="noopener noreferrer">
    <span class="cf-icon-cloud block md:hidden h-20 bg-center bg-no-repeat"></span>
    <span class="cf-icon-error w-12 h-12 absolute left-1/2 md:left-auto md:right-0 md:top-0 -ml-6 -bottom-4"></span>
    </a>
  </div>
  <span class="md:block w-full truncate">Kansas City</span>
  <h3 class="md:inline-block mt-3 md:mt-0 text-2xl text-gray-600 font-light leading-1.3">
  <a href="https://www.cloudflare.com/5xx-error-landing?utm_source=errorcode_500&utm_campaign=tssvlflebugqhtogqdfs.supabase.co" target="_blank" rel="noopener noreferrer">
    Cloudflare
  </a>
  </h3>
  
  <span class="leading-1.3 text-2xl text-red-error">Error</span>
  
</div>
                    <div id="cf-host-status" class=" relative w-1/3 md:w-full py-15 md:p-0 md:py-8 md:text-left md:border-solid md:border-0 md:border-b md:border-gray-400 overflow-hidden float-left md:float-none text-center">
  <div class="relative mb-10 md:m-0">
    
    <span class="cf-icon-server block md:hidden h-20 bg-center bg-no-repeat"></span>
    <span class="cf-icon-ok w-12 h-12 absolute left-1/2 md:left-auto md:right-0 md:top-0 -ml-6 -bottom-4"></span>
    
  </div>
  <span class="md:block w-full truncate">tssvlflebugqhtogqdfs.supabase.co</span>
  <h3 class="md:inline-block mt-3 md:mt-0 text-2xl text-gray-600 font-light leading-1.3">
  
    Host
  
  </h3>
  
  <span class="leading-1.3 text-2xl text-green-success">Working</span>
  
</div>
                </div>
            </div>
        </div>

        <div class="w-240 lg:w-full mx-auto mb-8 lg:px-8">
            <div class="clearfix">
                <div class="w-1/2 md:w-full float-left pr-6 md:pb-10 md:pr-0 leading-relaxed">
                    <h2 class="text-3xl font-normal leading-1.3 mb-4">What happened?</h2>
                    <p>There is an internal server error on Cloudflare's network.</p>
                </div>
                <div class="w-1/2 md:w-full float-left leading-relaxed">
                    <h2 class="text-3xl font-normal leading-1.3 mb-4">What can I do?</h2>
                    <p class="mb-6">Please try again in a few minutes.</p>
                </div>
            </div>
        </div>

        <div class="cf-error-footer cf-wrapper w-240 lg:w-full py-10 sm:py-4 sm:px-8 mx-auto text-center sm:text-left border-solid border-0 border-t border-gray-300">
    <p class="text-13">
      <span class="cf-footer-item sm:block sm:mb-1">Cloudflare Ray ID: <strong class="font-semibold">9cee3f580bacae15</strong></span>
      <span class="cf-footer-separator sm:hidden">&bull;</span>
      <span id="cf-footer-item-ip" class="cf-footer-item hidden sm:block sm:mb-1">
        Your IP:
        <button type="button" id="cf-footer-ip-reveal" class="cf-footer-ip-reveal-btn">Click to reveal</button>
        <span class="hidden" id="cf-footer-ip">68.13.243.86</span>
        <span class="cf-footer-separator sm:hidden">&bull;</span>
      </span>
      <span class="cf-footer-item sm:block sm:mb-1"><span>Performance &amp; security by</span> <a rel="noopener noreferrer" href="https://www.cloudflare.com/5xx-error-landing?utm_source=errorcode_500&#38;utm_campaign=tssvlflebugqhtogqdfs.supabase.co" id="brand_link" target="_blank">Cloudflare</a></span>
      
    </p>
    <script>(function(){function d(){var b=a.getElementById("cf-footer-item-ip"),c=a.getElementById("cf-footer-ip-reveal");b&&"classList"in b&&(b.classList.remove("hidden"),c.addEventListener("click",function(){c.classList.add("hidden");a.getElementById("cf-footer-ip").classList.remove("hidden")}))}var a=document;document.addEventListener&&a.addEventListener("DOMContentLoaded",d)})();</script>
  </div><!-- /.error-footer -->

    </div>
</div>
</body>
</html>
   ⏳ Retrying in 1s...
   📊 1,641,500 foods (5/s) | I:382709 U:0 S:1258788 P:0 E:3 | fdc:2368596 ckpt:2368596
   ⚠️  UPC collision detected, falling back to row-level processing...
   📊 1,642,000 foods (5/s) | I:383024 U:0 S:1258973 P:0 E:3 | fdc:2369096 ckpt:2369096
   ⚠️  UPC collision detected, falling back to row-level processing...
   📊 1,642,500 foods (5/s) | I:383340 U:0 S:1259157 P:0 E:3 | fdc:2369601 ckpt:2369601
   ⚠️  UPC collision detected, falling back to row-level processing...
   📊 1,643,000 foods (5/s) | I:383425 U:0 S:1259572 P:0 E:3 | fdc:2370113 ckpt:2370113
   ⚠️  UPC collision detected, falling back to row-level processing...
   📊 1,643,500 foods (5/s) | I:383427 U:0 S:1260070 P:0 E:3 | fdc:2370613 ckpt:2370613
   ⚠️  UPC collision detected, falling back to row-level processing...
   📊 1,644,000 foods (5/s) | I:383448 U:0 S:1260549 P:0 E:3 | fdc:2371113 ckpt:2371113
   ⚠️  UPC collision detected, falling back to row-level processing...
   📊 1,644,500 foods (5/s) | I:383578 U:0 S:1260919 P:0 E:3 | fdc:2371613 ckpt:2371613
   ⚠️  UPC collision detected, falling back to row-level processing...
   📊 1,645,000 foods (5/s) | I:383747 U:0 S:1261250 P:0 E:3 | fdc:2372113 ckpt:2372113
   ⚠️  UPC collision detected, falling back to row-level processing...
   📊 1,645,500 foods (5/s) | I:383767 U:0 S:1261730 P:0 E:3 | fdc:2372613 ckpt:2372613
   ⚠️  UPC collision detected, falling back to row-level processing...
   📊 1,646,000 foods (5/s) | I:383805 U:0 S:1262192 P:0 E:3 | fdc:2373113 ckpt:2373113
   ⚠️  UPC collision detected, falling back to row-level processing...
   📊 1,646,500 foods (5/s) | I:383914 U:0 S:1262583 P:0 E:3 | fdc:2373613 ckpt:2373613
   ⚠️  UPC collision detected, falling back to row-level processing...
   📊 1,647,000 foods (5/s) | I:384200 U:0 S:1262797 P:0 E:3 | fdc:2374113 ckpt:2374113
   ⚠️  UPC collision detected, falling back to row-level processing...
   📊 1,647,500 foods (5/s) | I:384620 U:0 S:1262877 P:0 E:3 | fdc:2374613 ckpt:2374613
   ⚠️  UPC collision detected, falling back to row-level processing...
   📊 1,648,000 foods (5/s) | I:385013 U:0 S:1262984 P:0 E:3 | fdc:2375113 ckpt:2375113
   ⚠️  UPC collision detected, falling back to row-level processing...
   📊 1,648,500 foods (5/s) | I:385399 U:0 S:1263098 P:0 E:3 | fdc:2375614 ckpt:2375614
   ⚠️  UPC collision detected, falling back to row-level processing...
   📊 1,649,000 foods (5/s) | I:385786 U:0 S:1263211 P:0 E:3 | fdc:2376115 ckpt:2376115
   ⚠️  UPC collision detected, falling back to row-level processing...
   📊 1,649,500 foods (5/s) | I:385957 U:0 S:1263540 P:0 E:3 | fdc:2376618 ckpt:2376618
   ⚠️  UPC collision detected, falling back to row-level processing...
   📊 1,650,000 foods (5/s) | I:386230 U:0 S:1263767 P:0 E:3 | fdc:2377119 ckpt:2377119
   ⚠️  UPC collision detected, falling back to row-level processing...
   📊 1,650,500 foods (5/s) | I:386644 U:0 S:1263853 P:0 E:3 | fdc:2377620 ckpt:2377620
   ⚠️  UPC collision detected, falling back to row-level processing...
   📊 1,651,000 foods (5/s) | I:386885 U:0 S:1264112 P:0 E:3 | fdc:2378121 ckpt:2378121
   ⚠️  UPC collision detected, falling back to row-level processing...
   📊 1,651,500 foods (5/s) | I:387029 U:0 S:1264468 P:0 E:3 | fdc:2378621 ckpt:2378621
   ⚠️  UPC collision detected, falling back to row-level processing...
   📊 1,652,000 foods (5/s) | I:387190 U:0 S:1264807 P:0 E:3 | fdc:2379121 ckpt:2379121
   ⚠️  UPC collision detected, falling back to row-level processing...
   📊 1,652,500 foods (5/s) | I:387195 U:0 S:1265302 P:0 E:3 | fdc:2379621 ckpt:2379621
   ⚠️  UPC collision detected, falling back to row-level processing...
   📊 1,653,000 foods (5/s) | I:387205 U:0 S:1265792 P:0 E:3 | fdc:2380122 ckpt:2380122
   ⚠️  UPC collision detected, falling back to row-level processing...
   📊 1,653,500 foods (5/s) | I:387217 U:0 S:1266280 P:0 E:3 | fdc:2380622 ckpt:2380622
   ⚠️  UPC collision detected, falling back to row-level processing...
   📊 1,654,000 foods (5/s) | I:387265 U:0 S:1266732 P:0 E:3 | fdc:2381122 ckpt:2381122
   ⚠️  UPC collision detected, falling back to row-level processing...
   📊 1,654,500 foods (5/s) | I:387318 U:0 S:1267179 P:0 E:3 | fdc:2381622 ckpt:2381622
   ⚠️  UPC collision detected, falling back to row-level processing...
   📊 1,655,000 foods (5/s) | I:387321 U:0 S:1267676 P:0 E:3 | fdc:2382122 ckpt:2382122
   ⚠️  UPC collision detected, falling back to row-level processing...
   📊 1,655,500 foods (5/s) | I:387376 U:0 S:1268121 P:0 E:3 | fdc:2382622 ckpt:2382622
   ⚠️  UPC collision detected, falling back to row-level processing...
   📊 1,656,000 foods (5/s) | I:387395 U:0 S:1268602 P:0 E:3 | fdc:2383123 ckpt:2383123
   ⚠️  UPC collision detected, falling back to row-level processing...
   📊 1,656,500 foods (5/s) | I:387406 U:0 S:1269091 P:0 E:3 | fdc:2383623 ckpt:2383623
   ⚠️  UPC collision detected, falling back to row-level processing...
   📊 1,657,000 foods (5/s) | I:387480 U:0 S:1269517 P:0 E:3 | fdc:2384124 ckpt:2384124
   ⚠️  UPC collision detected, falling back to row-level processing...
   📊 1,657,500 foods (5/s) | I:387495 U:0 S:1270002 P:0 E:3 | fdc:2384625 ckpt:2384625
   ⚠️  UPC collision detected, falling back to row-level processing...
   📊 1,658,000 foods (5/s) | I:387503 U:0 S:1270494 P:0 E:3 | fdc:2385129 ckpt:2385129
   ⚠️  UPC collision detected, falling back to row-level processing...
   📊 1,658,500 foods (5/s) | I:387515 U:0 S:1270982 P:0 E:3 | fdc:2385642 ckpt:2385642
   ⚠️  UPC collision detected, falling back to row-level processing...
   📊 1,659,000 foods (5/s) | I:387529 U:0 S:1271468 P:0 E:3 | fdc:2386146 ckpt:2386146
   ⚠️  UPC collision detected, falling back to row-level processing...
   📊 1,659,500 foods (5/s) | I:387584 U:0 S:1271913 P:0 E:3 | fdc:2386647 ckpt:2386647
   ⚠️  UPC collision detected, falling back to row-level processing...
   📊 1,660,000 foods (5/s) | I:387592 U:0 S:1272405 P:0 E:3 | fdc:2387147 ckpt:2387147
   ⚠️  UPC collision detected, falling back to row-level processing...
   📊 1,660,500 foods (5/s) | I:387620 U:0 S:1272877 P:0 E:3 | fdc:2387647 ckpt:2387647
   ⚠️  UPC collision detected, falling back to row-level processing...
   📊 1,661,000 foods (5/s) | I:387627 U:0 S:1273370 P:0 E:3 | fdc:2388147 ckpt:2388147
   ⚠️  UPC collision detected, falling back to row-level processing...
   📊 1,661,500 foods (5/s) | I:387670 U:0 S:1273827 P:0 E:3 | fdc:2388651 ckpt:2388651
   ⚠️  UPC collision detected, falling back to row-level processing...
   📊 1,662,000 foods (5/s) | I:387674 U:0 S:1274323 P:0 E:3 | fdc:2389161 ckpt:2389161
   ⚠️  UPC collision detected, falling back to row-level processing...
   📊 1,662,500 foods (5/s) | I:387679 U:0 S:1274818 P:0 E:3 | fdc:2389665 ckpt:2389665
   ⚠️  UPC collision detected, falling back to row-level processing...
   📊 1,663,000 foods (5/s) | I:387699 U:0 S:1275298 P:0 E:3 | fdc:2390165 ckpt:2390165
   ⚠️  UPC collision detected, falling back to row-level processing...
   📊 1,663,500 foods (5/s) | I:387712 U:0 S:1275785 P:0 E:3 | fdc:2390692 ckpt:2390692
   ⚠️  UPC collision detected, falling back to row-level processing...
   📊 1,664,000 foods (5/s) | I:387729 U:0 S:1276268 P:0 E:3 | fdc:2391192 ckpt:2391192
   ⚠️  UPC collision detected, falling back to row-level processing...
   📊 1,664,500 foods (5/s) | I:387730 U:0 S:1276767 P:0 E:3 | fdc:2391692 ckpt:2391692
   ⚠️  UPC collision detected, falling back to row-level processing...
   📊 1,665,000 foods (5/s) | I:387733 U:0 S:1277264 P:0 E:3 | fdc:2392194 ckpt:2392194
   ⚠️  UPC collision detected, falling back to row-level processing...
   📊 1,665,500 foods (5/s) | I:387737 U:0 S:1277760 P:0 E:3 | fdc:2392694 ckpt:2392694
   ⚠️  UPC collision detected, falling back to row-level processing...
   📊 1,666,000 foods (5/s) | I:387744 U:0 S:1278253 P:0 E:3 | fdc:2393195 ckpt:2393195
   ⚠️  UPC collision detected, falling back to row-level processing...
   📊 1,666,500 foods (5/s) | I:387749 U:0 S:1278748 P:0 E:3 | fdc:2393699 ckpt:2393699
   ⚠️  UPC collision detected, falling back to row-level processing...
   📊 1,667,000 foods (5/s) | I:387754 U:0 S:1279243 P:0 E:3 | fdc:2394200 ckpt:2394200
   ⚠️  UPC collision detected, falling back to row-level processing...
   📊 1,667,500 foods (5/s) | I:387783 U:0 S:1279714 P:0 E:3 | fdc:2394706 ckpt:2394706
   ⚠️  UPC collision detected, falling back to row-level processing...
   📊 1,668,000 foods (5/s) | I:387793 U:0 S:1280204 P:0 E:3 | fdc:2395207 ckpt:2395207
   ⚠️  UPC collision detected, falling back to row-level processing...
   📊 1,668,500 foods (5/s) | I:387796 U:0 S:1280701 P:0 E:3 | fdc:2395707 ckpt:2395707
   ⚠️  UPC collision detected, falling back to row-level processing...
   📊 1,669,000 foods (5/s) | I:387799 U:0 S:1281198 P:0 E:3 | fdc:2396207 ckpt:2396207
   ⚠️  UPC collision detected, falling back to row-level processing...
   📊 1,669,500 foods (5/s) | I:387800 U:0 S:1281697 P:0 E:3 | fdc:2396707 ckpt:2396707
   ⚠️  UPC collision detected, falling back to row-level processing...
   📊 1,670,000 foods (5/s) | I:387826 U:0 S:1282171 P:0 E:3 | fdc:2397207 ckpt:2397207
   ⚠️  UPC collision detected, falling back to row-level processing...
   📊 1,670,500 foods (5/s) | I:387838 U:0 S:1282659 P:0 E:3 | fdc:2397707 ckpt:2397707
   ⚠️  UPC collision detected, falling back to row-level processing...
   📊 1,671,000 foods (5/s) | I:387852 U:0 S:1283145 P:0 E:3 | fdc:2398207 ckpt:2398207
   ⚠️  UPC collision detected, falling back to row-level processing...
   📊 1,671,500 foods (5/s) | I:387858 U:0 S:1283639 P:0 E:3 | fdc:2398707 ckpt:2398707
   ⚠️  UPC collision detected, falling back to row-level processing...
   📊 1,672,000 foods (5/s) | I:387919 U:0 S:1284078 P:0 E:3 | fdc:2399207 ckpt:2399207
   ⚠️  UPC collision detected, falling back to row-level processing...
   📊 1,672,500 foods (5/s) | I:387932 U:0 S:1284565 P:0 E:3 | fdc:2399707 ckpt:2399707
   ⚠️  UPC collision detected, falling back to row-level processing...
   📊 1,673,000 foods (5/s) | I:387947 U:0 S:1285050 P:0 E:3 | fdc:2400207 ckpt:2400207
   ⚠️  UPC collision detected, falling back to row-level processing...
   📊 1,673,500 foods (5/s) | I:387951 U:0 S:1285546 P:0 E:3 | fdc:2400707 ckpt:2400707
   ⚠️  UPC collision detected, falling back to row-level processing...
   📊 1,674,000 foods (5/s) | I:387988 U:0 S:1286009 P:0 E:3 | fdc:2401208 ckpt:2401208
   ⚠️  UPC collision detected, falling back to row-level processing...
   📊 1,674,500 foods (5/s) | I:387996 U:0 S:1286501 P:0 E:3 | fdc:2401715 ckpt:2401715
   ⚠️  UPC collision detected, falling back to row-level processing...
   📊 1,675,000 foods (5/s) | I:388006 U:0 S:1286991 P:0 E:3 | fdc:2402218 ckpt:2402218
   ⚠️  UPC collision detected, falling back to row-level processing...
   📊 1,675,500 foods (5/s) | I:388059 U:0 S:1287438 P:0 E:3 | fdc:2402722 ckpt:2402722
   ⚠️  UPC collision detected, falling back to row-level processing...
   📊 1,676,000 foods (5/s) | I:388065 U:0 S:1287932 P:0 E:3 | fdc:2403222 ckpt:2403222
   ⚠️  UPC collision detected, falling back to row-level processing...
   📊 1,676,500 foods (5/s) | I:388066 U:0 S:1288431 P:0 E:3 | fdc:2403722 ckpt:2403722
   ⚠️  UPC collision detected, falling back to row-level processing...
   📊 1,677,000 foods (5/s) | I:388160 U:0 S:1288837 P:0 E:3 | fdc:2404223 ckpt:2404223
   ⚠️  UPC collision detected, falling back to row-level processing...
   📊 1,677,500 foods (5/s) | I:388164 U:0 S:1289333 P:0 E:3 | fdc:2404723 ckpt:2404723
   ⚠️  UPC collision detected, falling back to row-level processing...
   📊 1,678,000 foods (5/s) | I:388165 U:0 S:1289832 P:0 E:3 | fdc:2405223 ckpt:2405223
   ⚠️  UPC collision detected, falling back to row-level processing...
   📊 1,678,500 foods (5/s) | I:388168 U:0 S:1290329 P:0 E:3 | fdc:2405723 ckpt:2405723
   ⚠️  UPC collision detected, falling back to row-level processing...
   📊 1,679,000 foods (5/s) | I:388181 U:0 S:1290816 P:0 E:3 | fdc:2406226 ckpt:2406226
   ⚠️  UPC collision detected, falling back to row-level processing...
   📊 1,679,500 foods (5/s) | I:388244 U:0 S:1291253 P:0 E:3 | fdc:2406730 ckpt:2406730
   ⚠️  UPC collision detected, falling back to row-level processing...
   📊 1,680,000 foods (5/s) | I:388248 U:0 S:1291749 P:0 E:3 | fdc:2407241 ckpt:2407241
   ⚠️  UPC collision detected, falling back to row-level processing...
   📊 1,680,500 foods (5/s) | I:388269 U:0 S:1292228 P:0 E:3 | fdc:2407759 ckpt:2407759
   ⚠️  UPC collision detected, falling back to row-level processing...
   📊 1,681,000 foods (5/s) | I:388330 U:0 S:1292667 P:0 E:3 | fdc:2408280 ckpt:2408280
   ⚠️  UPC collision detected, falling back to row-level processing...
   📊 1,681,500 foods (5/s) | I:388344 U:0 S:1293153 P:0 E:3 | fdc:2408790 ckpt:2408790
   ⚠️  UPC collision detected, falling back to row-level processing...
   📊 1,682,000 foods (5/s) | I:388347 U:0 S:1293650 P:0 E:3 | fdc:2409296 ckpt:2409296
   ⚠️  UPC collision detected, falling back to row-level processing...
   📊 1,682,500 foods (5/s) | I:388348 U:0 S:1294149 P:0 E:3 | fdc:2409797 ckpt:2409797
   ⚠️  UPC collision detected, falling back to row-level processing...
   📊 1,683,000 foods (5/s) | I:388357 U:0 S:1294640 P:0 E:3 | fdc:2410297 ckpt:2410297
   ⚠️  UPC collision detected, falling back to row-level processing...
   📊 1,683,500 foods (5/s) | I:388419 U:0 S:1295078 P:0 E:3 | fdc:2410798 ckpt:2410798
   ⚠️  UPC collision detected, falling back to row-level processing...
   📊 1,684,000 foods (5/s) | I:388427 U:0 S:1295570 P:0 E:3 | fdc:2411298 ckpt:2411298
   ⚠️  UPC collision detected, falling back to row-level processing...
   📊 1,684,500 foods (5/s) | I:388610 U:0 S:1295887 P:0 E:3 | fdc:2411799 ckpt:2411799
   ⚠️  UPC collision detected, falling back to row-level processing...
   📊 1,685,000 foods (5/s) | I:388856 U:0 S:1296141 P:0 E:3 | fdc:2412300 ckpt:2412300
   ⚠️  UPC collision detected, falling back to row-level processing...
   📊 1,685,500 foods (5/s) | I:389254 U:0 S:1296243 P:0 E:3 | fdc:2412805 ckpt:2412805
   ⚠️  UPC collision detected, falling back to row-level processing...
   📊 1,686,000 foods (5/s) | I:389559 U:0 S:1296438 P:0 E:3 | fdc:2413306 ckpt:2413306
   ⚠️  UPC collision detected, falling back to row-level processing...
   📊 1,686,500 foods (5/s) | I:389898 U:0 S:1296599 P:0 E:3 | fdc:2413808 ckpt:2413808
   ⚠️  UPC collision detected, falling back to row-level processing...
   📊 1,687,000 foods (5/s) | I:390244 U:0 S:1296753 P:0 E:3 | fdc:2414308 ckpt:2414308
   ⚠️  UPC collision detected, falling back to row-level processing...
   📊 1,687,500 foods (5/s) | I:390519 U:0 S:1296978 P:0 E:3 | fdc:2414809 ckpt:2414809
   ⚠️  UPC collision detected, falling back to row-level processing...
   📊 1,688,000 foods (5/s) | I:390787 U:0 S:1297210 P:0 E:3 | fdc:2415311 ckpt:2415311
   ⚠️  UPC collision detected, falling back to row-level processing...
   📊 1,688,500 foods (5/s) | I:390919 U:0 S:1297578 P:0 E:3 | fdc:2415812 ckpt:2415812
   ⚠️  UPC collision detected, falling back to row-level processing...
   📊 1,689,000 foods (5/s) | I:391079 U:0 S:1297918 P:0 E:3 | fdc:2416312 ckpt:2416312
   ⚠️  UPC collision detected, falling back to row-level processing...
   📊 1,689,500 foods (5/s) | I:391282 U:0 S:1298215 P:0 E:3 | fdc:2416813 ckpt:2416813
   ⚠️  UPC collision detected, falling back to row-level processing...
   📊 1,690,000 foods (5/s) | I:391475 U:0 S:1298522 P:0 E:3 | fdc:2417317 ckpt:2417317
   ⚠️  UPC collision detected, falling back to row-level processing...
   📊 1,690,500 foods (5/s) | I:391745 U:0 S:1298752 P:0 E:3 | fdc:2417821 ckpt:2417821
   ⚠️  UPC collision detected, falling back to row-level processing...
   📊 1,691,000 foods (5/s) | I:391905 U:0 S:1299092 P:0 E:3 | fdc:2418321 ckpt:2418321
   ⚠️  UPC collision detected, falling back to row-level processing...
   📊 1,691,500 foods (5/s) | I:392234 U:0 S:1299263 P:0 E:3 | fdc:2418822 ckpt:2418822
   ⚠️  UPC collision detected, falling back to row-level processing...
   📊 1,692,000 foods (5/s) | I:392502 U:0 S:1299495 P:0 E:3 | fdc:2419328 ckpt:2419328
   ⚠️  UPC collision detected, falling back to row-level processing...
   📊 1,692,500 foods (5/s) | I:392718 U:0 S:1299779 P:0 E:3 | fdc:2419828 ckpt:2419828
   ⚠️  UPC collision detected, falling back to row-level processing...
   📊 1,693,000 foods (5/s) | I:392834 U:0 S:1300163 P:0 E:3 | fdc:2420329 ckpt:2420329
   ⚠️  UPC collision detected, falling back to row-level processing...
   📊 1,693,500 foods (5/s) | I:392922 U:0 S:1300575 P:0 E:3 | fdc:2420829 ckpt:2420829
   ⚠️  UPC collision detected, falling back to row-level processing...
   📊 1,694,000 foods (5/s) | I:392970 U:0 S:1301027 P:0 E:3 | fdc:2421329 ckpt:2421329
   ⚠️  UPC collision detected, falling back to row-level processing...
   📊 1,694,500 foods (5/s) | I:393061 U:0 S:1301436 P:0 E:3 | fdc:2421829 ckpt:2421829
   ⚠️  UPC collision detected, falling back to row-level processing...
   📊 1,695,000 foods (5/s) | I:393104 U:0 S:1301893 P:0 E:3 | fdc:2422330 ckpt:2422330
   ⚠️  UPC collision detected, falling back to row-level processing...
   📊 1,695,500 foods (5/s) | I:393143 U:0 S:1302354 P:0 E:3 | fdc:2422830 ckpt:2422830
   ⚠️  UPC collision detected, falling back to row-level processing...
   📊 1,696,000 foods (5/s) | I:393168 U:0 S:1302829 P:0 E:3 | fdc:2423330 ckpt:2423330
   ⚠️  UPC collision detected, falling back to row-level processing...
   📊 1,696,500 foods (5/s) | I:393175 U:0 S:1303322 P:0 E:3 | fdc:2423833 ckpt:2423833
   ⚠️  UPC collision detected, falling back to row-level processing...
   📊 1,697,000 foods (5/s) | I:393215 U:0 S:1303782 P:0 E:3 | fdc:2424336 ckpt:2424336
   ⚠️  UPC collision detected, falling back to row-level processing...
   📊 1,697,500 foods (5/s) | I:393222 U:0 S:1304275 P:0 E:3 | fdc:2424838 ckpt:2424838
   ⚠️  UPC collision detected, falling back to row-level processing...
   📊 1,698,000 foods (5/s) | I:393225 U:0 S:1304772 P:0 E:3 | fdc:2425343 ckpt:2425343
   ⚠️  UPC collision detected, falling back to row-level processing...
   📊 1,698,500 foods (5/s) | I:393229 U:0 S:1305268 P:0 E:3 | fdc:2425844 ckpt:2425844
   ⚠️  UPC collision detected, falling back to row-level processing...
   📊 1,699,000 foods (5/s) | I:393234 U:0 S:1305763 P:0 E:3 | fdc:2426344 ckpt:2426344
   ⚠️  UPC collision detected, falling back to row-level processing...
   📊 1,699,500 foods (5/s) | I:393303 U:0 S:1306194 P:0 E:3 | fdc:2426848 ckpt:2426848
   ⚠️  UPC collision detected, falling back to row-level processing...
   📊 1,700,000 foods (5/s) | I:393304 U:0 S:1306693 P:0 E:3 | fdc:2427352 ckpt:2427352
   ⚠️  UPC collision detected, falling back to row-level processing...
   📊 1,700,500 foods (5/s) | I:393304 U:0 S:1307193 P:0 E:3 | fdc:2427854 ckpt:2427854
   ⚠️  UPC collision detected, falling back to row-level processing...
   📊 1,701,000 foods (5/s) | I:393311 U:0 S:1307686 P:0 E:3 | fdc:2428381 ckpt:2428381
   ⚠️  UPC collision detected, falling back to row-level processing...
   📊 1,701,500 foods (5/s) | I:393312 U:0 S:1308185 P:0 E:3 | fdc:2428905 ckpt:2428905
   ⚠️  UPC collision detected, falling back to row-level processing...
   📊 1,702,000 foods (5/s) | I:393315 U:0 S:1308682 P:0 E:3 | fdc:2429447 ckpt:2429447
   ⚠️  UPC collision detected, falling back to row-level processing...
   📊 1,702,500 foods (5/s) | I:393323 U:0 S:1309174 P:0 E:3 | fdc:2429951 ckpt:2429951
   ⚠️  UPC collision detected, falling back to row-level processing...
   📊 1,703,000 foods (5/s) | I:393335 U:0 S:1309662 P:0 E:3 | fdc:2430455 ckpt:2430455
   ⚠️  UPC collision detected, falling back to row-level processing...
   📊 1,703,500 foods (5/s) | I:393342 U:0 S:1310155 P:0 E:3 | fdc:2430967 ckpt:2430967
   ⚠️  UPC collision detected, falling back to row-level processing...
   📊 1,704,000 foods (5/s) | I:393345 U:0 S:1310652 P:0 E:3 | fdc:2431480 ckpt:2431480
   ⚠️  UPC collision detected, falling back to row-level processing...
   📊 1,704,500 foods (5/s) | I:393349 U:0 S:1311148 P:0 E:3 | fdc:2432067 ckpt:2432067
   ⚠️  UPC collision detected, falling back to row-level processing...
   📊 1,705,000 foods (5/s) | I:393360 U:0 S:1311637 P:0 E:3 | fdc:2432601 ckpt:2432601
   ⚠️  UPC collision detected, falling back to row-level processing...
   📊 1,705,500 foods (5/s) | I:393360 U:0 S:1312137 P:0 E:3 | fdc:2433127 ckpt:2433127
   ⚠️  UPC collision detected, falling back to row-level processing...
   📊 1,706,000 foods (5/s) | I:393365 U:0 S:1312632 P:0 E:3 | fdc:2433631 ckpt:2433631
   ⚠️  UPC collision detected, falling back to row-level processing...
   📊 1,706,500 foods (5/s) | I:393375 U:0 S:1313122 P:0 E:3 | fdc:2434132 ckpt:2434132
   ⚠️  UPC collision detected, falling back to row-level processing...
   📊 1,707,000 foods (5/s) | I:393378 U:0 S:1313619 P:0 E:3 | fdc:2434640 ckpt:2434640
   ⚠️  UPC collision detected, falling back to row-level processing...
   📊 1,707,500 foods (5/s) | I:393387 U:0 S:1314110 P:0 E:3 | fdc:2435140 ckpt:2435140
   ⚠️  UPC collision detected, falling back to row-level processing...
   📊 1,708,000 foods (5/s) | I:393399 U:0 S:1314598 P:0 E:3 | fdc:2435641 ckpt:2435641
   ⚠️  UPC collision detected, falling back to row-level processing...
   📊 1,708,500 foods (5/s) | I:393407 U:0 S:1315090 P:0 E:3 | fdc:2436146 ckpt:2436146
   ⚠️  UPC collision detected, falling back to row-level processing...
   📊 1,709,000 foods (5/s) | I:393410 U:0 S:1315587 P:0 E:3 | fdc:2436646 ckpt:2436646
   ⚠️  UPC collision detected, falling back to row-level processing...
   📊 1,709,500 foods (5/s) | I:393422 U:0 S:1316075 P:0 E:3 | fdc:2437147 ckpt:2437147
   ⚠️  UPC collision detected, falling back to row-level processing...
   📊 1,710,000 foods (5/s) | I:393432 U:0 S:1316565 P:0 E:3 | fdc:2437647 ckpt:2437647
   ⚠️  UPC collision detected, falling back to row-level processing...
   📊 1,710,500 foods (5/s) | I:393432 U:0 S:1317065 P:0 E:3 | fdc:2438153 ckpt:2438153
   ⚠️  UPC collision detected, falling back to row-level processing...
   📊 1,711,000 foods (5/s) | I:393438 U:0 S:1317559 P:0 E:3 | fdc:2438654 ckpt:2438654
   ⚠️  UPC collision detected, falling back to row-level processing...
   📊 1,711,500 foods (5/s) | I:393448 U:0 S:1318049 P:0 E:3 | fdc:2439155 ckpt:2439155
   ⚠️  UPC collision detected, falling back to row-level processing...
   📊 1,712,000 foods (5/s) | I:393451 U:0 S:1318546 P:0 E:3 | fdc:2439655 ckpt:2439655
   ⚠️  UPC collision detected, falling back to row-level processing...
   📊 1,712,500 foods (5/s) | I:393456 U:0 S:1319041 P:0 E:3 | fdc:2440155 ckpt:2440155
   ⚠️  UPC collision detected, falling back to row-level processing...
   📊 1,713,000 foods (5/s) | I:393478 U:0 S:1319519 P:0 E:3 | fdc:2440656 ckpt:2440656
   ⚠️  UPC collision detected, falling back to row-level processing...
   📊 1,713,500 foods (5/s) | I:393491 U:0 S:1320006 P:0 E:3 | fdc:2441156 ckpt:2441156
   ⚠️  UPC collision detected, falling back to row-level processing...
   📊 1,714,000 foods (5/s) | I:393497 U:0 S:1320500 P:0 E:3 | fdc:2441658 ckpt:2441658
   ⚠️  UPC collision detected, falling back to row-level processing...
   📊 1,714,500 foods (5/s) | I:393500 U:0 S:1320997 P:0 E:3 | fdc:2442158 ckpt:2442158
   ⚠️  UPC collision detected, falling back to row-level processing...
   📊 1,715,000 foods (5/s) | I:393555 U:0 S:1321442 P:0 E:3 | fdc:2442658 ckpt:2442658
   ⚠️  UPC collision detected, falling back to row-level processing...
   📊 1,715,500 foods (5/s) | I:393563 U:0 S:1321934 P:0 E:3 | fdc:2443160 ckpt:2443160
   ⚠️  UPC collision detected, falling back to row-level processing...
   📊 1,716,000 foods (5/s) | I:393654 U:0 S:1322343 P:0 E:3 | fdc:2443660 ckpt:2443660
   ⚠️  UPC collision detected, falling back to row-level processing...
   📊 1,716,500 foods (5/s) | I:393816 U:0 S:1322681 P:0 E:3 | fdc:2444160 ckpt:2444160
   ⚠️  UPC collision detected, falling back to row-level processing...
   📊 1,717,000 foods (5/s) | I:393889 U:0 S:1323108 P:0 E:3 | fdc:2444661 ckpt:2444661
   ⚠️  UPC collision detected, falling back to row-level processing...
   📊 1,717,500 foods (5/s) | I:393963 U:0 S:1323534 P:0 E:3 | fdc:2445163 ckpt:2445163
   ⚠️  UPC collision detected, falling back to row-level processing...
   📊 1,718,000 foods (5/s) | I:394091 U:0 S:1323906 P:0 E:3 | fdc:2445663 ckpt:2445663
   ⚠️  UPC collision detected, falling back to row-level processing...
   📊 1,718,500 foods (5/s) | I:394204 U:0 S:1324293 P:0 E:3 | fdc:2446173 ckpt:2446173
   ⚠️  UPC collision detected, falling back to row-level processing...
   📊 1,719,000 foods (5/s) | I:394277 U:0 S:1324720 P:0 E:3 | fdc:2446673 ckpt:2446673
   ⚠️  UPC collision detected, falling back to row-level processing...
   📊 1,719,500 foods (5/s) | I:394391 U:0 S:1325106 P:0 E:3 | fdc:2447173 ckpt:2447173
   ⚠️  UPC collision detected, falling back to row-level processing...
   📊 1,720,000 foods (5/s) | I:394474 U:0 S:1325523 P:0 E:3 | fdc:2447674 ckpt:2447674
   ⚠️  UPC collision detected, falling back to row-level processing...
   📊 1,720,500 foods (5/s) | I:394502 U:0 S:1325995 P:0 E:3 | fdc:2448174 ckpt:2448174
   ⚠️  UPC collision detected, falling back to row-level processing...
   📊 1,721,000 foods (5/s) | I:394579 U:0 S:1326418 P:0 E:3 | fdc:2448678 ckpt:2448678
   ⚠️  UPC collision detected, falling back to row-level processing...
   📊 1,721,500 foods (5/s) | I:394697 U:0 S:1326800 P:0 E:3 | fdc:2449179 ckpt:2449179
   ⚠️  UPC collision detected, falling back to row-level processing...
   📊 1,722,000 foods (5/s) | I:395038 U:0 S:1326959 P:0 E:3 | fdc:2449681 ckpt:2449681
   ⚠️  UPC collision detected, falling back to row-level processing...
   📊 1,722,500 foods (5/s) | I:395326 U:0 S:1327171 P:0 E:3 | fdc:2450181 ckpt:2450181
   ⚠️  UPC collision detected, falling back to row-level processing...
   📊 1,723,000 foods (5/s) | I:395622 U:0 S:1327375 P:0 E:3 | fdc:2450681 ckpt:2450681
   ⚠️  UPC collision detected, falling back to row-level processing...
   📊 1,723,500 foods (5/s) | I:395888 U:0 S:1327609 P:0 E:3 | fdc:2451181 ckpt:2451181
   ⚠️  UPC collision detected, falling back to row-level processing...
   📊 1,724,000 foods (5/s) | I:396046 U:0 S:1327951 P:0 E:3 | fdc:2451682 ckpt:2451682
   ⚠️  UPC collision detected, falling back to row-level processing...
   📊 1,724,500 foods (5/s) | I:396220 U:0 S:1328277 P:0 E:3 | fdc:2452185 ckpt:2452185
   ⚠️  UPC collision detected, falling back to row-level processing...
   📊 1,725,000 foods (5/s) | I:396371 U:0 S:1328626 P:0 E:3 | fdc:2452692 ckpt:2452692
   ⚠️  UPC collision detected, falling back to row-level processing...
   📊 1,725,500 foods (5/s) | I:396502 U:0 S:1328995 P:0 E:3 | fdc:2453192 ckpt:2453192
   ⚠️  UPC collision detected, falling back to row-level processing...
   📊 1,726,000 foods (5/s) | I:396556 U:0 S:1329441 P:0 E:3 | fdc:2453696 ckpt:2453696
   ⚠️  UPC collision detected, falling back to row-level processing...
   📊 1,726,500 foods (5/s) | I:396557 U:0 S:1329940 P:0 E:3 | fdc:2454222 ckpt:2454222
   ⚠️  UPC collision detected, falling back to row-level processing...
   📊 1,727,000 foods (5/s) | I:396560 U:0 S:1330437 P:0 E:3 | fdc:2454727 ckpt:2454727
   ⚠️  UPC collision detected, falling back to row-level processing...
   📊 1,727,500 foods (5/s) | I:396561 U:0 S:1330936 P:0 E:3 | fdc:2455227 ckpt:2455227
   ⚠️  UPC collision detected, falling back to row-level processing...
   📊 1,728,000 foods (5/s) | I:396562 U:0 S:1331435 P:0 E:3 | fdc:2455734 ckpt:2455734
   ⚠️  UPC collision detected, falling back to row-level processing...
   📊 1,728,500 foods (5/s) | I:396566 U:0 S:1331931 P:0 E:3 | fdc:2456237 ckpt:2456237
   ⚠️  UPC collision detected, falling back to row-level processing...
   📊 1,729,000 foods (5/s) | I:396587 U:0 S:1332410 P:0 E:3 | fdc:2456739 ckpt:2456739
   ⚠️  UPC collision detected, falling back to row-level processing...
   📊 1,729,500 foods (5/s) | I:396669 U:0 S:1332828 P:0 E:3 | fdc:2457239 ckpt:2457239
   ⚠️  UPC collision detected, falling back to row-level processing...
   📊 1,730,000 foods (5/s) | I:396732 U:0 S:1333265 P:0 E:3 | fdc:2457739 ckpt:2457739
   📋 Deduplicated 66 intra-batch UPC duplicates
   ⚠️  UPC collision detected, falling back to row-level processing...
   📊 1,730,500 foods (5/s) | I:396732 U:0 S:1333765 P:0 E:3 | fdc:2458239 ckpt:2458239
   ⚠️  UPC collision detected, falling back to row-level processing...
   📊 1,731,000 foods (5/s) | I:396732 U:0 S:1334265 P:0 E:3 | fdc:2458739 ckpt:2458739
   ⚠️  UPC collision detected, falling back to row-level processing...
   📊 1,731,500 foods (5/s) | I:396746 U:0 S:1334751 P:0 E:3 | fdc:2459239 ckpt:2459239
   ⚠️  UPC collision detected, falling back to row-level processing...
   📊 1,732,000 foods (5/s) | I:396755 U:0 S:1335242 P:0 E:3 | fdc:2459739 ckpt:2459739
   ⚠️  UPC collision detected, falling back to row-level processing...
   📊 1,732,500 foods (5/s) | I:396760 U:0 S:1335737 P:0 E:3 | fdc:2460246 ckpt:2460246
   ⚠️  UPC collision detected, falling back to row-level processing...
   📊 1,733,000 foods (5/s) | I:396763 U:0 S:1336234 P:0 E:3 | fdc:2460747 ckpt:2460747
   ⚠️  UPC collision detected, falling back to row-level processing...
   📊 1,733,500 foods (5/s) | I:396770 U:0 S:1336727 P:0 E:3 | fdc:2461251 ckpt:2461251
   ⚠️  UPC collision detected, falling back to row-level processing...
   📊 1,734,000 foods (5/s) | I:396826 U:0 S:1337171 P:0 E:3 | fdc:2461751 ckpt:2461751
   ⚠️  UPC collision detected, falling back to row-level processing...
   📊 1,734,500 foods (5/s) | I:396838 U:0 S:1337659 P:0 E:3 | fdc:2462251 ckpt:2462251
   ⚠️  UPC collision detected, falling back to row-level processing...
   📊 1,735,000 foods (5/s) | I:396841 U:0 S:1338156 P:0 E:3 | fdc:2462756 ckpt:2462756
   ⚠️  UPC collision detected, falling back to row-level processing...
   📊 1,735,500 foods (5/s) | I:396918 U:0 S:1338579 P:0 E:3 | fdc:2463259 ckpt:2463259
   ⚠️  UPC collision detected, falling back to row-level processing...
   📊 1,736,000 foods (5/s) | I:396924 U:0 S:1339073 P:0 E:3 | fdc:2463765 ckpt:2463765
   ⚠️  UPC collision detected, falling back to row-level processing...
   📊 1,736,500 foods (5/s) | I:396949 U:0 S:1339548 P:0 E:3 | fdc:2464269 ckpt:2464269
   ⚠️  UPC collision detected, falling back to row-level processing...
   📊 1,737,000 foods (5/s) | I:396981 U:0 S:1340016 P:0 E:3 | fdc:2464771 ckpt:2464771
   ⚠️  UPC collision detected, falling back to row-level processing...
   📊 1,737,500 foods (5/s) | I:397004 U:0 S:1340493 P:0 E:3 | fdc:2465292 ckpt:2465292
   ⚠️  UPC collision detected, falling back to row-level processing...
   📊 1,738,000 foods (5/s) | I:397009 U:0 S:1340988 P:0 E:3 | fdc:2465825 ckpt:2465825
   ⚠️  UPC collision detected, falling back to row-level processing...
   📊 1,738,500 foods (5/s) | I:397080 U:0 S:1341417 P:0 E:3 | fdc:2466325 ckpt:2466325
   ⚠️  UPC collision detected, falling back to row-level processing...
   📊 1,739,000 foods (5/s) | I:397080 U:0 S:1341917 P:0 E:3 | fdc:2466826 ckpt:2466826
   ⚠️  UPC collision detected, falling back to row-level processing...
   📊 1,739,500 foods (5/s) | I:397081 U:0 S:1342416 P:0 E:3 | fdc:2467334 ckpt:2467334
   ⚠️  UPC collision detected, falling back to row-level processing...
   📊 1,740,000 foods (5/s) | I:397148 U:0 S:1342849 P:0 E:3 | fdc:2467838 ckpt:2467838
   ⚠️  UPC collision detected, falling back to row-level processing...
   📊 1,740,500 foods (5/s) | I:397168 U:0 S:1343329 P:0 E:3 | fdc:2468338 ckpt:2468338
   ⚠️  UPC collision detected, falling back to row-level processing...
   📊 1,741,000 foods (5/s) | I:397208 U:0 S:1343789 P:0 E:3 | fdc:2468839 ckpt:2468839
   ⚠️  UPC collision detected, falling back to row-level processing...
   📊 1,741,500 foods (5/s) | I:397235 U:0 S:1344262 P:0 E:3 | fdc:2469343 ckpt:2469343
   ⚠️  UPC collision detected, falling back to row-level processing...
   📊 1,742,000 foods (5/s) | I:397288 U:0 S:1344709 P:0 E:3 | fdc:2469843 ckpt:2469843
   ⚠️  UPC collision detected, falling back to row-level processing...
   📊 1,742,500 foods (5/s) | I:397346 U:0 S:1345151 P:0 E:3 | fdc:2470344 ckpt:2470344
   ⚠️  UPC collision detected, falling back to row-level processing...
   📊 1,743,000 foods (5/s) | I:397412 U:0 S:1345585 P:0 E:3 | fdc:2470847 ckpt:2470847
   ⚠️  UPC collision detected, falling back to row-level processing...
   📊 1,743,500 foods (5/s) | I:397426 U:0 S:1346071 P:0 E:3 | fdc:2471350 ckpt:2471350
   ⚠️  UPC collision detected, falling back to row-level processing...
   📊 1,744,000 foods (5/s) | I:397543 U:0 S:1346454 P:0 E:3 | fdc:2471850 ckpt:2471850
   ⚠️  UPC collision detected, falling back to row-level processing...
   📊 1,744,500 foods (5/s) | I:397549 U:0 S:1346948 P:0 E:3 | fdc:2472350 ckpt:2472350
   ⚠️  UPC collision detected, falling back to row-level processing...
   📊 1,745,000 foods (5/s) | I:397602 U:0 S:1347395 P:0 E:3 | fdc:2472850 ckpt:2472850
   ⚠️  UPC collision detected, falling back to row-level processing...
   📊 1,745,500 foods (5/s) | I:397654 U:0 S:1347843 P:0 E:3 | fdc:2473352 ckpt:2473352
   ⚠️  UPC collision detected, falling back to row-level processing...
   📊 1,746,000 foods (5/s) | I:397660 U:0 S:1348337 P:0 E:3 | fdc:2473866 ckpt:2473866
   ⚠️  UPC collision detected, falling back to row-level processing...
   📊 1,746,500 foods (5/s) | I:397697 U:0 S:1348800 P:0 E:3 | fdc:2474371 ckpt:2474371
   ⚠️  UPC collision detected, falling back to row-level processing...
   📊 1,747,000 foods (5/s) | I:397742 U:0 S:1349255 P:0 E:3 | fdc:2474872 ckpt:2474872
   ⚠️  UPC collision detected, falling back to row-level processing...
   📊 1,747,500 foods (5/s) | I:397792 U:0 S:1349705 P:0 E:3 | fdc:2475385 ckpt:2475385
   ⚠️  UPC collision detected, falling back to row-level processing...
   📊 1,748,000 foods (5/s) | I:397800 U:0 S:1350197 P:0 E:3 | fdc:2475918 ckpt:2475918
   ⚠️  UPC collision detected, falling back to row-level processing...
   📊 1,748,500 foods (5/s) | I:397871 U:0 S:1350626 P:0 E:3 | fdc:2476420 ckpt:2476420
   ⚠️  UPC collision detected, falling back to row-level processing...
   📊 1,749,000 foods (5/s) | I:397933 U:0 S:1351064 P:0 E:3 | fdc:2476927 ckpt:2476927
   ⚠️  UPC collision detected, falling back to row-level processing...
   📊 1,749,500 foods (5/s) | I:397954 U:0 S:1351543 P:0 E:3 | fdc:2477466 ckpt:2477466
   ⚠️  UPC collision detected, falling back to row-level processing...
   📊 1,750,000 foods (5/s) | I:398132 U:0 S:1351865 P:0 E:3 | fdc:2477968 ckpt:2477968
   ⚠️  UPC collision detected, falling back to row-level processing...
   📊 1,750,500 foods (5/s) | I:398435 U:0 S:1352062 P:0 E:3 | fdc:2478469 ckpt:2478469
   ⚠️  UPC collision detected, falling back to row-level processing...
   📊 1,751,000 foods (5/s) | I:398558 U:0 S:1352439 P:0 E:3 | fdc:2478970 ckpt:2478970
   ⚠️  UPC collision detected, falling back to row-level processing...
   📊 1,751,500 foods (5/s) | I:398778 U:0 S:1352719 P:0 E:3 | fdc:2479470 ckpt:2479470
   ⚠️  UPC collision detected, falling back to row-level processing...
   📊 1,752,000 foods (5/s) | I:399092 U:0 S:1352905 P:0 E:3 | fdc:2479972 ckpt:2479972
   ⚠️  UPC collision detected, falling back to row-level processing...
   📊 1,752,500 foods (5/s) | I:399363 U:0 S:1353134 P:0 E:3 | fdc:2480472 ckpt:2480472
   ⚠️  UPC collision detected, falling back to row-level processing...
   📊 1,753,000 foods (5/s) | I:399698 U:0 S:1353299 P:0 E:3 | fdc:2480973 ckpt:2480973
   ⚠️  UPC collision detected, falling back to row-level processing...
   📊 1,753,500 foods (5/s) | I:399974 U:0 S:1353523 P:0 E:3 | fdc:2481474 ckpt:2481474
   ⚠️  UPC collision detected, falling back to row-level processing...
   📊 1,754,000 foods (5/s) | I:400218 U:0 S:1353779 P:0 E:3 | fdc:2481974 ckpt:2481974
   ⚠️  UPC collision detected, falling back to row-level processing...
   📊 1,754,500 foods (5/s) | I:400353 U:0 S:1354144 P:0 E:3 | fdc:2482474 ckpt:2482474
   ⚠️  UPC collision detected, falling back to row-level processing...
   📊 1,755,000 foods (5/s) | I:400498 U:0 S:1354499 P:0 E:3 | fdc:2482977 ckpt:2482977
   ⚠️  UPC collision detected, falling back to row-level processing...
   📊 1,755,500 foods (5/s) | I:400565 U:0 S:1354932 P:0 E:3 | fdc:2483478 ckpt:2483478
   ⚠️  UPC collision detected, falling back to row-level processing...
   📊 1,756,000 foods (5/s) | I:400698 U:0 S:1355299 P:0 E:3 | fdc:2483978 ckpt:2483978
   ⚠️  UPC collision detected, falling back to row-level processing...
   📊 1,756,500 foods (5/s) | I:400718 U:0 S:1355779 P:0 E:3 | fdc:2484478 ckpt:2484478
   ⚠️  UPC collision detected, falling back to row-level processing...
   📊 1,757,000 foods (5/s) | I:400744 U:0 S:1356253 P:0 E:3 | fdc:2484978 ckpt:2484978
   ⚠️  UPC collision detected, falling back to row-level processing...
   📊 1,757,500 foods (5/s) | I:400754 U:0 S:1356743 P:0 E:3 | fdc:2485478 ckpt:2485478
   ⚠️  UPC collision detected, falling back to row-level processing...
   📊 1,758,000 foods (5/s) | I:400756 U:0 S:1357241 P:0 E:3 | fdc:2485979 ckpt:2485979
   ⚠️  UPC collision detected, falling back to row-level processing...
   📊 1,758,500 foods (5/s) | I:400791 U:0 S:1357706 P:0 E:3 | fdc:2486480 ckpt:2486480
   ⚠️  UPC collision detected, falling back to row-level processing...
   📊 1,759,000 foods (5/s) | I:400808 U:0 S:1358189 P:0 E:3 | fdc:2486980 ckpt:2486980
   ⚠️  UPC collision detected, falling back to row-level processing...
   📊 1,759,500 foods (5/s) | I:400808 U:0 S:1358689 P:0 E:3 | fdc:2487481 ckpt:2487481
   ⚠️  UPC collision detected, falling back to row-level processing...
   📊 1,760,000 foods (5/s) | I:400871 U:0 S:1359126 P:0 E:3 | fdc:2487987 ckpt:2487987
   ⚠️  UPC collision detected, falling back to row-level processing...
   📊 1,760,500 foods (5/s) | I:400876 U:0 S:1359621 P:0 E:3 | fdc:2488491 ckpt:2488491
   ⚠️  UPC collision detected, falling back to row-level processing...
   📊 1,761,000 foods (5/s) | I:400886 U:0 S:1360111 P:0 E:3 | fdc:2488993 ckpt:2488993
   ⚠️  UPC collision detected, falling back to row-level processing...
   📊 1,761,500 foods (5/s) | I:400891 U:0 S:1360606 P:0 E:3 | fdc:2489498 ckpt:2489498
   ⚠️  UPC collision detected, falling back to row-level processing...
   📊 1,762,000 foods (5/s) | I:400903 U:0 S:1361094 P:0 E:3 | fdc:2490001 ckpt:2490001
   ⚠️  UPC collision detected, falling back to row-level processing...
   📊 1,762,500 foods (5/s) | I:400930 U:0 S:1361567 P:0 E:3 | fdc:2490502 ckpt:2490502
   ⚠️  UPC collision detected, falling back to row-level processing...
   📊 1,763,000 foods (5/s) | I:400945 U:0 S:1362052 P:0 E:3 | fdc:2491006 ckpt:2491006
   ⚠️  UPC collision detected, falling back to row-level processing...
   📊 1,763,500 foods (5/s) | I:400962 U:0 S:1362535 P:0 E:3 | fdc:2491512 ckpt:2491512
   ⚠️  UPC collision detected, falling back to row-level processing...
   📊 1,764,000 foods (5/s) | I:400974 U:0 S:1363023 P:0 E:3 | fdc:2492012 ckpt:2492012
   ⚠️  UPC collision detected, falling back to row-level processing...
   📊 1,764,500 foods (5/s) | I:401031 U:0 S:1363466 P:0 E:3 | fdc:2492512 ckpt:2492512
   ⚠️  UPC collision detected, falling back to row-level processing...
   📊 1,765,000 foods (5/s) | I:401237 U:0 S:1363760 P:0 E:3 | fdc:2493012 ckpt:2493012
   ⚠️  UPC collision detected, falling back to row-level processing...
   📊 1,765,500 foods (5/s) | I:401351 U:0 S:1364146 P:0 E:3 | fdc:2493522 ckpt:2493522
   ⚠️  UPC collision detected, falling back to row-level processing...
   📊 1,766,000 foods (5/s) | I:401424 U:0 S:1364573 P:0 E:3 | fdc:2494022 ckpt:2494022
   ⚠️  UPC collision detected, falling back to row-level processing...
   📊 1,766,500 foods (5/s) | I:401693 U:0 S:1364804 P:0 E:3 | fdc:2494522 ckpt:2494522
   ⚠️  UPC collision detected, falling back to row-level processing...
   📊 1,767,000 foods (5/s) | I:401845 U:0 S:1365152 P:0 E:3 | fdc:2495022 ckpt:2495022
   ⚠️  UPC collision detected, falling back to row-level processing...
   📊 1,767,500 foods (5/s) | I:401914 U:0 S:1365583 P:0 E:3 | fdc:2495522 ckpt:2495522
   ⚠️  UPC collision detected, falling back to row-level processing...
   📊 1,768,000 foods (5/s) | I:401987 U:0 S:1366010 P:0 E:3 | fdc:2496022 ckpt:2496022
   ⚠️  UPC collision detected, falling back to row-level processing...
   📊 1,768,500 foods (5/s) | I:402060 U:0 S:1366437 P:0 E:3 | fdc:2496522 ckpt:2496522
   ⚠️  UPC collision detected, falling back to row-level processing...
   📊 1,769,000 foods (5/s) | I:402333 U:0 S:1366664 P:0 E:3 | fdc:2497022 ckpt:2497022
   ⚠️  UPC collision detected, falling back to row-level processing...
   📊 1,769,500 foods (5/s) | I:402475 U:0 S:1367022 P:0 E:3 | fdc:2497522 ckpt:2497522
   ⚠️  UPC collision detected, falling back to row-level processing...
   📊 1,770,000 foods (5/s) | I:402639 U:0 S:1367358 P:0 E:3 | fdc:2498066 ckpt:2498066
   ⚠️  UPC collision detected, falling back to row-level processing...
   📊 1,770,500 foods (5/s) | I:402819 U:0 S:1367678 P:0 E:3 | fdc:2498566 ckpt:2498566
   ⚠️  UPC collision detected, falling back to row-level processing...
   📊 1,771,000 foods (5/s) | I:402824 U:0 S:1368173 P:0 E:3 | fdc:2499066 ckpt:2499066
   ⚠️  UPC collision detected, falling back to row-level processing...
   📊 1,771,500 foods (5/s) | I:402880 U:0 S:1368617 P:0 E:3 | fdc:2499566 ckpt:2499566
   ⚠️  UPC collision detected, falling back to row-level processing...
   📊 1,772,000 foods (5/s) | I:402976 U:0 S:1369021 P:0 E:3 | fdc:2500066 ckpt:2500066
   ⚠️  UPC collision detected, falling back to row-level processing...
   📊 1,772,500 foods (5/s) | I:403031 U:0 S:1369466 P:0 E:3 | fdc:2500566 ckpt:2500566
   ⚠️  UPC collision detected, falling back to row-level processing...
   📊 1,773,000 foods (5/s) | I:403101 U:0 S:1369896 P:0 E:3 | fdc:2501066 ckpt:2501066
   ⚠️  Transient error (attempt 1/6): TypeError: fetch failed
   ⏳ Retrying in 1s...
   ⚠️  UPC collision detected, falling back to row-level processing...
   📊 1,773,500 foods (5/s) | I:403188 U:0 S:1370309 P:0 E:3 | fdc:2501566 ckpt:2501566
   ⚠️  UPC collision detected, falling back to row-level processing...
   📊 1,774,000 foods (5/s) | I:403315 U:0 S:1370682 P:0 E:3 | fdc:2502066 ckpt:2502066
   ⚠️  UPC collision detected, falling back to row-level processing...
   📊 1,774,500 foods (5/s) | I:403422 U:0 S:1371075 P:0 E:3 | fdc:2502566 ckpt:2502566
   ⚠️  UPC collision detected, falling back to row-level processing...
   📊 1,775,000 foods (5/s) | I:403621 U:0 S:1371376 P:0 E:3 | fdc:2503066 ckpt:2503066
   ⚠️  UPC collision detected, falling back to row-level processing...
   📊 1,775,500 foods (5/s) | I:403691 U:0 S:1371806 P:0 E:3 | fdc:2503566 ckpt:2503566
   ⚠️  UPC collision detected, falling back to row-level processing...
   📊 1,776,000 foods (5/s) | I:403789 U:0 S:1372208 P:0 E:3 | fdc:2504066 ckpt:2504066
   ⚠️  UPC collision detected, falling back to row-level processing...
   📊 1,776,500 foods (5/s) | I:403910 U:0 S:1372587 P:0 E:3 | fdc:2504566 ckpt:2504566
   ⚠️  UPC collision detected, falling back to row-level processing...
   📊 1,777,000 foods (5/s) | I:403921 U:0 S:1373076 P:0 E:3 | fdc:2505066 ckpt:2505066
   ⚠️  UPC collision detected, falling back to row-level processing...
   📊 1,777,500 foods (5/s) | I:403959 U:0 S:1373538 P:0 E:3 | fdc:2505566 ckpt:2505566
   ⚠️  UPC collision detected, falling back to row-level processing...
   📊 1,778,000 foods (5/s) | I:404074 U:0 S:1373923 P:0 E:3 | fdc:2506066 ckpt:2506066
   ⚠️  UPC collision detected, falling back to row-level processing...
   📊 1,778,500 foods (5/s) | I:404202 U:0 S:1374295 P:0 E:3 | fdc:2506566 ckpt:2506566
   ⚠️  UPC collision detected, falling back to row-level processing...
   📊 1,779,000 foods (5/s) | I:404344 U:0 S:1374653 P:0 E:3 | fdc:2507066 ckpt:2507066
   ⚠️  UPC collision detected, falling back to row-level processing...
   📊 1,779,500 foods (5/s) | I:404467 U:0 S:1375030 P:0 E:3 | fdc:2507566 ckpt:2507566
   ⚠️  UPC collision detected, falling back to row-level processing...
   📊 1,780,000 foods (5/s) | I:404498 U:0 S:1375499 P:0 E:3 | fdc:2508066 ckpt:2508066
   ⚠️  UPC collision detected, falling back to row-level processing...
   📊 1,780,500 foods (5/s) | I:404571 U:0 S:1375926 P:0 E:3 | fdc:2508566 ckpt:2508566
   ⚠️  UPC collision detected, falling back to row-level processing...
   📊 1,781,000 foods (5/s) | I:404733 U:0 S:1376264 P:0 E:3 | fdc:2509066 ckpt:2509066
   ⚠️  UPC collision detected, falling back to row-level processing...
   📊 1,781,500 foods (5/s) | I:404833 U:0 S:1376664 P:0 E:3 | fdc:2509566 ckpt:2509566
   ⚠️  UPC collision detected, falling back to row-level processing...
   📊 1,782,000 foods (5/s) | I:404922 U:0 S:1377075 P:0 E:3 | fdc:2510066 ckpt:2510066
   ⚠️  UPC collision detected, falling back to row-level processing...
   📊 1,782,500 foods (5/s) | I:405060 U:0 S:1377437 P:0 E:3 | fdc:2510566 ckpt:2510566
   ⚠️  UPC collision detected, falling back to row-level processing...
   📊 1,783,000 foods (5/s) | I:405158 U:0 S:1377839 P:0 E:3 | fdc:2511066 ckpt:2511066
   ⚠️  UPC collision detected, falling back to row-level processing...
   📊 1,783,500 foods (5/s) | I:405244 U:0 S:1378253 P:0 E:3 | fdc:2511566 ckpt:2511566
   ⚠️  UPC collision detected, falling back to row-level processing...
   📊 1,784,000 foods (5/s) | I:405397 U:0 S:1378600 P:0 E:3 | fdc:2512066 ckpt:2512066
   ⚠️  UPC collision detected, falling back to row-level processing...
   📊 1,784,500 foods (5/s) | I:405523 U:0 S:1378974 P:0 E:3 | fdc:2516967 ckpt:2516967
   ⚠️  UPC collision detected, falling back to row-level processing...
   📊 1,785,000 foods (5/s) | I:405523 U:0 S:1379474 P:0 E:3 | fdc:2517467 ckpt:2517467
   ⚠️  UPC collision detected, falling back to row-level processing...
   📊 1,785,500 foods (5/s) | I:405523 U:0 S:1379974 P:0 E:3 | fdc:2517967 ckpt:2517967
   ⚠️  UPC collision detected, falling back to row-level processing...
   📊 1,786,000 foods (5/s) | I:405524 U:0 S:1380473 P:0 E:3 | fdc:2518467 ckpt:2518467
   ⚠️  UPC collision detected, falling back to row-level processing...
   📊 1,786,500 foods (5/s) | I:405524 U:0 S:1380973 P:0 E:3 | fdc:2518967 ckpt:2518967
   ⚠️  UPC collision detected, falling back to row-level processing...
   📊 1,787,000 foods (5/s) | I:405524 U:0 S:1381473 P:0 E:3 | fdc:2519467 ckpt:2519467
   ⚠️  UPC collision detected, falling back to row-level processing...
   📊 1,787,500 foods (5/s) | I:405526 U:0 S:1381971 P:0 E:3 | fdc:2519967 ckpt:2519967
   ⚠️  UPC collision detected, falling back to row-level processing...
   📊 1,788,000 foods (5/s) | I:405526 U:0 S:1382471 P:0 E:3 | fdc:2520467 ckpt:2520467
   ⚠️  UPC collision detected, falling back to row-level processing...
   📊 1,788,500 foods (5/s) | I:405526 U:0 S:1382971 P:0 E:3 | fdc:2520967 ckpt:2520967
   ⚠️  UPC collision detected, falling back to row-level processing...
   📊 1,789,000 foods (5/s) | I:405531 U:0 S:1383466 P:0 E:3 | fdc:2521467 ckpt:2521467
   ⚠️  UPC collision detected, falling back to row-level processing...
   📊 1,789,500 foods (5/s) | I:405535 U:0 S:1383962 P:0 E:3 | fdc:2521967 ckpt:2521967
   ⚠️  UPC collision detected, falling back to row-level processing...
   📊 1,790,000 foods (5/s) | I:405540 U:0 S:1384457 P:0 E:3 | fdc:2522467 ckpt:2522467
   ⚠️  UPC collision detected, falling back to row-level processing...
   📊 1,790,500 foods (5/s) | I:405548 U:0 S:1384949 P:0 E:3 | fdc:2522968 ckpt:2522968
   ⚠️  UPC collision detected, falling back to row-level processing...
   📊 1,791,000 foods (5/s) | I:405568 U:0 S:1385429 P:0 E:3 | fdc:2523478 ckpt:2523478
   ⚠️  UPC collision detected, falling back to row-level processing...
   📊 1,791,500 foods (5/s) | I:405587 U:0 S:1385910 P:0 E:3 | fdc:2523978 ckpt:2523978
   ⚠️  UPC collision detected, falling back to row-level processing...
   📊 1,792,000 foods (5/s) | I:405607 U:0 S:1386390 P:0 E:3 | fdc:2524478 ckpt:2524478
   ⚠️  UPC collision detected, falling back to row-level processing...
   📊 1,792,500 foods (5/s) | I:405624 U:0 S:1386873 P:0 E:3 | fdc:2524978 ckpt:2524978
   ⚠️  UPC collision detected, falling back to row-level processing...
   📊 1,793,000 foods (5/s) | I:405654 U:0 S:1387343 P:0 E:3 | fdc:2525480 ckpt:2525480
   ⚠️  UPC collision detected, falling back to row-level processing...
   📊 1,793,500 foods (5/s) | I:405983 U:0 S:1387514 P:0 E:3 | fdc:2525980 ckpt:2525980
   ⚠️  UPC collision detected, falling back to row-level processing...
   📊 1,794,000 foods (5/s) | I:406448 U:0 S:1387549 P:0 E:3 | fdc:2526480 ckpt:2526480
   📊 1,794,500 foods (5/s) | I:406948 U:0 S:1387549 P:0 E:3 | fdc:2526980 ckpt:2526980
   📊 1,795,000 foods (5/s) | I:407448 U:0 S:1387549 P:0 E:3 | fdc:2527480 ckpt:2527480
   ⚠️  Transient error (attempt 1/6): TypeError: fetch failed
   ⏳ Retrying in 1s...
   📊 1,795,500 foods (5/s) | I:407948 U:0 S:1387549 P:0 E:3 | fdc:2527980 ckpt:2527980
   📊 1,796,000 foods (5/s) | I:408448 U:0 S:1387549 P:0 E:3 | fdc:2528480 ckpt:2528480
   📊 1,796,500 foods (5/s) | I:408948 U:0 S:1387549 P:0 E:3 | fdc:2528981 ckpt:2528981
   📊 1,797,000 foods (5/s) | I:409448 U:0 S:1387549 P:0 E:3 | fdc:2529481 ckpt:2529481
   📊 1,797,500 foods (5/s) | I:409948 U:0 S:1387549 P:0 E:3 | fdc:2529981 ckpt:2529981
   📊 1,798,000 foods (5/s) | I:410448 U:0 S:1387549 P:0 E:3 | fdc:2530481 ckpt:2530481
   📊 1,798,500 foods (5/s) | I:410948 U:0 S:1387549 P:0 E:3 | fdc:2530981 ckpt:2530981
   📊 1,799,000 foods (5/s) | I:411448 U:0 S:1387549 P:0 E:3 | fdc:2531481 ckpt:2531481
   📊 1,799,500 foods (5/s) | I:411948 U:0 S:1387549 P:0 E:3 | fdc:2531981 ckpt:2531981
   📊 1,800,000 foods (5/s) | I:412448 U:0 S:1387549 P:0 E:3 | fdc:2532481 ckpt:2532481
   📊 1,800,500 foods (5/s) | I:412948 U:0 S:1387549 P:0 E:3 | fdc:2532981 ckpt:2532981
   📊 1,801,000 foods (5/s) | I:413448 U:0 S:1387549 P:0 E:3 | fdc:2533481 ckpt:2533481
   ⚠️  UPC collision detected, falling back to row-level processing...
   📊 1,801,500 foods (5/s) | I:413947 U:0 S:1387550 P:0 E:3 | fdc:2533993 ckpt:2533993
   📊 1,802,000 foods (5/s) | I:414447 U:0 S:1387550 P:0 E:3 | fdc:2534493 ckpt:2534493
   📊 1,802,500 foods (5/s) | I:414947 U:0 S:1387550 P:0 E:3 | fdc:2534993 ckpt:2534993
   📊 1,803,000 foods (6/s) | I:415447 U:0 S:1387550 P:0 E:3 | fdc:2535493 ckpt:2535493
   📊 1,803,500 foods (6/s) | I:415947 U:0 S:1387550 P:0 E:3 | fdc:2535993 ckpt:2535993
   📊 1,804,000 foods (6/s) | I:416447 U:0 S:1387550 P:0 E:3 | fdc:2536493 ckpt:2536493
   📊 1,804,500 foods (6/s) | I:416947 U:0 S:1387550 P:0 E:3 | fdc:2536993 ckpt:2536993
   📊 1,805,000 foods (6/s) | I:417447 U:0 S:1387550 P:0 E:3 | fdc:2537493 ckpt:2537493
   📊 1,805,500 foods (6/s) | I:417947 U:0 S:1387550 P:0 E:3 | fdc:2537993 ckpt:2537993
   📊 1,806,000 foods (6/s) | I:418447 U:0 S:1387550 P:0 E:3 | fdc:2538493 ckpt:2538493
   📊 1,806,500 foods (6/s) | I:418947 U:0 S:1387550 P:0 E:3 | fdc:2538993 ckpt:2538993
   📊 1,807,000 foods (6/s) | I:419447 U:0 S:1387550 P:0 E:3 | fdc:2539493 ckpt:2539493
   ⚠️  UPC collision detected, falling back to row-level processing...
   📊 1,807,500 foods (6/s) | I:419478 U:0 S:1388019 P:0 E:3 | fdc:2539993 ckpt:2539993
   ⚠️  UPC collision detected, falling back to row-level processing...
   📊 1,808,000 foods (6/s) | I:419478 U:0 S:1388519 P:0 E:3 | fdc:2540493 ckpt:2540493
   ⚠️  UPC collision detected, falling back to row-level processing...
   📊 1,808,500 foods (6/s) | I:419479 U:0 S:1389018 P:0 E:3 | fdc:2540995 ckpt:2540995
   ⚠️  UPC collision detected, falling back to row-level processing...
   📊 1,809,000 foods (6/s) | I:419479 U:0 S:1389518 P:0 E:3 | fdc:2541497 ckpt:2541497
   ⚠️  UPC collision detected, falling back to row-level processing...
   📊 1,809,500 foods (6/s) | I:419479 U:0 S:1390018 P:0 E:3 | fdc:2542002 ckpt:2542002
   ⚠️  UPC collision detected, falling back to row-level processing...
   📊 1,810,000 foods (6/s) | I:419479 U:0 S:1390518 P:0 E:3 | fdc:2542510 ckpt:2542510
   ⚠️  UPC collision detected, falling back to row-level processing...
   📊 1,810,500 foods (6/s) | I:419479 U:0 S:1391018 P:0 E:3 | fdc:2543018 ckpt:2543018
   ⚠️  UPC collision detected, falling back to row-level processing...
   📊 1,811,000 foods (6/s) | I:419479 U:0 S:1391518 P:0 E:3 | fdc:2543520 ckpt:2543520
   ⚠️  UPC collision detected, falling back to row-level processing...
   📊 1,811,500 foods (6/s) | I:419480 U:0 S:1392017 P:0 E:3 | fdc:2544024 ckpt:2544024
   ⚠️  UPC collision detected, falling back to row-level processing...
   📊 1,812,000 foods (6/s) | I:419480 U:0 S:1392517 P:0 E:3 | fdc:2544527 ckpt:2544527
   ⚠️  UPC collision detected, falling back to row-level processing...
   📊 1,812,500 foods (6/s) | I:419480 U:0 S:1393017 P:0 E:3 | fdc:2545030 ckpt:2545030
   ⚠️  UPC collision detected, falling back to row-level processing...
   📊 1,813,000 foods (6/s) | I:419480 U:0 S:1393517 P:0 E:3 | fdc:2545532 ckpt:2545532
   ⚠️  UPC collision detected, falling back to row-level processing...
   📊 1,813,500 foods (6/s) | I:419480 U:0 S:1394017 P:0 E:3 | fdc:2546037 ckpt:2546037
   ⚠️  UPC collision detected, falling back to row-level processing...
   📊 1,814,000 foods (6/s) | I:419480 U:0 S:1394517 P:0 E:3 | fdc:2546541 ckpt:2546541
   ⚠️  UPC collision detected, falling back to row-level processing...
   📊 1,814,500 foods (6/s) | I:419519 U:0 S:1394978 P:0 E:3 | fdc:2547046 ckpt:2547046
   ⚠️  UPC collision detected, falling back to row-level processing...
   📊 1,815,000 foods (6/s) | I:419743 U:0 S:1395254 P:0 E:3 | fdc:2547546 ckpt:2547546
   ⚠️  UPC collision detected, falling back to row-level processing...
   📊 1,815,500 foods (6/s) | I:419766 U:0 S:1395731 P:0 E:3 | fdc:2548046 ckpt:2548046
   ⚠️  UPC collision detected, falling back to row-level processing...
   📊 1,816,000 foods (6/s) | I:419779 U:0 S:1396218 P:0 E:3 | fdc:2548559 ckpt:2548559
   ⚠️  UPC collision detected, falling back to row-level processing...
   📊 1,816,500 foods (6/s) | I:419788 U:0 S:1396709 P:0 E:3 | fdc:2549059 ckpt:2549059
   ⚠️  UPC collision detected, falling back to row-level processing...
   📊 1,817,000 foods (6/s) | I:419836 U:0 S:1397161 P:0 E:3 | fdc:2549559 ckpt:2549559
   ⚠️  UPC collision detected, falling back to row-level processing...
   📊 1,817,500 foods (6/s) | I:419868 U:0 S:1397629 P:0 E:3 | fdc:2550059 ckpt:2550059
   ⚠️  UPC collision detected, falling back to row-level processing...
   📊 1,818,000 foods (6/s) | I:419988 U:0 S:1398009 P:0 E:3 | fdc:2550559 ckpt:2550559
   ⚠️  UPC collision detected, falling back to row-level processing...
   📊 1,818,500 foods (6/s) | I:420010 U:0 S:1398487 P:0 E:3 | fdc:2551060 ckpt:2551060
   ⚠️  UPC collision detected, falling back to row-level processing...
   📊 1,819,000 foods (6/s) | I:420240 U:0 S:1398757 P:0 E:3 | fdc:2551560 ckpt:2551560
   📊 1,819,500 foods (6/s) | I:420740 U:0 S:1398757 P:0 E:3 | fdc:2552060 ckpt:2552060
   📊 1,820,000 foods (6/s) | I:421240 U:0 S:1398757 P:0 E:3 | fdc:2552582 ckpt:2552582
   📊 1,820,500 foods (6/s) | I:421740 U:0 S:1398757 P:0 E:3 | fdc:2553082 ckpt:2553082
   📊 1,821,000 foods (6/s) | I:422240 U:0 S:1398757 P:0 E:3 | fdc:2553582 ckpt:2553582
   📊 1,821,500 foods (6/s) | I:422740 U:0 S:1398757 P:0 E:3 | fdc:2554083 ckpt:2554083
   📊 1,822,000 foods (6/s) | I:423240 U:0 S:1398757 P:0 E:3 | fdc:2554583 ckpt:2554583
   ⚠️  UPC collision detected, falling back to row-level processing...
   📊 1,822,500 foods (6/s) | I:423571 U:0 S:1398926 P:0 E:3 | fdc:2555083 ckpt:2555083
   ⚠️  UPC collision detected, falling back to row-level processing...
   📊 1,823,000 foods (6/s) | I:423571 U:0 S:1399426 P:0 E:3 | fdc:2555583 ckpt:2555583
   ⚠️  UPC collision detected, falling back to row-level processing...
   📊 1,823,500 foods (6/s) | I:423571 U:0 S:1399926 P:0 E:3 | fdc:2556083 ckpt:2556083
   ⚠️  UPC collision detected, falling back to row-level processing...
   📊 1,824,000 foods (6/s) | I:423571 U:0 S:1400426 P:0 E:3 | fdc:2556583 ckpt:2556583
   ⚠️  UPC collision detected, falling back to row-level processing...
   📊 1,824,500 foods (6/s) | I:423571 U:0 S:1400926 P:0 E:3 | fdc:2557083 ckpt:2557083
   ⚠️  UPC collision detected, falling back to row-level processing...
   📊 1,825,000 foods (6/s) | I:423571 U:0 S:1401426 P:0 E:3 | fdc:2557583 ckpt:2557583
   ⚠️  UPC collision detected, falling back to row-level processing...
   📊 1,825,500 foods (6/s) | I:423571 U:0 S:1401926 P:0 E:3 | fdc:2558083 ckpt:2558083
   ⚠️  UPC collision detected, falling back to row-level processing...
   📊 1,826,000 foods (6/s) | I:423571 U:0 S:1402426 P:0 E:3 | fdc:2558583 ckpt:2558583
   ⚠️  UPC collision detected, falling back to row-level processing...
   📊 1,826,500 foods (6/s) | I:423571 U:0 S:1402926 P:0 E:3 | fdc:2559083 ckpt:2559083
   ⚠️  UPC collision detected, falling back to row-level processing...
   📊 1,827,000 foods (6/s) | I:423571 U:0 S:1403426 P:0 E:3 | fdc:2559583 ckpt:2559583
   ⚠️  UPC collision detected, falling back to row-level processing...
   📊 1,827,500 foods (6/s) | I:423643 U:0 S:1403854 P:0 E:3 | fdc:2560083 ckpt:2560083
   ⚠️  UPC collision detected, falling back to row-level processing...
   ⚠️  Transient error (attempt 1/6): <!DOCTYPE html>
<!--[if lt IE 7]> <html class="no-js ie6 oldie" lang="en-US"> <![endif]-->
<!--[if IE 7]>    <html class="no-js ie7 oldie" lang="en-US"> <![endif]-->
<!--[if IE 8]>    <html class="no-js ie8 oldie" lang="en-US"> <![endif]-->
<!--[if gt IE 8]><!--> <html class="no-js" lang="en-US"> <!--<![endif]-->
<head>

<title> | 500: Internal server error</title>
<meta charset="UTF-8" />
<meta http-equiv="Content-Type" content="text/html; charset=UTF-8" />
<meta http-equiv="X-UA-Compatible" content="IE=Edge" />
<meta name="robots" content="noindex, nofollow" />
<meta name="viewport" content="width=device-width,initial-scale=1" />
<link rel="stylesheet" id="cf_styles-css" href="/cdn-cgi/styles/main.css" />
</head>
<body>
<div id="cf-wrapper">
    <div id="cf-error-details" class="p-0">
        <header class="mx-auto pt-10 lg:pt-6 lg:px-8 w-240 lg:w-full mb-8">
            <h1 class="inline-block sm:block sm:mb-2 font-light text-60 lg:text-4xl text-black-dark leading-tight mr-2">
                <span class="inline-block">Internal server error</span>
                <span class="code-label">Error code 500</span>
            </h1>
            <div>
                Visit <a href="https://www.cloudflare.com/5xx-error-landing?utm_source=errorcode_500&utm_campaign=tssvlflebugqhtogqdfs.supabase.co" target="_blank" rel="noopener noreferrer">cloudflare.com</a> for more information.
            </div>
            <div class="mt-3">2026-02-16 22:42:04 UTC</div>
        </header>
        <div class="my-8 bg-gradient-gray">
            <div class="w-240 lg:w-full mx-auto">
                <div class="clearfix md:px-8">
                    <div id="cf-browser-status" class=" relative w-1/3 md:w-full py-15 md:p-0 md:py-8 md:text-left md:border-solid md:border-0 md:border-b md:border-gray-400 overflow-hidden float-left md:float-none text-center">
  <div class="relative mb-10 md:m-0">
    
    <span class="cf-icon-browser block md:hidden h-20 bg-center bg-no-repeat"></span>
    <span class="cf-icon-ok w-12 h-12 absolute left-1/2 md:left-auto md:right-0 md:top-0 -ml-6 -bottom-4"></span>
    
  </div>
  <span class="md:block w-full truncate">You</span>
  <h3 class="md:inline-block mt-3 md:mt-0 text-2xl text-gray-600 font-light leading-1.3">
  
    Browser
  
  </h3>
  
  <span class="leading-1.3 text-2xl text-green-success">Working</span>
  
</div>
                    <div id="cf-cloudflare-status" class="cf-error-source relative w-1/3 md:w-full py-15 md:p-0 md:py-8 md:text-left md:border-solid md:border-0 md:border-b md:border-gray-400 overflow-hidden float-left md:float-none text-center">
  <div class="relative mb-10 md:m-0">
    <a href="https://www.cloudflare.com/5xx-error-landing?utm_source=errorcode_500&#38;utm_campaign=tssvlflebugqhtogqdfs.supabase.co" target="_blank" rel="noopener noreferrer">
    <span class="cf-icon-cloud block md:hidden h-20 bg-center bg-no-repeat"></span>
    <span class="cf-icon-error w-12 h-12 absolute left-1/2 md:left-auto md:right-0 md:top-0 -ml-6 -bottom-4"></span>
    </a>
  </div>
  <span class="md:block w-full truncate">Kansas City</span>
  <h3 class="md:inline-block mt-3 md:mt-0 text-2xl text-gray-600 font-light leading-1.3">
  <a href="https://www.cloudflare.com/5xx-error-landing?utm_source=errorcode_500&utm_campaign=tssvlflebugqhtogqdfs.supabase.co" target="_blank" rel="noopener noreferrer">
    Cloudflare
  </a>
  </h3>
  
  <span class="leading-1.3 text-2xl text-red-error">Error</span>
  
</div>
                    <div id="cf-host-status" class=" relative w-1/3 md:w-full py-15 md:p-0 md:py-8 md:text-left md:border-solid md:border-0 md:border-b md:border-gray-400 overflow-hidden float-left md:float-none text-center">
  <div class="relative mb-10 md:m-0">
    
    <span class="cf-icon-server block md:hidden h-20 bg-center bg-no-repeat"></span>
    <span class="cf-icon-ok w-12 h-12 absolute left-1/2 md:left-auto md:right-0 md:top-0 -ml-6 -bottom-4"></span>
    
  </div>
  <span class="md:block w-full truncate">tssvlflebugqhtogqdfs.supabase.co</span>
  <h3 class="md:inline-block mt-3 md:mt-0 text-2xl text-gray-600 font-light leading-1.3">
  
    Host
  
  </h3>
  
  <span class="leading-1.3 text-2xl text-green-success">Working</span>
  
</div>
                </div>
            </div>
        </div>

        <div class="w-240 lg:w-full mx-auto mb-8 lg:px-8">
            <div class="clearfix">
                <div class="w-1/2 md:w-full float-left pr-6 md:pb-10 md:pr-0 leading-relaxed">
                    <h2 class="text-3xl font-normal leading-1.3 mb-4">What happened?</h2>
                    <p>There is an internal server error on Cloudflare's network.</p>
                </div>
                <div class="w-1/2 md:w-full float-left leading-relaxed">
                    <h2 class="text-3xl font-normal leading-1.3 mb-4">What can I do?</h2>
                    <p class="mb-6">Please try again in a few minutes.</p>
                </div>
            </div>
        </div>

        <div class="cf-error-footer cf-wrapper w-240 lg:w-full py-10 sm:py-4 sm:px-8 mx-auto text-center sm:text-left border-solid border-0 border-t border-gray-300">
    <p class="text-13">
      <span class="cf-footer-item sm:block sm:mb-1">Cloudflare Ray ID: <strong class="font-semibold">9cf08e586e040c53</strong></span>
      <span class="cf-footer-separator sm:hidden">&bull;</span>
      <span id="cf-footer-item-ip" class="cf-footer-item hidden sm:block sm:mb-1">
        Your IP:
        <button type="button" id="cf-footer-ip-reveal" class="cf-footer-ip-reveal-btn">Click to reveal</button>
        <span class="hidden" id="cf-footer-ip">68.13.243.86</span>
        <span class="cf-footer-separator sm:hidden">&bull;</span>
      </span>
      <span class="cf-footer-item sm:block sm:mb-1"><span>Performance &amp; security by</span> <a rel="noopener noreferrer" href="https://www.cloudflare.com/5xx-error-landing?utm_source=errorcode_500&#38;utm_campaign=tssvlflebugqhtogqdfs.supabase.co" id="brand_link" target="_blank">Cloudflare</a></span>
      
    </p>
    <script>(function(){function d(){var b=a.getElementById("cf-footer-item-ip"),c=a.getElementById("cf-footer-ip-reveal");b&&"classList"in b&&(b.classList.remove("hidden"),c.addEventListener("click",function(){c.classList.add("hidden");a.getElementById("cf-footer-ip").classList.remove("hidden")}))}var a=document;document.addEventListener&&a.addEventListener("DOMContentLoaded",d)})();</script>
  </div><!-- /.error-footer -->

    </div>
</div>
</body>
</html>
   ⏳ Retrying in 1s...
   📊 1,828,000 foods (6/s) | I:423890 U:0 S:1404107 P:0 E:3 | fdc:2560583 ckpt:2560583
   ⚠️  UPC collision detected, falling back to row-level processing...
   📊 1,828,500 foods (6/s) | I:424036 U:0 S:1404461 P:0 E:3 | fdc:2561083 ckpt:2561083
   ⚠️  UPC collision detected, falling back to row-level processing...
   📊 1,829,000 foods (6/s) | I:424321 U:0 S:1404676 P:0 E:3 | fdc:2561583 ckpt:2561583
   ⚠️  UPC collision detected, falling back to row-level processing...
   📊 1,829,500 foods (6/s) | I:424571 U:0 S:1404926 P:0 E:3 | fdc:2562083 ckpt:2562083
   ⚠️  UPC collision detected, falling back to row-level processing...
   📊 1,830,000 foods (6/s) | I:424811 U:0 S:1405186 P:0 E:3 | fdc:2562583 ckpt:2562583
   ⚠️  UPC collision detected, falling back to row-level processing...
   📊 1,830,500 foods (6/s) | I:424920 U:0 S:1405577 P:0 E:3 | fdc:2563083 ckpt:2563083
   ⚠️  UPC collision detected, falling back to row-level processing...
   📊 1,831,000 foods (6/s) | I:425037 U:0 S:1405960 P:0 E:3 | fdc:2563583 ckpt:2563583
   ⚠️  UPC collision detected, falling back to row-level processing...
   📊 1,831,500 foods (6/s) | I:425278 U:0 S:1406219 P:0 E:3 | fdc:2564083 ckpt:2564083
   ⚠️  UPC collision detected, falling back to row-level processing...
   📊 1,832,000 foods (6/s) | I:425520 U:0 S:1406477 P:0 E:3 | fdc:2564583 ckpt:2564583
   ⚠️  UPC collision detected, falling back to row-level processing...
   📊 1,832,500 foods (6/s) | I:425741 U:0 S:1406756 P:0 E:3 | fdc:2565083 ckpt:2565083
   ⚠️  UPC collision detected, falling back to row-level processing...
   📊 1,833,000 foods (6/s) | I:425951 U:0 S:1407046 P:0 E:3 | fdc:2565583 ckpt:2565583
   ⚠️  UPC collision detected, falling back to row-level processing...
   📊 1,833,500 foods (6/s) | I:426270 U:0 S:1407227 P:0 E:3 | fdc:2566083 ckpt:2566083
   ⚠️  UPC collision detected, falling back to row-level processing...
   📊 1,834,000 foods (6/s) | I:426473 U:0 S:1407524 P:0 E:3 | fdc:2566583 ckpt:2566583
   ⚠️  UPC collision detected, falling back to row-level processing...
   📊 1,834,500 foods (6/s) | I:426683 U:0 S:1407814 P:0 E:3 | fdc:2567083 ckpt:2567083
   ⚠️  UPC collision detected, falling back to row-level processing...
   📊 1,835,000 foods (6/s) | I:426847 U:0 S:1408150 P:0 E:3 | fdc:2567583 ckpt:2567583
   ⚠️  UPC collision detected, falling back to row-level processing...
   📊 1,835,500 foods (6/s) | I:427088 U:0 S:1408409 P:0 E:3 | fdc:2568083 ckpt:2568083
   ⚠️  UPC collision detected, falling back to row-level processing...
   📊 1,836,000 foods (6/s) | I:427310 U:0 S:1408687 P:0 E:3 | fdc:2568583 ckpt:2568583
   ⚠️  UPC collision detected, falling back to row-level processing...
   📊 1,836,500 foods (6/s) | I:427580 U:0 S:1408917 P:0 E:3 | fdc:2569083 ckpt:2569083
   ⚠️  UPC collision detected, falling back to row-level processing...
   📊 1,837,000 foods (6/s) | I:427763 U:0 S:1409234 P:0 E:3 | fdc:2569583 ckpt:2569583
   ⚠️  UPC collision detected, falling back to row-level processing...
   📊 1,837,500 foods (6/s) | I:427992 U:0 S:1409505 P:0 E:3 | fdc:2570083 ckpt:2570083
   ⚠️  UPC collision detected, falling back to row-level processing...
   📊 1,838,000 foods (6/s) | I:428188 U:0 S:1409809 P:0 E:3 | fdc:2570583 ckpt:2570583
   ⚠️  UPC collision detected, falling back to row-level processing...
   📊 1,838,500 foods (6/s) | I:428339 U:0 S:1410158 P:0 E:3 | fdc:2571083 ckpt:2571083
   ⚠️  UPC collision detected, falling back to row-level processing...
   📊 1,839,000 foods (6/s) | I:428547 U:0 S:1410450 P:0 E:3 | fdc:2571583 ckpt:2571583
   ⚠️  UPC collision detected, falling back to row-level processing...
   📊 1,839,500 foods (6/s) | I:428630 U:0 S:1410867 P:0 E:3 | fdc:2572102 ckpt:2572102
   ⚠️  UPC collision detected, falling back to row-level processing...
   📊 1,840,000 foods (6/s) | I:428673 U:0 S:1411324 P:0 E:3 | fdc:2572602 ckpt:2572602
   ⚠️  UPC collision detected, falling back to row-level processing...
   📊 1,840,500 foods (6/s) | I:428694 U:0 S:1411803 P:0 E:3 | fdc:2573102 ckpt:2573102
   ⚠️  UPC collision detected, falling back to row-level processing...
   📊 1,841,000 foods (6/s) | I:428710 U:0 S:1412287 P:0 E:3 | fdc:2573602 ckpt:2573602
   ⚠️  UPC collision detected, falling back to row-level processing...
   📊 1,841,500 foods (6/s) | I:428756 U:0 S:1412741 P:0 E:3 | fdc:2574102 ckpt:2574102
   ⚠️  UPC collision detected, falling back to row-level processing...
   📊 1,842,000 foods (6/s) | I:428821 U:0 S:1413176 P:0 E:3 | fdc:2574602 ckpt:2574602
   ⚠️  UPC collision detected, falling back to row-level processing...
   📊 1,842,500 foods (6/s) | I:428859 U:0 S:1413638 P:0 E:3 | fdc:2575149 ckpt:2575149
   ⚠️  UPC collision detected, falling back to row-level processing...
   📊 1,843,000 foods (6/s) | I:428859 U:0 S:1414138 P:0 E:3 | fdc:2575649 ckpt:2575649
   ⚠️  UPC collision detected, falling back to row-level processing...
   📊 1,843,500 foods (6/s) | I:428863 U:0 S:1414634 P:0 E:3 | fdc:2576149 ckpt:2576149
   ⚠️  UPC collision detected, falling back to row-level processing...
   📊 1,844,000 foods (6/s) | I:428864 U:0 S:1415133 P:0 E:3 | fdc:2576649 ckpt:2576649
   ⚠️  UPC collision detected, falling back to row-level processing...
   📊 1,844,500 foods (6/s) | I:428871 U:0 S:1415626 P:0 E:3 | fdc:2577158 ckpt:2577158
   ⚠️  UPC collision detected, falling back to row-level processing...
   📊 1,845,000 foods (6/s) | I:428881 U:0 S:1416116 P:0 E:3 | fdc:2577658 ckpt:2577658
   ⚠️  UPC collision detected, falling back to row-level processing...
   📊 1,845,500 foods (6/s) | I:428952 U:0 S:1416545 P:0 E:3 | fdc:2578158 ckpt:2578158
   ⚠️  UPC collision detected, falling back to row-level processing...
   📊 1,846,000 foods (6/s) | I:429047 U:0 S:1416950 P:0 E:3 | fdc:2578658 ckpt:2578658
   ⚠️  UPC collision detected, falling back to row-level processing...
   📊 1,846,500 foods (6/s) | I:429121 U:0 S:1417376 P:0 E:3 | fdc:2579158 ckpt:2579158
   ⚠️  UPC collision detected, falling back to row-level processing...
   📊 1,847,000 foods (6/s) | I:429189 U:0 S:1417808 P:0 E:3 | fdc:2579658 ckpt:2579658
   ⚠️  UPC collision detected, falling back to row-level processing...
   📊 1,847,500 foods (6/s) | I:429258 U:0 S:1418239 P:0 E:3 | fdc:2580158 ckpt:2580158
   ⚠️  UPC collision detected, falling back to row-level processing...
   📊 1,848,000 foods (6/s) | I:429396 U:0 S:1418601 P:0 E:3 | fdc:2580658 ckpt:2580658
   ⚠️  UPC collision detected, falling back to row-level processing...
   📊 1,848,500 foods (6/s) | I:429491 U:0 S:1419006 P:0 E:3 | fdc:2581158 ckpt:2581158
   ⚠️  UPC collision detected, falling back to row-level processing...
   📊 1,849,000 foods (6/s) | I:429546 U:0 S:1419451 P:0 E:3 | fdc:2581658 ckpt:2581658
   ⚠️  UPC collision detected, falling back to row-level processing...
   📊 1,849,500 foods (6/s) | I:429639 U:0 S:1419858 P:0 E:3 | fdc:2582158 ckpt:2582158
   ⚠️  UPC collision detected, falling back to row-level processing...
   📊 1,850,000 foods (6/s) | I:429835 U:0 S:1420162 P:0 E:3 | fdc:2582658 ckpt:2582658
   ⚠️  UPC collision detected, falling back to row-level processing...
   📊 1,850,500 foods (6/s) | I:430031 U:0 S:1420466 P:0 E:3 | fdc:2583158 ckpt:2583158
   ⚠️  UPC collision detected, falling back to row-level processing...
   📊 1,851,000 foods (6/s) | I:430202 U:0 S:1420795 P:0 E:3 | fdc:2583658 ckpt:2583658
   ⚠️  UPC collision detected, falling back to row-level processing...
   📊 1,851,500 foods (6/s) | I:430292 U:0 S:1421205 P:0 E:3 | fdc:2584158 ckpt:2584158
   ⚠️  UPC collision detected, falling back to row-level processing...
   📊 1,852,000 foods (6/s) | I:430452 U:0 S:1421545 P:0 E:3 | fdc:2584658 ckpt:2584658
   ⚠️  UPC collision detected, falling back to row-level processing...
   📊 1,852,500 foods (6/s) | I:430624 U:0 S:1421873 P:0 E:3 | fdc:2585158 ckpt:2585158
   ⚠️  UPC collision detected, falling back to row-level processing...
   📊 1,853,000 foods (6/s) | I:430692 U:0 S:1422305 P:0 E:3 | fdc:2585659 ckpt:2585659
   ⚠️  UPC collision detected, falling back to row-level processing...
   📊 1,853,500 foods (6/s) | I:430700 U:0 S:1422797 P:0 E:3 | fdc:2586159 ckpt:2586159
   ⚠️  UPC collision detected, falling back to row-level processing...
   📊 1,854,000 foods (6/s) | I:430706 U:0 S:1423291 P:0 E:3 | fdc:2586659 ckpt:2586659
   ⚠️  UPC collision detected, falling back to row-level processing...
   📊 1,854,500 foods (6/s) | I:430724 U:0 S:1423773 P:0 E:3 | fdc:2587159 ckpt:2587159
   ⚠️  UPC collision detected, falling back to row-level processing...
   📊 1,855,000 foods (6/s) | I:430731 U:0 S:1424266 P:0 E:3 | fdc:2587659 ckpt:2587659
   ⚠️  UPC collision detected, falling back to row-level processing...
   📊 1,855,500 foods (6/s) | I:430841 U:0 S:1424656 P:0 E:3 | fdc:2588159 ckpt:2588159
   📊 1,856,000 foods (6/s) | I:431341 U:0 S:1424656 P:0 E:3 | fdc:2588659 ckpt:2588659
   📊 1,856,500 foods (6/s) | I:431841 U:0 S:1424656 P:0 E:3 | fdc:2589159 ckpt:2589159
   📊 1,857,000 foods (6/s) | I:432341 U:0 S:1424656 P:0 E:3 | fdc:2589659 ckpt:2589659
   ⚠️  UPC collision detected, falling back to row-level processing...
   📊 1,857,500 foods (6/s) | I:432840 U:0 S:1424657 P:0 E:3 | fdc:2590166 ckpt:2590166
   📊 1,858,000 foods (6/s) | I:433340 U:0 S:1424657 P:0 E:3 | fdc:2590679 ckpt:2590679
   📊 1,858,500 foods (6/s) | I:433840 U:0 S:1424657 P:0 E:3 | fdc:2591179 ckpt:2591179
   📊 1,859,000 foods (6/s) | I:434340 U:0 S:1424657 P:0 E:3 | fdc:2591679 ckpt:2591679
   📊 1,859,500 foods (6/s) | I:434840 U:0 S:1424657 P:0 E:3 | fdc:2592179 ckpt:2592179
   ⚠️  UPC collision detected, falling back to row-level processing...
   📊 1,860,000 foods (6/s) | I:435339 U:0 S:1424658 P:0 E:3 | fdc:2592682 ckpt:2592682
   📊 1,860,500 foods (6/s) | I:435839 U:0 S:1424658 P:0 E:3 | fdc:2593182 ckpt:2593182
   📊 1,861,000 foods (6/s) | I:436339 U:0 S:1424658 P:0 E:3 | fdc:2593682 ckpt:2593682
   ⚠️  UPC collision detected, falling back to row-level processing...
   📊 1,861,500 foods (6/s) | I:436603 U:0 S:1424894 P:0 E:3 | fdc:2594182 ckpt:2594182
   ⚠️  UPC collision detected, falling back to row-level processing...
   📊 1,862,000 foods (6/s) | I:436653 U:0 S:1425344 P:0 E:3 | fdc:2594682 ckpt:2594682
   ⚠️  UPC collision detected, falling back to row-level processing...
   📊 1,862,500 foods (6/s) | I:436689 U:0 S:1425808 P:0 E:3 | fdc:2595182 ckpt:2595182
   ⚠️  UPC collision detected, falling back to row-level processing...
   📊 1,863,000 foods (6/s) | I:436748 U:0 S:1426249 P:0 E:3 | fdc:2595682 ckpt:2595682
   ⚠️  UPC collision detected, falling back to row-level processing...
   📊 1,863,500 foods (6/s) | I:436941 U:0 S:1426556 P:0 E:3 | fdc:2596182 ckpt:2596182
   ⚠️  UPC collision detected, falling back to row-level processing...
   📊 1,864,000 foods (6/s) | I:436950 U:0 S:1427047 P:0 E:3 | fdc:2596682 ckpt:2596682
   ⚠️  UPC collision detected, falling back to row-level processing...
   📊 1,864,500 foods (6/s) | I:436984 U:0 S:1427513 P:0 E:3 | fdc:2597182 ckpt:2597182
   ⚠️  UPC collision detected, falling back to row-level processing...
   📊 1,865,000 foods (6/s) | I:436993 U:0 S:1428004 P:0 E:3 | fdc:2597682 ckpt:2597682
   ⚠️  UPC collision detected, falling back to row-level processing...
   📊 1,865,500 foods (6/s) | I:437003 U:0 S:1428494 P:0 E:3 | fdc:2598182 ckpt:2598182
   ⚠️  UPC collision detected, falling back to row-level processing...
   📊 1,866,000 foods (6/s) | I:437008 U:0 S:1428989 P:0 E:3 | fdc:2598682 ckpt:2598682
   ⚠️  UPC collision detected, falling back to row-level processing...
   📊 1,866,500 foods (6/s) | I:437019 U:0 S:1429478 P:0 E:3 | fdc:2599182 ckpt:2599182
   ⚠️  UPC collision detected, falling back to row-level processing...
   📊 1,867,000 foods (6/s) | I:437040 U:0 S:1429957 P:0 E:3 | fdc:2599700 ckpt:2599700
   ⚠️  UPC collision detected, falling back to row-level processing...
   📊 1,867,500 foods (6/s) | I:437040 U:0 S:1430457 P:0 E:3 | fdc:2600200 ckpt:2600200
   ⚠️  UPC collision detected, falling back to row-level processing...
   📊 1,868,000 foods (6/s) | I:437066 U:0 S:1430931 P:0 E:3 | fdc:2600700 ckpt:2600700
   ⚠️  UPC collision detected, falling back to row-level processing...
   📊 1,868,500 foods (6/s) | I:437091 U:0 S:1431406 P:0 E:3 | fdc:2601255 ckpt:2601255
   ⚠️  UPC collision detected, falling back to row-level processing...
   📊 1,869,000 foods (6/s) | I:437098 U:0 S:1431899 P:0 E:3 | fdc:2601756 ckpt:2601756
   ⚠️  UPC collision detected, falling back to row-level processing...
   📊 1,869,500 foods (6/s) | I:437106 U:0 S:1432391 P:0 E:3 | fdc:2602256 ckpt:2602256
   ⚠️  UPC collision detected, falling back to row-level processing...
   📊 1,870,000 foods (6/s) | I:437118 U:0 S:1432879 P:0 E:3 | fdc:2602756 ckpt:2602756
   ⚠️  UPC collision detected, falling back to row-level processing...
   📊 1,870,500 foods (6/s) | I:437126 U:0 S:1433371 P:0 E:3 | fdc:2603256 ckpt:2603256
   ⚠️  UPC collision detected, falling back to row-level processing...
   📊 1,871,000 foods (6/s) | I:437135 U:0 S:1433862 P:0 E:3 | fdc:2603756 ckpt:2603756
   ⚠️  UPC collision detected, falling back to row-level processing...
   📊 1,871,500 foods (6/s) | I:437148 U:0 S:1434349 P:0 E:3 | fdc:2604256 ckpt:2604256
   ⚠️  UPC collision detected, falling back to row-level processing...
   📊 1,872,000 foods (6/s) | I:437159 U:0 S:1434838 P:0 E:3 | fdc:2604756 ckpt:2604756
   ⚠️  UPC collision detected, falling back to row-level processing...
   📊 1,872,500 foods (6/s) | I:437164 U:0 S:1435333 P:0 E:3 | fdc:2605256 ckpt:2605256
   ⚠️  UPC collision detected, falling back to row-level processing...
   📊 1,873,000 foods (6/s) | I:437164 U:0 S:1435833 P:0 E:3 | fdc:2605756 ckpt:2605756
   ⚠️  UPC collision detected, falling back to row-level processing...
   📊 1,873,500 foods (6/s) | I:437165 U:0 S:1436332 P:0 E:3 | fdc:2606256 ckpt:2606256
   ⚠️  UPC collision detected, falling back to row-level processing...
   📊 1,874,000 foods (6/s) | I:437284 U:0 S:1436713 P:0 E:3 | fdc:2606756 ckpt:2606756
   ⚠️  UPC collision detected, falling back to row-level processing...
   📊 1,874,500 foods (6/s) | I:437288 U:0 S:1437209 P:0 E:3 | fdc:2607256 ckpt:2607256
   ⚠️  UPC collision detected, falling back to row-level processing...
   📊 1,875,000 foods (6/s) | I:437308 U:0 S:1437689 P:0 E:3 | fdc:2607756 ckpt:2607756
   ⚠️  UPC collision detected, falling back to row-level processing...
   📊 1,875,500 foods (6/s) | I:437312 U:0 S:1438185 P:0 E:3 | fdc:2608258 ckpt:2608258
   ⚠️  UPC collision detected, falling back to row-level processing...
   📊 1,876,000 foods (6/s) | I:437320 U:0 S:1438677 P:0 E:3 | fdc:2608758 ckpt:2608758
   ⚠️  UPC collision detected, falling back to row-level processing...
   📊 1,876,500 foods (6/s) | I:437327 U:0 S:1439170 P:0 E:3 | fdc:2609258 ckpt:2609258
   ⚠️  UPC collision detected, falling back to row-level processing...
   📊 1,877,000 foods (6/s) | I:437329 U:0 S:1439668 P:0 E:3 | fdc:2609758 ckpt:2609758
   ⚠️  UPC collision detected, falling back to row-level processing...
   📊 1,877,500 foods (6/s) | I:437666 U:0 S:1439831 P:0 E:3 | fdc:2610258 ckpt:2610258
   ⚠️  UPC collision detected, falling back to row-level processing...
   📊 1,878,000 foods (6/s) | I:438150 U:0 S:1439847 P:0 E:3 | fdc:2610758 ckpt:2610758
   ⚠️  UPC collision detected, falling back to row-level processing...
   📊 1,878,500 foods (6/s) | I:438641 U:0 S:1439856 P:0 E:3 | fdc:2611258 ckpt:2611258
   📊 1,879,000 foods (6/s) | I:439141 U:0 S:1439856 P:0 E:3 | fdc:2611763 ckpt:2611763
   ⚠️  Transient error (attempt 1/6): TypeError: fetch failed
   ⏳ Retrying in 1s...
   📊 1,879,500 foods (6/s) | I:439641 U:0 S:1439856 P:0 E:3 | fdc:2612263 ckpt:2612263
   📊 1,880,000 foods (6/s) | I:440141 U:0 S:1439856 P:0 E:3 | fdc:2612764 ckpt:2612764
   ⚠️  UPC collision detected, falling back to row-level processing...
   📊 1,880,500 foods (6/s) | I:440472 U:0 S:1440025 P:0 E:3 | fdc:2613264 ckpt:2613264
   ⚠️  UPC collision detected, falling back to row-level processing...
   📊 1,881,000 foods (6/s) | I:440472 U:0 S:1440525 P:0 E:3 | fdc:2613764 ckpt:2613764
   ⚠️  UPC collision detected, falling back to row-level processing...
   📊 1,881,500 foods (6/s) | I:440472 U:0 S:1441025 P:0 E:3 | fdc:2614264 ckpt:2614264
   ⚠️  UPC collision detected, falling back to row-level processing...
   📊 1,882,000 foods (6/s) | I:440496 U:0 S:1441501 P:0 E:3 | fdc:2614764 ckpt:2614764
   ⚠️  UPC collision detected, falling back to row-level processing...
   📊 1,882,500 foods (6/s) | I:440567 U:0 S:1441930 P:0 E:3 | fdc:2615264 ckpt:2615264
   ⚠️  UPC collision detected, falling back to row-level processing...
   📊 1,883,000 foods (6/s) | I:440627 U:0 S:1442370 P:0 E:3 | fdc:2615764 ckpt:2615764
   ⚠️  UPC collision detected, falling back to row-level processing...
   📊 1,883,500 foods (6/s) | I:440658 U:0 S:1442839 P:0 E:3 | fdc:2616264 ckpt:2616264
   ⚠️  UPC collision detected, falling back to row-level processing...
   📊 1,884,000 foods (6/s) | I:440669 U:0 S:1443328 P:0 E:3 | fdc:2616764 ckpt:2616764
   ⚠️  UPC collision detected, falling back to row-level processing...
   📊 1,884,500 foods (6/s) | I:440684 U:0 S:1443813 P:0 E:3 | fdc:2617274 ckpt:2617274
   ⚠️  UPC collision detected, falling back to row-level processing...
   📊 1,885,000 foods (6/s) | I:440688 U:0 S:1444309 P:0 E:3 | fdc:2617782 ckpt:2617782
   ⚠️  UPC collision detected, falling back to row-level processing...
   📊 1,885,500 foods (6/s) | I:440708 U:0 S:1444789 P:0 E:3 | fdc:2618282 ckpt:2618282
   ⚠️  UPC collision detected, falling back to row-level processing...
   📊 1,886,000 foods (6/s) | I:440709 U:0 S:1445288 P:0 E:3 | fdc:2618782 ckpt:2618782
   ⚠️  UPC collision detected, falling back to row-level processing...
   📊 1,886,500 foods (6/s) | I:440719 U:0 S:1445778 P:0 E:3 | fdc:2619301 ckpt:2619301
   ⚠️  UPC collision detected, falling back to row-level processing...
   📊 1,887,000 foods (6/s) | I:440719 U:0 S:1446278 P:0 E:3 | fdc:2619801 ckpt:2619801
   ⚠️  UPC collision detected, falling back to row-level processing...
   📊 1,887,500 foods (6/s) | I:440724 U:0 S:1446773 P:0 E:3 | fdc:2620301 ckpt:2620301
   ⚠️  UPC collision detected, falling back to row-level processing...
   📊 1,888,000 foods (6/s) | I:440725 U:0 S:1447272 P:0 E:3 | fdc:2620801 ckpt:2620801
   ⚠️  UPC collision detected, falling back to row-level processing...
   📊 1,888,500 foods (6/s) | I:440725 U:0 S:1447772 P:0 E:3 | fdc:2621301 ckpt:2621301
   ⚠️  UPC collision detected, falling back to row-level processing...
   📊 1,889,000 foods (6/s) | I:440728 U:0 S:1448269 P:0 E:3 | fdc:2621804 ckpt:2621804
   ⚠️  UPC collision detected, falling back to row-level processing...
   📊 1,889,500 foods (6/s) | I:440729 U:0 S:1448768 P:0 E:3 | fdc:2622304 ckpt:2622304
   ⚠️  UPC collision detected, falling back to row-level processing...
   📊 1,890,000 foods (6/s) | I:440741 U:0 S:1449256 P:0 E:3 | fdc:2622804 ckpt:2622804
   ⚠️  UPC collision detected, falling back to row-level processing...
   📊 1,890,500 foods (6/s) | I:440817 U:0 S:1449680 P:0 E:3 | fdc:2623304 ckpt:2623304
   ⚠️  UPC collision detected, falling back to row-level processing...
   📊 1,891,000 foods (6/s) | I:440825 U:0 S:1450172 P:0 E:3 | fdc:2623804 ckpt:2623804
   ⚠️  UPC collision detected, falling back to row-level processing...
   📊 1,891,500 foods (6/s) | I:440841 U:0 S:1450656 P:0 E:3 | fdc:2624304 ckpt:2624304
   ⚠️  UPC collision detected, falling back to row-level processing...
   📊 1,892,000 foods (6/s) | I:440868 U:0 S:1451129 P:0 E:3 | fdc:2624804 ckpt:2624804
   ⚠️  UPC collision detected, falling back to row-level processing...
   📊 1,892,500 foods (6/s) | I:440868 U:0 S:1451629 P:0 E:3 | fdc:2625304 ckpt:2625304
   ⚠️  UPC collision detected, falling back to row-level processing...
   📊 1,893,000 foods (6/s) | I:440921 U:0 S:1452076 P:0 E:3 | fdc:2625804 ckpt:2625804
   ⚠️  UPC collision detected, falling back to row-level processing...
   📊 1,893,500 foods (6/s) | I:440950 U:0 S:1452547 P:0 E:3 | fdc:2626304 ckpt:2626304
   ⚠️  UPC collision detected, falling back to row-level processing...
   📊 1,894,000 foods (6/s) | I:440959 U:0 S:1453038 P:0 E:3 | fdc:2626806 ckpt:2626806
   ⚠️  UPC collision detected, falling back to row-level processing...
   📊 1,894,500 foods (6/s) | I:440987 U:0 S:1453510 P:0 E:3 | fdc:2627306 ckpt:2627306
   ⚠️  UPC collision detected, falling back to row-level processing...
   📊 1,895,000 foods (6/s) | I:440987 U:0 S:1454010 P:0 E:3 | fdc:2627806 ckpt:2627806
   ⚠️  UPC collision detected, falling back to row-level processing...
   📊 1,895,500 foods (6/s) | I:440993 U:0 S:1454504 P:0 E:3 | fdc:2628306 ckpt:2628306
   ⚠️  UPC collision detected, falling back to row-level processing...
   📊 1,896,000 foods (6/s) | I:441009 U:0 S:1454988 P:0 E:3 | fdc:2628806 ckpt:2628806
   ⚠️  UPC collision detected, falling back to row-level processing...
   📊 1,896,500 foods (6/s) | I:441014 U:0 S:1455483 P:0 E:3 | fdc:2629306 ckpt:2629306
   ⚠️  UPC collision detected, falling back to row-level processing...
   📊 1,897,000 foods (6/s) | I:441442 U:0 S:1455555 P:0 E:3 | fdc:2629806 ckpt:2629806
   📊 1,897,500 foods (6/s) | I:441942 U:0 S:1455555 P:0 E:3 | fdc:2630317 ckpt:2630317
   📊 1,898,000 foods (6/s) | I:442442 U:0 S:1455555 P:0 E:3 | fdc:2630817 ckpt:2630817
   📊 1,898,500 foods (6/s) | I:442942 U:0 S:1455555 P:0 E:3 | fdc:2631317 ckpt:2631317
   ⚠️  UPC collision detected, falling back to row-level processing...
   📊 1,899,000 foods (6/s) | I:443231 U:0 S:1455766 P:0 E:3 | fdc:2631820 ckpt:2631820
   ⚠️  UPC collision detected, falling back to row-level processing...
   📊 1,899,500 foods (6/s) | I:443268 U:0 S:1456229 P:0 E:3 | fdc:2632328 ckpt:2632328
   ⚠️  UPC collision detected, falling back to row-level processing...
   📊 1,900,000 foods (6/s) | I:443278 U:0 S:1456719 P:0 E:3 | fdc:2632852 ckpt:2632852
   ⚠️  UPC collision detected, falling back to row-level processing...
   📊 1,900,500 foods (6/s) | I:443278 U:0 S:1457219 P:0 E:3 | fdc:2633352 ckpt:2633352
   ⚠️  UPC collision detected, falling back to row-level processing...
   📊 1,901,000 foods (6/s) | I:443296 U:0 S:1457701 P:0 E:3 | fdc:2633852 ckpt:2633852
   ⚠️  UPC collision detected, falling back to row-level processing...
   📊 1,901,500 foods (6/s) | I:443374 U:0 S:1458123 P:0 E:3 | fdc:2634352 ckpt:2634352
   ⚠️  UPC collision detected, falling back to row-level processing...
   📊 1,902,000 foods (6/s) | I:443411 U:0 S:1458586 P:0 E:3 | fdc:2634852 ckpt:2634852
   ⚠️  UPC collision detected, falling back to row-level processing...
   📊 1,902,500 foods (6/s) | I:443413 U:0 S:1459084 P:0 E:3 | fdc:2635352 ckpt:2635352
   ⚠️  UPC collision detected, falling back to row-level processing...
   📊 1,903,000 foods (6/s) | I:443421 U:0 S:1459576 P:0 E:3 | fdc:2635852 ckpt:2635852
   ⚠️  UPC collision detected, falling back to row-level processing...
   📊 1,903,500 foods (6/s) | I:443462 U:0 S:1460035 P:0 E:3 | fdc:2636352 ckpt:2636352
   ⚠️  UPC collision detected, falling back to row-level processing...
   📊 1,904,000 foods (6/s) | I:443479 U:0 S:1460518 P:0 E:3 | fdc:2636854 ckpt:2636854
   ⚠️  UPC collision detected, falling back to row-level processing...
   📊 1,904,500 foods (6/s) | I:443518 U:0 S:1460979 P:0 E:3 | fdc:2637354 ckpt:2637354
   ⚠️  UPC collision detected, falling back to row-level processing...
   📊 1,905,000 foods (6/s) | I:443526 U:0 S:1461471 P:0 E:3 | fdc:2637854 ckpt:2637854
   ⚠️  UPC collision detected, falling back to row-level processing...
   📊 1,905,500 foods (6/s) | I:443567 U:0 S:1461930 P:0 E:3 | fdc:2638354 ckpt:2638354
   ⚠️  UPC collision detected, falling back to row-level processing...
   📊 1,906,000 foods (6/s) | I:443576 U:0 S:1462421 P:0 E:3 | fdc:2638854 ckpt:2638854
   ⚠️  UPC collision detected, falling back to row-level processing...
   📊 1,906,500 foods (6/s) | I:443582 U:0 S:1462915 P:0 E:3 | fdc:2639354 ckpt:2639354
   ⚠️  UPC collision detected, falling back to row-level processing...
   📊 1,907,000 foods (6/s) | I:443591 U:0 S:1463406 P:0 E:3 | fdc:2639854 ckpt:2639854
   ⚠️  UPC collision detected, falling back to row-level processing...
   📊 1,907,500 foods (6/s) | I:443615 U:0 S:1463882 P:0 E:3 | fdc:2640354 ckpt:2640354
   ⚠️  UPC collision detected, falling back to row-level processing...
   📊 1,908,000 foods (6/s) | I:443653 U:0 S:1464344 P:0 E:3 | fdc:2640854 ckpt:2640854
   ⚠️  UPC collision detected, falling back to row-level processing...
   📊 1,908,500 foods (6/s) | I:443661 U:0 S:1464836 P:0 E:3 | fdc:2641354 ckpt:2641354
   ⚠️  UPC collision detected, falling back to row-level processing...
   📊 1,909,000 foods (6/s) | I:444088 U:0 S:1464909 P:0 E:3 | fdc:2641856 ckpt:2641856
   📊 1,909,500 foods (6/s) | I:444588 U:0 S:1464909 P:0 E:3 | fdc:2642361 ckpt:2642361
   📊 1,910,000 foods (6/s) | I:445088 U:0 S:1464909 P:0 E:3 | fdc:2642861 ckpt:2642861
   ⚠️  UPC collision detected, falling back to row-level processing...
   📊 1,910,500 foods (6/s) | I:445585 U:0 S:1464912 P:0 E:3 | fdc:2643361 ckpt:2643361
   ⚠️  UPC collision detected, falling back to row-level processing...
   📊 1,911,000 foods (6/s) | I:445626 U:0 S:1465371 P:0 E:3 | fdc:2649332 ckpt:2649332
   ⚠️  UPC collision detected, falling back to row-level processing...
   📊 1,911,500 foods (6/s) | I:445626 U:0 S:1465871 P:0 E:3 | fdc:2649832 ckpt:2649832
   ⚠️  UPC collision detected, falling back to row-level processing...
   📊 1,912,000 foods (6/s) | I:445626 U:0 S:1466371 P:0 E:3 | fdc:2650332 ckpt:2650332
   ⚠️  UPC collision detected, falling back to row-level processing...
   📊 1,912,500 foods (6/s) | I:445626 U:0 S:1466871 P:0 E:3 | fdc:2650832 ckpt:2650832
   ⚠️  UPC collision detected, falling back to row-level processing...
   📊 1,913,000 foods (6/s) | I:445626 U:0 S:1467371 P:0 E:3 | fdc:2651332 ckpt:2651332
   ⚠️  UPC collision detected, falling back to row-level processing...
   📊 1,913,500 foods (6/s) | I:445676 U:0 S:1467821 P:0 E:3 | fdc:2651833 ckpt:2651833
   ⚠️  UPC collision detected, falling back to row-level processing...
   📊 1,914,000 foods (6/s) | I:445958 U:0 S:1468039 P:0 E:3 | fdc:2652334 ckpt:2652334
   ⚠️  UPC collision detected, falling back to row-level processing...
   📊 1,914,500 foods (6/s) | I:446153 U:0 S:1468344 P:0 E:3 | fdc:2652834 ckpt:2652834
   ⚠️  UPC collision detected, falling back to row-level processing...
   📊 1,915,000 foods (6/s) | I:446260 U:0 S:1468737 P:0 E:3 | fdc:2653334 ckpt:2653334
   ⚠️  UPC collision detected, falling back to row-level processing...
   📊 1,915,500 foods (6/s) | I:446555 U:0 S:1468942 P:0 E:3 | fdc:2653834 ckpt:2653834
   ⚠️  UPC collision detected, falling back to row-level processing...
   📊 1,916,000 foods (6/s) | I:447054 U:0 S:1468943 P:0 E:3 | fdc:2654334 ckpt:2654334
   📊 1,916,500 foods (6/s) | I:447554 U:0 S:1468943 P:0 E:3 | fdc:2654834 ckpt:2654834
   📊 1,917,000 foods (6/s) | I:448054 U:0 S:1468943 P:0 E:3 | fdc:2655334 ckpt:2655334
   ⚠️  UPC collision detected, falling back to row-level processing...
   📊 1,917,500 foods (6/s) | I:448471 U:0 S:1469026 P:0 E:3 | fdc:2655834 ckpt:2655834
   ⚠️  UPC collision detected, falling back to row-level processing...
   📊 1,918,000 foods (6/s) | I:448531 U:0 S:1469466 P:0 E:3 | fdc:2656336 ckpt:2656336
   ⚠️  UPC collision detected, falling back to row-level processing...
   📊 1,918,500 foods (6/s) | I:448555 U:0 S:1469942 P:0 E:3 | fdc:2656836 ckpt:2656836
   ⚠️  UPC collision detected, falling back to row-level processing...
   📊 1,919,000 foods (6/s) | I:448610 U:0 S:1470387 P:0 E:3 | fdc:2657336 ckpt:2657336
   ⚠️  UPC collision detected, falling back to row-level processing...
   ⚠️  Transient error (attempt 1/6): <!DOCTYPE html>
<!--[if lt IE 7]> <html class="no-js ie6 oldie" lang="en-US"> <![endif]-->
<!--[if IE 7]>    <html class="no-js ie7 oldie" lang="en-US"> <![endif]-->
<!--[if IE 8]>    <html class="no-js ie8 oldie" lang="en-US"> <![endif]-->
<!--[if gt IE 8]><!--> <html class="no-js" lang="en-US"> <!--<![endif]-->
<head>

<title> | 500: Internal server error</title>
<meta charset="UTF-8" />
<meta http-equiv="Content-Type" content="text/html; charset=UTF-8" />
<meta http-equiv="X-UA-Compatible" content="IE=Edge" />
<meta name="robots" content="noindex, nofollow" />
<meta name="viewport" content="width=device-width,initial-scale=1" />
<link rel="stylesheet" id="cf_styles-css" href="/cdn-cgi/styles/main.css" />
</head>
<body>
<div id="cf-wrapper">
    <div id="cf-error-details" class="p-0">
        <header class="mx-auto pt-10 lg:pt-6 lg:px-8 w-240 lg:w-full mb-8">
            <h1 class="inline-block sm:block sm:mb-2 font-light text-60 lg:text-4xl text-black-dark leading-tight mr-2">
                <span class="inline-block">Internal server error</span>
                <span class="code-label">Error code 500</span>
            </h1>
            <div>
                Visit <a href="https://www.cloudflare.com/5xx-error-landing?utm_source=errorcode_500&utm_campaign=tssvlflebugqhtogqdfs.supabase.co" target="_blank" rel="noopener noreferrer">cloudflare.com</a> for more information.
            </div>
            <div class="mt-3">2026-02-17 01:50:45 UTC</div>
        </header>
        <div class="my-8 bg-gradient-gray">
            <div class="w-240 lg:w-full mx-auto">
                <div class="clearfix md:px-8">
                    <div id="cf-browser-status" class=" relative w-1/3 md:w-full py-15 md:p-0 md:py-8 md:text-left md:border-solid md:border-0 md:border-b md:border-gray-400 overflow-hidden float-left md:float-none text-center">
  <div class="relative mb-10 md:m-0">
    
    <span class="cf-icon-browser block md:hidden h-20 bg-center bg-no-repeat"></span>
    <span class="cf-icon-ok w-12 h-12 absolute left-1/2 md:left-auto md:right-0 md:top-0 -ml-6 -bottom-4"></span>
    
  </div>
  <span class="md:block w-full truncate">You</span>
  <h3 class="md:inline-block mt-3 md:mt-0 text-2xl text-gray-600 font-light leading-1.3">
  
    Browser
  
  </h3>
  
  <span class="leading-1.3 text-2xl text-green-success">Working</span>
  
</div>
                    <div id="cf-cloudflare-status" class="cf-error-source relative w-1/3 md:w-full py-15 md:p-0 md:py-8 md:text-left md:border-solid md:border-0 md:border-b md:border-gray-400 overflow-hidden float-left md:float-none text-center">
  <div class="relative mb-10 md:m-0">
    <a href="https://www.cloudflare.com/5xx-error-landing?utm_source=errorcode_500&#38;utm_campaign=tssvlflebugqhtogqdfs.supabase.co" target="_blank" rel="noopener noreferrer">
    <span class="cf-icon-cloud block md:hidden h-20 bg-center bg-no-repeat"></span>
    <span class="cf-icon-error w-12 h-12 absolute left-1/2 md:left-auto md:right-0 md:top-0 -ml-6 -bottom-4"></span>
    </a>
  </div>
  <span class="md:block w-full truncate">Kansas City</span>
  <h3 class="md:inline-block mt-3 md:mt-0 text-2xl text-gray-600 font-light leading-1.3">
  <a href="https://www.cloudflare.com/5xx-error-landing?utm_source=errorcode_500&utm_campaign=tssvlflebugqhtogqdfs.supabase.co" target="_blank" rel="noopener noreferrer">
    Cloudflare
  </a>
  </h3>
  
  <span class="leading-1.3 text-2xl text-red-error">Error</span>
  
</div>
                    <div id="cf-host-status" class=" relative w-1/3 md:w-full py-15 md:p-0 md:py-8 md:text-left md:border-solid md:border-0 md:border-b md:border-gray-400 overflow-hidden float-left md:float-none text-center">
  <div class="relative mb-10 md:m-0">
    
    <span class="cf-icon-server block md:hidden h-20 bg-center bg-no-repeat"></span>
    <span class="cf-icon-ok w-12 h-12 absolute left-1/2 md:left-auto md:right-0 md:top-0 -ml-6 -bottom-4"></span>
    
  </div>
  <span class="md:block w-full truncate">tssvlflebugqhtogqdfs.supabase.co</span>
  <h3 class="md:inline-block mt-3 md:mt-0 text-2xl text-gray-600 font-light leading-1.3">
  
    Host
  
  </h3>
  
  <span class="leading-1.3 text-2xl text-green-success">Working</span>
  
</div>
                </div>
            </div>
        </div>

        <div class="w-240 lg:w-full mx-auto mb-8 lg:px-8">
            <div class="clearfix">
                <div class="w-1/2 md:w-full float-left pr-6 md:pb-10 md:pr-0 leading-relaxed">
                    <h2 class="text-3xl font-normal leading-1.3 mb-4">What happened?</h2>
                    <p>There is an internal server error on Cloudflare's network.</p>
                </div>
                <div class="w-1/2 md:w-full float-left leading-relaxed">
                    <h2 class="text-3xl font-normal leading-1.3 mb-4">What can I do?</h2>
                    <p class="mb-6">Please try again in a few minutes.</p>
                </div>
            </div>
        </div>

        <div class="cf-error-footer cf-wrapper w-240 lg:w-full py-10 sm:py-4 sm:px-8 mx-auto text-center sm:text-left border-solid border-0 border-t border-gray-300">
    <p class="text-13">
      <span class="cf-footer-item sm:block sm:mb-1">Cloudflare Ray ID: <strong class="font-semibold">9cf1a2bb3f79299f</strong></span>
      <span class="cf-footer-separator sm:hidden">&bull;</span>
      <span id="cf-footer-item-ip" class="cf-footer-item hidden sm:block sm:mb-1">
        Your IP:
        <button type="button" id="cf-footer-ip-reveal" class="cf-footer-ip-reveal-btn">Click to reveal</button>
        <span class="hidden" id="cf-footer-ip">68.13.243.86</span>
        <span class="cf-footer-separator sm:hidden">&bull;</span>
      </span>
      <span class="cf-footer-item sm:block sm:mb-1"><span>Performance &amp; security by</span> <a rel="noopener noreferrer" href="https://www.cloudflare.com/5xx-error-landing?utm_source=errorcode_500&#38;utm_campaign=tssvlflebugqhtogqdfs.supabase.co" id="brand_link" target="_blank">Cloudflare</a></span>
      
    </p>
    <script>(function(){function d(){var b=a.getElementById("cf-footer-item-ip"),c=a.getElementById("cf-footer-ip-reveal");b&&"classList"in b&&(b.classList.remove("hidden"),c.addEventListener("click",function(){c.classList.add("hidden");a.getElementById("cf-footer-ip").classList.remove("hidden")}))}var a=document;document.addEventListener&&a.addEventListener("DOMContentLoaded",d)})();</script>
  </div><!-- /.error-footer -->

    </div>
</div>
</body>
</html>
   ⏳ Retrying in 1s...
   📊 1,919,500 foods (6/s) | I:448753 U:0 S:1470744 P:0 E:3 | fdc:2657836 ckpt:2657836
   ⚠️  UPC collision detected, falling back to row-level processing...
   📊 1,920,000 foods (6/s) | I:448827 U:0 S:1471170 P:0 E:3 | fdc:2658336 ckpt:2658336
   ⚠️  UPC collision detected, falling back to row-level processing...
   📊 1,920,500 foods (6/s) | I:448873 U:0 S:1471624 P:0 E:3 | fdc:2658836 ckpt:2658836
   ⚠️  UPC collision detected, falling back to row-level processing...
   📊 1,921,000 foods (6/s) | I:448930 U:0 S:1472067 P:0 E:3 | fdc:2659336 ckpt:2659336
   ⚠️  UPC collision detected, falling back to row-level processing...
   📊 1,921,500 foods (6/s) | I:448945 U:0 S:1472552 P:0 E:3 | fdc:2659836 ckpt:2659836
   ⚠️  UPC collision detected, falling back to row-level processing...
   📊 1,922,000 foods (6/s) | I:448970 U:0 S:1473027 P:0 E:3 | fdc:2660336 ckpt:2660336
   ⚠️  UPC collision detected, falling back to row-level processing...
   📊 1,922,500 foods (6/s) | I:448994 U:0 S:1473503 P:0 E:3 | fdc:2660836 ckpt:2660836
   ⚠️  UPC collision detected, falling back to row-level processing...
   📊 1,923,000 foods (6/s) | I:448994 U:0 S:1474003 P:0 E:3 | fdc:2661336 ckpt:2661336
   ⚠️  UPC collision detected, falling back to row-level processing...
   📊 1,923,500 foods (6/s) | I:448996 U:0 S:1474501 P:0 E:3 | fdc:2661836 ckpt:2661836
   ⚠️  UPC collision detected, falling back to row-level processing...
   📊 1,924,000 foods (6/s) | I:448999 U:0 S:1474998 P:0 E:3 | fdc:2662336 ckpt:2662336
   📋 Deduplicated 7 intra-batch UPC duplicates
   ⚠️  UPC collision detected, falling back to row-level processing...
   📊 1,924,500 foods (6/s) | I:449103 U:0 S:1475394 P:0 E:3 | fdc:2716089 ckpt:2716089
   📋 Deduplicated 8 intra-batch UPC duplicates
   ⚠️  UPC collision detected, falling back to row-level processing...
   📊 1,925,000 foods (6/s) | I:449232 U:0 S:1475765 P:0 E:3 | fdc:2662687 ckpt:2662687
   ⚠️  UPC collision detected, falling back to row-level processing...
   📊 1,925,500 foods (6/s) | I:449232 U:0 S:1476265 P:0 E:3 | fdc:2663187 ckpt:2663187
   ⚠️  UPC collision detected, falling back to row-level processing...
   📊 1,926,000 foods (6/s) | I:449261 U:0 S:1476736 P:0 E:3 | fdc:2663687 ckpt:2663687
   ⚠️  UPC collision detected, falling back to row-level processing...
   📊 1,926,500 foods (6/s) | I:449279 U:0 S:1477218 P:0 E:3 | fdc:2664187 ckpt:2664187
   ⚠️  UPC collision detected, falling back to row-level processing...
   📊 1,927,000 foods (6/s) | I:449287 U:0 S:1477710 P:0 E:3 | fdc:2664687 ckpt:2664687
   ⚠️  UPC collision detected, falling back to row-level processing...
   📊 1,927,500 foods (6/s) | I:449318 U:0 S:1478179 P:0 E:3 | fdc:2665187 ckpt:2665187
   ⚠️  UPC collision detected, falling back to row-level processing...
   📊 1,928,000 foods (6/s) | I:449327 U:0 S:1478670 P:0 E:3 | fdc:2665687 ckpt:2665687
   ⚠️  UPC collision detected, falling back to row-level processing...
   📊 1,928,500 foods (6/s) | I:449335 U:0 S:1479162 P:0 E:3 | fdc:2666187 ckpt:2666187
   ⚠️  UPC collision detected, falling back to row-level processing...
   📊 1,929,000 foods (6/s) | I:449346 U:0 S:1479651 P:0 E:3 | fdc:2666687 ckpt:2666687
   ⚠️  UPC collision detected, falling back to row-level processing...
   📊 1,929,500 foods (6/s) | I:449350 U:0 S:1480147 P:0 E:3 | fdc:2667187 ckpt:2667187
   ⚠️  UPC collision detected, falling back to row-level processing...
   📊 1,930,000 foods (6/s) | I:449607 U:0 S:1480390 P:0 E:3 | fdc:2667687 ckpt:2667687
   📊 1,930,500 foods (6/s) | I:450107 U:0 S:1480390 P:0 E:3 | fdc:2668187 ckpt:2668187
   📊 1,931,000 foods (6/s) | I:450607 U:0 S:1480390 P:0 E:3 | fdc:2668687 ckpt:2668687
   📊 1,931,500 foods (6/s) | I:451107 U:0 S:1480390 P:0 E:3 | fdc:2669188 ckpt:2669188
   ⚠️  UPC collision detected, falling back to row-level processing...
   📊 1,932,000 foods (6/s) | I:451383 U:0 S:1480614 P:0 E:3 | fdc:2669689 ckpt:2669689
   ⚠️  UPC collision detected, falling back to row-level processing...
   📊 1,932,500 foods (6/s) | I:451387 U:0 S:1481110 P:0 E:3 | fdc:2670189 ckpt:2670189
   ⚠️  UPC collision detected, falling back to row-level processing...
   ⚠️  Transient error (attempt 1/6): <!DOCTYPE html>
<!--[if lt IE 7]> <html class="no-js ie6 oldie" lang="en-US"> <![endif]-->
<!--[if IE 7]>    <html class="no-js ie7 oldie" lang="en-US"> <![endif]-->
<!--[if IE 8]>    <html class="no-js ie8 oldie" lang="en-US"> <![endif]-->
<!--[if gt IE 8]><!--> <html class="no-js" lang="en-US"> <!--<![endif]-->
<head>

<title> | 500: Internal server error</title>
<meta charset="UTF-8" />
<meta http-equiv="Content-Type" content="text/html; charset=UTF-8" />
<meta http-equiv="X-UA-Compatible" content="IE=Edge" />
<meta name="robots" content="noindex, nofollow" />
<meta name="viewport" content="width=device-width,initial-scale=1" />
<link rel="stylesheet" id="cf_styles-css" href="/cdn-cgi/styles/main.css" />
</head>
<body>
<div id="cf-wrapper">
    <div id="cf-error-details" class="p-0">
        <header class="mx-auto pt-10 lg:pt-6 lg:px-8 w-240 lg:w-full mb-8">
            <h1 class="inline-block sm:block sm:mb-2 font-light text-60 lg:text-4xl text-black-dark leading-tight mr-2">
                <span class="inline-block">Internal server error</span>
                <span class="code-label">Error code 500</span>
            </h1>
            <div>
                Visit <a href="https://www.cloudflare.com/5xx-error-landing?utm_source=errorcode_500&utm_campaign=tssvlflebugqhtogqdfs.supabase.co" target="_blank" rel="noopener noreferrer">cloudflare.com</a> for more information.
            </div>
            <div class="mt-3">2026-02-17 02:19:50 UTC</div>
        </header>
        <div class="my-8 bg-gradient-gray">
            <div class="w-240 lg:w-full mx-auto">
                <div class="clearfix md:px-8">
                    <div id="cf-browser-status" class=" relative w-1/3 md:w-full py-15 md:p-0 md:py-8 md:text-left md:border-solid md:border-0 md:border-b md:border-gray-400 overflow-hidden float-left md:float-none text-center">
  <div class="relative mb-10 md:m-0">
    
    <span class="cf-icon-browser block md:hidden h-20 bg-center bg-no-repeat"></span>
    <span class="cf-icon-ok w-12 h-12 absolute left-1/2 md:left-auto md:right-0 md:top-0 -ml-6 -bottom-4"></span>
    
  </div>
  <span class="md:block w-full truncate">You</span>
  <h3 class="md:inline-block mt-3 md:mt-0 text-2xl text-gray-600 font-light leading-1.3">
  
    Browser
  
  </h3>
  
  <span class="leading-1.3 text-2xl text-green-success">Working</span>
  
</div>
                    <div id="cf-cloudflare-status" class="cf-error-source relative w-1/3 md:w-full py-15 md:p-0 md:py-8 md:text-left md:border-solid md:border-0 md:border-b md:border-gray-400 overflow-hidden float-left md:float-none text-center">
  <div class="relative mb-10 md:m-0">
    <a href="https://www.cloudflare.com/5xx-error-landing?utm_source=errorcode_500&#38;utm_campaign=tssvlflebugqhtogqdfs.supabase.co" target="_blank" rel="noopener noreferrer">
    <span class="cf-icon-cloud block md:hidden h-20 bg-center bg-no-repeat"></span>
    <span class="cf-icon-error w-12 h-12 absolute left-1/2 md:left-auto md:right-0 md:top-0 -ml-6 -bottom-4"></span>
    </a>
  </div>
  <span class="md:block w-full truncate">Kansas City</span>
  <h3 class="md:inline-block mt-3 md:mt-0 text-2xl text-gray-600 font-light leading-1.3">
  <a href="https://www.cloudflare.com/5xx-error-landing?utm_source=errorcode_500&utm_campaign=tssvlflebugqhtogqdfs.supabase.co" target="_blank" rel="noopener noreferrer">
    Cloudflare
  </a>
  </h3>
  
  <span class="leading-1.3 text-2xl text-red-error">Error</span>
  
</div>
                    <div id="cf-host-status" class=" relative w-1/3 md:w-full py-15 md:p-0 md:py-8 md:text-left md:border-solid md:border-0 md:border-b md:border-gray-400 overflow-hidden float-left md:float-none text-center">
  <div class="relative mb-10 md:m-0">
    
    <span class="cf-icon-server block md:hidden h-20 bg-center bg-no-repeat"></span>
    <span class="cf-icon-ok w-12 h-12 absolute left-1/2 md:left-auto md:right-0 md:top-0 -ml-6 -bottom-4"></span>
    
  </div>
  <span class="md:block w-full truncate">tssvlflebugqhtogqdfs.supabase.co</span>
  <h3 class="md:inline-block mt-3 md:mt-0 text-2xl text-gray-600 font-light leading-1.3">
  
    Host
  
  </h3>
  
  <span class="leading-1.3 text-2xl text-green-success">Working</span>
  
</div>
                </div>
            </div>
        </div>

        <div class="w-240 lg:w-full mx-auto mb-8 lg:px-8">
            <div class="clearfix">
                <div class="w-1/2 md:w-full float-left pr-6 md:pb-10 md:pr-0 leading-relaxed">
                    <h2 class="text-3xl font-normal leading-1.3 mb-4">What happened?</h2>
                    <p>There is an internal server error on Cloudflare's network.</p>
                </div>
                <div class="w-1/2 md:w-full float-left leading-relaxed">
                    <h2 class="text-3xl font-normal leading-1.3 mb-4">What can I do?</h2>
                    <p class="mb-6">Please try again in a few minutes.</p>
                </div>
            </div>
        </div>

        <div class="cf-error-footer cf-wrapper w-240 lg:w-full py-10 sm:py-4 sm:px-8 mx-auto text-center sm:text-left border-solid border-0 border-t border-gray-300">
    <p class="text-13">
      <span class="cf-footer-item sm:block sm:mb-1">Cloudflare Ray ID: <strong class="font-semibold">9cf1cd555c3cc6e6</strong></span>
      <span class="cf-footer-separator sm:hidden">&bull;</span>
      <span id="cf-footer-item-ip" class="cf-footer-item hidden sm:block sm:mb-1">
        Your IP:
        <button type="button" id="cf-footer-ip-reveal" class="cf-footer-ip-reveal-btn">Click to reveal</button>
        <span class="hidden" id="cf-footer-ip">68.13.243.86</span>
        <span class="cf-footer-separator sm:hidden">&bull;</span>
      </span>
      <span class="cf-footer-item sm:block sm:mb-1"><span>Performance &amp; security by</span> <a rel="noopener noreferrer" href="https://www.cloudflare.com/5xx-error-landing?utm_source=errorcode_500&#38;utm_campaign=tssvlflebugqhtogqdfs.supabase.co" id="brand_link" target="_blank">Cloudflare</a></span>
      
    </p>
    <script>(function(){function d(){var b=a.getElementById("cf-footer-item-ip"),c=a.getElementById("cf-footer-ip-reveal");b&&"classList"in b&&(b.classList.remove("hidden"),c.addEventListener("click",function(){c.classList.add("hidden");a.getElementById("cf-footer-ip").classList.remove("hidden")}))}var a=document;document.addEventListener&&a.addEventListener("DOMContentLoaded",d)})();</script>
  </div><!-- /.error-footer -->

    </div>
</div>
</body>
</html>
   ⏳ Retrying in 1s...
   📊 1,933,000 foods (6/s) | I:451612 U:0 S:1481385 P:0 E:3 | fdc:2670689 ckpt:2670689
   ⚠️  UPC collision detected, falling back to row-level processing...
   📊 1,933,500 foods (6/s) | I:452022 U:0 S:1481475 P:0 E:3 | fdc:2671189 ckpt:2671189
   ⚠️  UPC collision detected, falling back to row-level processing...
   📊 1,934,000 foods (6/s) | I:452283 U:0 S:1481714 P:0 E:3 | fdc:2671689 ckpt:2671689
   ⚠️  UPC collision detected, falling back to row-level processing...
   📊 1,934,500 foods (6/s) | I:452321 U:0 S:1482176 P:0 E:3 | fdc:2672189 ckpt:2672189
   ⚠️  UPC collision detected, falling back to row-level processing...
   📊 1,935,000 foods (6/s) | I:452352 U:0 S:1482645 P:0 E:3 | fdc:2672689 ckpt:2672689
   ⚠️  UPC collision detected, falling back to row-level processing...
   📊 1,935,500 foods (6/s) | I:452356 U:0 S:1483141 P:0 E:3 | fdc:2673189 ckpt:2673189
   ⚠️  UPC collision detected, falling back to row-level processing...
   📊 1,936,000 foods (6/s) | I:452360 U:0 S:1483637 P:0 E:3 | fdc:2673689 ckpt:2673689
   ⚠️  UPC collision detected, falling back to row-level processing...
   📊 1,936,500 foods (6/s) | I:452368 U:0 S:1484129 P:0 E:3 | fdc:2674189 ckpt:2674189
   ⚠️  UPC collision detected, falling back to row-level processing...
   📊 1,937,000 foods (6/s) | I:452494 U:0 S:1484503 P:0 E:3 | fdc:2674690 ckpt:2674690
   ⚠️  UPC collision detected, falling back to row-level processing...
   📊 1,937,500 foods (6/s) | I:452556 U:0 S:1484941 P:0 E:3 | fdc:2675190 ckpt:2675190
   ⚠️  UPC collision detected, falling back to row-level processing...
   📊 1,938,000 foods (6/s) | I:452578 U:0 S:1485419 P:0 E:3 | fdc:2675690 ckpt:2675690
   ⚠️  UPC collision detected, falling back to row-level processing...
   📊 1,938,500 foods (6/s) | I:452593 U:0 S:1485904 P:0 E:3 | fdc:2676190 ckpt:2676190
   ⚠️  UPC collision detected, falling back to row-level processing...
   📊 1,939,000 foods (6/s) | I:452599 U:0 S:1486398 P:0 E:3 | fdc:2676690 ckpt:2676690
   ⚠️  UPC collision detected, falling back to row-level processing...
   📊 1,939,500 foods (6/s) | I:452605 U:0 S:1486892 P:0 E:3 | fdc:2677190 ckpt:2677190
   ⚠️  UPC collision detected, falling back to row-level processing...
   📊 1,940,000 foods (6/s) | I:452636 U:0 S:1487361 P:0 E:3 | fdc:2677690 ckpt:2677690
   ⚠️  UPC collision detected, falling back to row-level processing...
   📊 1,940,500 foods (6/s) | I:452662 U:0 S:1487835 P:0 E:3 | fdc:2678190 ckpt:2678190
   ⚠️  UPC collision detected, falling back to row-level processing...
   📊 1,941,000 foods (6/s) | I:452677 U:0 S:1488320 P:0 E:3 | fdc:2678690 ckpt:2678690
   ⚠️  UPC collision detected, falling back to row-level processing...
   📊 1,941,500 foods (6/s) | I:452692 U:0 S:1488805 P:0 E:3 | fdc:2679190 ckpt:2679190
   ⚠️  UPC collision detected, falling back to row-level processing...
   📊 1,942,000 foods (6/s) | I:452710 U:0 S:1489287 P:0 E:3 | fdc:2679690 ckpt:2679690
   ⚠️  UPC collision detected, falling back to row-level processing...
   📊 1,942,500 foods (6/s) | I:452718 U:0 S:1489779 P:0 E:3 | fdc:2680190 ckpt:2680190
   ⚠️  UPC collision detected, falling back to row-level processing...
   📊 1,943,000 foods (6/s) | I:452726 U:0 S:1490271 P:0 E:3 | fdc:2680690 ckpt:2680690
   ⚠️  UPC collision detected, falling back to row-level processing...
   📊 1,943,500 foods (6/s) | I:452826 U:0 S:1490671 P:0 E:3 | fdc:2681190 ckpt:2681190
   ⚠️  UPC collision detected, falling back to row-level processing...
   📊 1,944,000 foods (6/s) | I:452878 U:0 S:1491119 P:0 E:3 | fdc:2681690 ckpt:2681690
   ⚠️  UPC collision detected, falling back to row-level processing...
   📊 1,944,500 foods (6/s) | I:453236 U:0 S:1491261 P:0 E:3 | fdc:2682190 ckpt:2682190
   ⚠️  UPC collision detected, falling back to row-level processing...
   📊 1,945,000 foods (6/s) | I:453611 U:0 S:1491386 P:0 E:3 | fdc:2682690 ckpt:2682690
   ⚠️  UPC collision detected, falling back to row-level processing...
   📊 1,945,500 foods (6/s) | I:453728 U:0 S:1491769 P:0 E:3 | fdc:2683190 ckpt:2683190
   ⚠️  UPC collision detected, falling back to row-level processing...
   📊 1,946,000 foods (6/s) | I:453879 U:0 S:1492118 P:0 E:3 | fdc:2683690 ckpt:2683690
   📋 Deduplicated 2 intra-batch UPC duplicates
   ⚠️  UPC collision detected, falling back to row-level processing...
   📊 1,946,500 foods (6/s) | I:453949 U:0 S:1492548 P:0 E:3 | fdc:2684190 ckpt:2684190
   📋 Deduplicated 14 intra-batch UPC duplicates
   ⚠️  UPC collision detected, falling back to row-level processing...
   📊 1,947,000 foods (6/s) | I:454062 U:0 S:1492935 P:0 E:3 | fdc:2688135 ckpt:2688135
   ⚠️  UPC collision detected, falling back to row-level processing...
   📊 1,947,500 foods (6/s) | I:454359 U:0 S:1493138 P:0 E:3 | fdc:2688635 ckpt:2688635
   ⚠️  UPC collision detected, falling back to row-level processing...
   📊 1,948,000 foods (6/s) | I:454563 U:0 S:1493434 P:0 E:3 | fdc:2689135 ckpt:2689135
   ⚠️  UPC collision detected, falling back to row-level processing...
   📊 1,948,500 foods (6/s) | I:454997 U:0 S:1493500 P:0 E:3 | fdc:2689635 ckpt:2689635
   ⚠️  UPC collision detected, falling back to row-level processing...
   📊 1,949,000 foods (6/s) | I:454997 U:0 S:1494000 P:0 E:3 | fdc:2690135 ckpt:2690135
   ⚠️  UPC collision detected, falling back to row-level processing...
   📊 1,949,500 foods (6/s) | I:455301 U:0 S:1494196 P:0 E:3 | fdc:2690635 ckpt:2690635
   ⚠️  UPC collision detected, falling back to row-level processing...
   📊 1,950,000 foods (6/s) | I:455727 U:0 S:1494270 P:0 E:3 | fdc:2691135 ckpt:2691135
   ⚠️  UPC collision detected, falling back to row-level processing...
   📊 1,950,500 foods (6/s) | I:456130 U:0 S:1494367 P:0 E:3 | fdc:2691635 ckpt:2691635
   ⚠️  UPC collision detected, falling back to row-level processing...
   📊 1,951,000 foods (6/s) | I:456130 U:0 S:1494867 P:0 E:3 | fdc:2692135 ckpt:2692135
   ⚠️  UPC collision detected, falling back to row-level processing...
   📊 1,951,500 foods (6/s) | I:456130 U:0 S:1495367 P:0 E:3 | fdc:2692635 ckpt:2692635
   ⚠️  UPC collision detected, falling back to row-level processing...
   📊 1,952,000 foods (6/s) | I:456130 U:0 S:1495867 P:0 E:3 | fdc:2693135 ckpt:2693135
   ⚠️  UPC collision detected, falling back to row-level processing...
   📊 1,952,500 foods (6/s) | I:456130 U:0 S:1496367 P:0 E:3 | fdc:2693635 ckpt:2693635
   ⚠️  UPC collision detected, falling back to row-level processing...
   📊 1,953,000 foods (6/s) | I:456130 U:0 S:1496867 P:0 E:3 | fdc:2694135 ckpt:2694135
   ⚠️  UPC collision detected, falling back to row-level processing...
   📊 1,953,500 foods (6/s) | I:456230 U:0 S:1497267 P:0 E:3 | fdc:2694635 ckpt:2694635
   ⚠️  UPC collision detected, falling back to row-level processing...
   📊 1,954,000 foods (6/s) | I:456247 U:0 S:1497750 P:0 E:3 | fdc:2695135 ckpt:2695135
   ⚠️  UPC collision detected, falling back to row-level processing...
   📊 1,954,500 foods (6/s) | I:456248 U:0 S:1498249 P:0 E:3 | fdc:2695635 ckpt:2695635
   ⚠️  UPC collision detected, falling back to row-level processing...
   📊 1,955,000 foods (6/s) | I:456248 U:0 S:1498749 P:0 E:3 | fdc:2696135 ckpt:2696135
   ⚠️  UPC collision detected, falling back to row-level processing...
   📊 1,955,500 foods (6/s) | I:456290 U:0 S:1499207 P:0 E:3 | fdc:2696635 ckpt:2696635
   ⚠️  UPC collision detected, falling back to row-level processing...
   📊 1,956,000 foods (6/s) | I:456290 U:0 S:1499707 P:0 E:3 | fdc:2697135 ckpt:2697135
   ⚠️  UPC collision detected, falling back to row-level processing...
   📊 1,956,500 foods (6/s) | I:456290 U:0 S:1500207 P:0 E:3 | fdc:2697635 ckpt:2697635
   ⚠️  UPC collision detected, falling back to row-level processing...
   📊 1,957,000 foods (6/s) | I:456290 U:0 S:1500707 P:0 E:3 | fdc:2698135 ckpt:2698135
   ⚠️  UPC collision detected, falling back to row-level processing...
   📊 1,957,500 foods (6/s) | I:456291 U:0 S:1501206 P:0 E:3 | fdc:2698635 ckpt:2698635
   ⚠️  UPC collision detected, falling back to row-level processing...
   📊 1,958,000 foods (6/s) | I:456291 U:0 S:1501706 P:0 E:3 | fdc:2699135 ckpt:2699135
   ⚠️  UPC collision detected, falling back to row-level processing...
   📊 1,958,500 foods (6/s) | I:456292 U:0 S:1502205 P:0 E:3 | fdc:2699635 ckpt:2699635
   ⚠️  UPC collision detected, falling back to row-level processing...
   📊 1,959,000 foods (6/s) | I:456292 U:0 S:1502705 P:0 E:3 | fdc:2700135 ckpt:2700135
   ⚠️  UPC collision detected, falling back to row-level processing...
   📊 1,959,500 foods (6/s) | I:456292 U:0 S:1503205 P:0 E:3 | fdc:2700635 ckpt:2700635
   ⚠️  UPC collision detected, falling back to row-level processing...
   📊 1,960,000 foods (6/s) | I:456353 U:0 S:1503644 P:0 E:3 | fdc:2701135 ckpt:2701135
   ⚠️  UPC collision detected, falling back to row-level processing...
   📊 1,960,500 foods (6/s) | I:456354 U:0 S:1504143 P:0 E:3 | fdc:2701635 ckpt:2701635
   ⚠️  UPC collision detected, falling back to row-level processing...
   📊 1,961,000 foods (6/s) | I:456354 U:0 S:1504643 P:0 E:3 | fdc:2702135 ckpt:2702135
   ⚠️  UPC collision detected, falling back to row-level processing...
   📊 1,961,500 foods (6/s) | I:456354 U:0 S:1505143 P:0 E:3 | fdc:2702635 ckpt:2702635
   ⚠️  UPC collision detected, falling back to row-level processing...
   📊 1,962,000 foods (6/s) | I:456354 U:0 S:1505643 P:0 E:3 | fdc:2703138 ckpt:2703138
   ⚠️  UPC collision detected, falling back to row-level processing...
   📊 1,962,500 foods (6/s) | I:456354 U:0 S:1506143 P:0 E:3 | fdc:2703638 ckpt:2703638
   ⚠️  UPC collision detected, falling back to row-level processing...
   📊 1,963,000 foods (6/s) | I:456355 U:0 S:1506642 P:0 E:3 | fdc:2704138 ckpt:2704138
   ⚠️  UPC collision detected, falling back to row-level processing...
   📊 1,963,500 foods (6/s) | I:456608 U:0 S:1506889 P:0 E:3 | fdc:2704638 ckpt:2704638
   ⚠️  UPC collision detected, falling back to row-level processing...
   📊 1,964,000 foods (6/s) | I:456608 U:0 S:1507389 P:0 E:3 | fdc:2705138 ckpt:2705138
   📋 Deduplicated 59 intra-batch UPC duplicates
   ⚠️  UPC collision detected, falling back to row-level processing...
   📊 1,964,500 foods (6/s) | I:456610 U:0 S:1507887 P:0 E:3 | fdc:2716766 ckpt:2716766
   ⚠️  UPC collision detected, falling back to row-level processing...
   📊 1,965,000 foods (6/s) | I:456673 U:0 S:1508324 P:0 E:3 | fdc:2717266 ckpt:2717266
   ⚠️  UPC collision detected, falling back to row-level processing...
   📊 1,965,500 foods (6/s) | I:456675 U:0 S:1508822 P:0 E:3 | fdc:2717766 ckpt:2717766
   ⚠️  UPC collision detected, falling back to row-level processing...
   📊 1,966,000 foods (6/s) | I:456675 U:0 S:1509322 P:0 E:3 | fdc:2718266 ckpt:2718266
   ⚠️  UPC collision detected, falling back to row-level processing...
   📊 1,966,500 foods (6/s) | I:456675 U:0 S:1509822 P:0 E:3 | fdc:2718766 ckpt:2718766
   ⚠️  UPC collision detected, falling back to row-level processing...
   📊 1,967,000 foods (6/s) | I:456840 U:0 S:1510157 P:0 E:3 | fdc:2719266 ckpt:2719266
   ⚠️  UPC collision detected, falling back to row-level processing...
   📊 1,967,500 foods (6/s) | I:456851 U:0 S:1510646 P:0 E:3 | fdc:2719766 ckpt:2719766
   ⚠️  UPC collision detected, falling back to row-level processing...
   📊 1,968,000 foods (6/s) | I:456852 U:0 S:1511145 P:0 E:3 | fdc:2720266 ckpt:2720266
   ⚠️  UPC collision detected, falling back to row-level processing...
   📊 1,968,500 foods (6/s) | I:456852 U:0 S:1511645 P:0 E:3 | fdc:2720766 ckpt:2720766
   ⚠️  UPC collision detected, falling back to row-level processing...
   📊 1,969,000 foods (6/s) | I:456852 U:0 S:1512145 P:0 E:3 | fdc:2721266 ckpt:2721266
   ⚠️  UPC collision detected, falling back to row-level processing...
   📊 1,969,500 foods (6/s) | I:456852 U:0 S:1512645 P:0 E:3 | fdc:2721766 ckpt:2721766
   📋 Deduplicated 1 intra-batch UPC duplicates
   ⚠️  UPC collision detected, falling back to row-level processing...
   📊 1,970,000 foods (6/s) | I:456853 U:0 S:1513144 P:0 E:3 | fdc:2722266 ckpt:2722266
   ⚠️  UPC collision detected, falling back to row-level processing...
   📊 1,970,500 foods (6/s) | I:456904 U:0 S:1513593 P:0 E:3 | fdc:2722766 ckpt:2722766
   📋 Deduplicated 10 intra-batch UPC duplicates
   ⚠️  UPC collision detected, falling back to row-level processing...
   📊 1,971,000 foods (6/s) | I:456906 U:0 S:1514091 P:0 E:3 | fdc:2723296 ckpt:2723296
   ⚠️  UPC collision detected, falling back to row-level processing...
   📊 1,971,500 foods (6/s) | I:457116 U:0 S:1514381 P:0 E:3 | fdc:2723796 ckpt:2723796
   ⚠️  UPC collision detected, falling back to row-level processing...
   📊 1,972,000 foods (6/s) | I:457117 U:0 S:1514880 P:0 E:3 | fdc:2724296 ckpt:2724296
   ⚠️  UPC collision detected, falling back to row-level processing...
   📊 1,972,500 foods (6/s) | I:457214 U:0 S:1515283 P:0 E:3 | fdc:2724796 ckpt:2724796
   ⚠️  UPC collision detected, falling back to row-level processing...
   📊 1,973,000 foods (6/s) | I:457309 U:0 S:1515688 P:0 E:3 | fdc:2725296 ckpt:2725296
   ⚠️  UPC collision detected, falling back to row-level processing...
   📊 1,973,500 foods (6/s) | I:457341 U:0 S:1516156 P:0 E:3 | fdc:2731098 ckpt:2731098
   ⚠️  UPC collision detected, falling back to row-level processing...
   📊 1,974,000 foods (6/s) | I:457341 U:0 S:1516656 P:0 E:3 | fdc:2731598 ckpt:2731598
   ⚠️  UPC collision detected, falling back to row-level processing...
   📊 1,974,500 foods (6/s) | I:457403 U:0 S:1517094 P:0 E:3 | fdc:2732098 ckpt:2732098
   ⚠️  UPC collision detected, falling back to row-level processing...
   📊 1,975,000 foods (6/s) | I:457403 U:0 S:1517594 P:0 E:3 | fdc:2732598 ckpt:2732598
   ⚠️  UPC collision detected, falling back to row-level processing...
   📊 1,975,500 foods (6/s) | I:457404 U:0 S:1518093 P:0 E:3 | fdc:2733098 ckpt:2733098
   ⚠️  UPC collision detected, falling back to row-level processing...
   📊 1,976,000 foods (6/s) | I:457404 U:0 S:1518593 P:0 E:3 | fdc:2733598 ckpt:2733598
   ⚠️  UPC collision detected, falling back to row-level processing...
   📊 1,976,500 foods (6/s) | I:457405 U:0 S:1519092 P:0 E:3 | fdc:2734098 ckpt:2734098
   ⚠️  UPC collision detected, falling back to row-level processing...
   📊 1,977,000 foods (6/s) | I:457414 U:0 S:1519583 P:0 E:3 | fdc:2734598 ckpt:2734598
   ⚠️  UPC collision detected, falling back to row-level processing...
   📊 1,977,500 foods (6/s) | I:457547 U:0 S:1519950 P:0 E:3 | fdc:2735098 ckpt:2735098
   ⚠️  UPC collision detected, falling back to row-level processing...
   📊 1,978,000 foods (6/s) | I:457548 U:0 S:1520449 P:0 E:3 | fdc:2735598 ckpt:2735598
   ⚠️  UPC collision detected, falling back to row-level processing...
   📊 1,978,500 foods (6/s) | I:457548 U:0 S:1520949 P:0 E:3 | fdc:2736098 ckpt:2736098
   ⚠️  UPC collision detected, falling back to row-level processing...
   📊 1,979,000 foods (6/s) | I:457548 U:0 S:1521449 P:0 E:3 | fdc:2736598 ckpt:2736598
   ⚠️  UPC collision detected, falling back to row-level processing...
   📊 1,979,500 foods (6/s) | I:457549 U:0 S:1521948 P:0 E:3 | fdc:2737098 ckpt:2737098
   ⚠️  UPC collision detected, falling back to row-level processing...
   📊 1,980,000 foods (6/s) | I:457549 U:0 S:1522448 P:0 E:3 | fdc:2737598 ckpt:2737598
   ⚠️  UPC collision detected, falling back to row-level processing...
   📊 1,980,500 foods (6/s) | I:457623 U:0 S:1522874 P:0 E:3 | fdc:2738098 ckpt:2738098
   ⚠️  Transient error (attempt 1/6): TypeError: fetch failed
   ⏳ Retrying in 1s...
   ⚠️  UPC collision detected, falling back to row-level processing...
   📊 1,981,000 foods (6/s) | I:457624 U:0 S:1523373 P:0 E:3 | fdc:2738598 ckpt:2738598
   ⚠️  UPC collision detected, falling back to row-level processing...
   📊 1,981,500 foods (6/s) | I:457624 U:0 S:1523873 P:0 E:3 | fdc:2739098 ckpt:2739098
   ⚠️  UPC collision detected, falling back to row-level processing...
   📊 1,982,000 foods (6/s) | I:457624 U:0 S:1524373 P:0 E:3 | fdc:2739598 ckpt:2739598
   ⚠️  UPC collision detected, falling back to row-level processing...
   📊 1,982,500 foods (6/s) | I:457624 U:0 S:1524873 P:0 E:3 | fdc:2740098 ckpt:2740098
   ⚠️  UPC collision detected, falling back to row-level processing...
   📊 1,983,000 foods (6/s) | I:457625 U:0 S:1525372 P:0 E:3 | fdc:2740598 ckpt:2740598
   ⚠️  UPC collision detected, falling back to row-level processing...
   📊 1,983,500 foods (6/s) | I:457787 U:0 S:1525710 P:0 E:3 | fdc:2741098 ckpt:2741098
   ⚠️  UPC collision detected, falling back to row-level processing...
   📊 1,984,000 foods (6/s) | I:457788 U:0 S:1526209 P:0 E:3 | fdc:2741598 ckpt:2741598
   ⚠️  UPC collision detected, falling back to row-level processing...
   📊 1,984,500 foods (6/s) | I:457789 U:0 S:1526708 P:0 E:3 | fdc:2742098 ckpt:2742098
   ⚠️  UPC collision detected, falling back to row-level processing...
   📊 1,985,000 foods (6/s) | I:457789 U:0 S:1527208 P:0 E:3 | fdc:2742598 ckpt:2742598
   ⚠️  UPC collision detected, falling back to row-level processing...
   📊 1,985,500 foods (6/s) | I:457925 U:0 S:1527572 P:0 E:3 | fdc:2743098 ckpt:2743098
   ⚠️  UPC collision detected, falling back to row-level processing...
   📊 1,986,000 foods (6/s) | I:457925 U:0 S:1528072 P:0 E:3 | fdc:2743598 ckpt:2743598
   ⚠️  UPC collision detected, falling back to row-level processing...
   📊 1,986,500 foods (6/s) | I:457925 U:0 S:1528572 P:0 E:3 | fdc:2744098 ckpt:2744098
   ⚠️  UPC collision detected, falling back to row-level processing...
   📊 1,987,000 foods (6/s) | I:457985 U:0 S:1529012 P:0 E:3 | fdc:2744598 ckpt:2744598
   ⚠️  UPC collision detected, falling back to row-level processing...
   📊 1,987,500 foods (6/s) | I:458300 U:0 S:1529197 P:0 E:3 | fdc:2745098 ckpt:2745098
   ⚠️  UPC collision detected, falling back to row-level processing...
   📊 1,988,000 foods (6/s) | I:458300 U:0 S:1529697 P:0 E:3 | fdc:2745598 ckpt:2745598
   ⚠️  UPC collision detected, falling back to row-level processing...
   📊 1,988,500 foods (6/s) | I:458364 U:0 S:1530133 P:0 E:3 | fdc:2746098 ckpt:2746098
   ⚠️  UPC collision detected, falling back to row-level processing...
   📊 1,989,000 foods (6/s) | I:458605 U:0 S:1530392 P:0 E:3 | fdc:2746598 ckpt:2746598
   ⚠️  UPC collision detected, falling back to row-level processing...

======================================================================
✅ Dataset complete: branded
======================================================================
   Skipped (checkpoint): 4,621
   Processed: 1,989,354
   Inserted: 458,607
   Updated: 0
   Skipped (UPC dupe): 1,530,744
   Promoted (provisional→USDA): 0
   Hard errors: 3
   Time: 351314.0s
   Last checkpoint: 2746952

   ⚠️  Some rows had hard errors. Check: scripts/usda/output/errors.jsonl
   💡 Re-run to retry from checkpoint: 2746952
   📄 Duplicate log: scripts/usda/output/duplicates.jsonl

🎉 Ingestion complete!
